<?xml version="1.0" encoding="UTF-8" ?>
	<!-- This is a WordPress eXtended RSS file generated by WordPress as an export of your site. -->
	<!-- It contains information about your site's posts, pages, comments, categories, and other content. -->
	<!-- You may use this file to transfer that content from one site to another. -->
	<!-- This file is not intended to serve as a complete backup of your site. -->

	<!-- To import this information into a WordPress site follow these steps: -->
	<!-- 1. Log in to that site as an administrator. -->
	<!-- 2. Go to Tools: Import in the WordPress admin panel. -->
	<!-- 3. Install the "WordPress" importer from the list. -->
	<!-- 4. Activate & Run Importer. -->
	<!-- 5. Upload this file using the form provided on that page. -->
	<!-- 6. You will first be asked to map the authors in this export file to users -->
	<!--    on the site. For each author, you may choose to map to an -->
	<!--    existing user on the site or to create a new user. -->
	<!-- 7. WordPress will then import each of the posts, pages, comments, categories, etc. -->
	<!--    contained in this file into your site. -->

	<!-- generator="WordPress/5.8.2" created="2021-11-16 09:47" -->
<rss version="2.0"
	xmlns:excerpt="http://wordpress.org/export/1.2/excerpt/"
	xmlns:content="http://purl.org/rss/1.0/modules/content/"
	xmlns:wfw="http://wellformedweb.org/CommentAPI/"
	xmlns:dc="http://purl.org/dc/elements/1.1/"
	xmlns:wp="http://wordpress.org/export/1.2/"
>

<channel>
	<title>admin</title>
	<link>http://dummy.xtemos.com/woodmart2</link>
	<description>Just another WordPress site</description>
	<pubDate>Tue, 16 Nov 2021 09:47:16 +0000</pubDate>
	<language>en-US</language>
	<wp:wxr_version>1.2</wp:wxr_version>
	<wp:base_site_url>http://dummy.xtemos.com/woodmart2/</wp:base_site_url>
	<wp:base_blog_url>http://dummy.xtemos.com/woodmart2</wp:base_blog_url>

		<wp:author><wp:author_id>2</wp:author_id><wp:author_login><![CDATA[zakhar]]></wp:author_login><wp:author_email><![CDATA[zak@asda.as]]></wp:author_email><wp:author_display_name><![CDATA[Mr. Mackay]]></wp:author_display_name><wp:author_first_name><![CDATA[sds]]></wp:author_first_name><wp:author_last_name><![CDATA[scssc]]></wp:author_last_name></wp:author>

					<wp:term>
			<wp:term_id>0</wp:term_id>
			<wp:term_taxonomy><![CDATA[]]></wp:term_taxonomy>
			<wp:term_slug><![CDATA[]]></wp:term_slug>
			<wp:term_parent><![CDATA[]]></wp:term_parent>
					</wp:term>
		
	<generator>https://wordpress.org/?v=5.8.2</generator>

					<item>
					<title><![CDATA[titles-elements-bg]]></title>
					<link>http://dummy.xtemos.com/woodmart2/infobox/titles-elements-bg/</link>
					<pubDate>Tue, 02 Nov 2021 12:32:13 +0000</pubDate>
					<dc:creator><![CDATA[zakhar]]></dc:creator>
					<guid isPermaLink="false">http://dummy.xtemos.com/woodmart2/wp-content/uploads/2021/11/titles-elements-bg.jpg</guid>
															<wp:post_id>7220</wp:post_id>
					<wp:post_date><![CDATA[2021-11-02 12:32:13]]></wp:post_date>
					<wp:post_date_gmt><![CDATA[2021-11-02 12:32:13]]></wp:post_date_gmt>
					<wp:post_modified><![CDATA[2021-11-02 12:32:13]]></wp:post_modified>
					<wp:post_modified_gmt><![CDATA[2021-11-02 12:32:13]]></wp:post_modified_gmt>
					<wp:comment_status><![CDATA[open]]></wp:comment_status>
					<wp:post_name><![CDATA[titles-elements-bg]]></wp:post_name>
					<wp:status><![CDATA[inherit]]></wp:status>
					<wp:post_parent>7195</wp:post_parent>
					<wp:menu_order>0</wp:menu_order>
					<wp:post_type><![CDATA[attachment]]></wp:post_type>
											<wp:attachment_url><![CDATA[http://dummy.xtemos.com/woodmart2/wp-content/uploads/2021/11/titles-elements-bg.jpg]]></wp:attachment_url>
																					<wp:postmeta>
							<wp:meta_key><![CDATA[_wp_attached_file]]></wp:meta_key>
							<wp:meta_value><![CDATA[2021/11/titles-elements-bg.jpg]]></wp:meta_value>
						</wp:postmeta>
										</item>
								<item>
					<title><![CDATA[Titles]]></title>
					<link>http://dummy.xtemos.com/woodmart2/titles/</link>
					<pubDate>Thu, 11 Nov 2021 13:05:46 +0000</pubDate>
					<dc:creator><![CDATA[zakhar]]></dc:creator>
					<guid isPermaLink="false">http://dummy.xtemos.com/woodmart2/?page_id=7484</guid>
											<content:encoded><![CDATA[[vc_row css=".vc_custom_1540194394401{margin-bottom: 40px !important;border-bottom-width: 1px !important;padding-bottom: 40px !important;border-bottom-color: #eaeaea !important;border-bottom-style: solid !important;}" woodmart_parallax="0" woodmart_gradient_switch="no" row_reverse_mobile="0" row_reverse_tablet="0" woodmart_disable_overflow="0"][vc_column woodmart_parallax="0" parallax_scroll="no" woodmart_sticky_column="false"][woodmart_title title="TITLE STYLE DEFAULT" subtitle="SUBTITLE TEXT" after_title="A adipiscing consectetur primis nascetur a enim dui leo a ad per mauris ac a quam convallis fames eros" css=".vc_custom_1637055903512{margin-bottom: 40px !important;}" woodmart_css_id="61937d9d02247" responsive_spacing="eyJwYXJhbV90eXBlIjoid29vZG1hcnRfcmVzcG9uc2l2ZV9zcGFjaW5nIiwic2VsZWN0b3JfaWQiOiI2MTkzN2Q5ZDAyMjQ3Iiwic2hvcnRjb2RlIjoid29vZG1hcnRfdGl0bGUiLCJkYXRhIjp7InRhYmxldCI6e30sIm1vYmlsZSI6e319fQ==" woodmart_empty_space=""][woodmart_title color="primary" style="simple" title="TITLE STYLE SIMPLE" subtitle="SUBTITLE TEXT" after_title="A adipiscing consectetur primis nascetur a enim dui leo a ad per mauris ac a quam convallis fames eros" css=".vc_custom_1637055908125{margin-bottom: 40px !important;}" woodmart_css_id="61937da1f3211" responsive_spacing="eyJwYXJhbV90eXBlIjoid29vZG1hcnRfcmVzcG9uc2l2ZV9zcGFjaW5nIiwic2VsZWN0b3JfaWQiOiI2MTkzN2RhMWYzMjExIiwic2hvcnRjb2RlIjoid29vZG1hcnRfdGl0bGUiLCJkYXRhIjp7InRhYmxldCI6e30sIm1vYmlsZSI6e319fQ==" woodmart_empty_space=""][woodmart_title style="bordered" title="TITLE STYLE BORDERED" subtitle="SUBTITLE TEXT" after_title="A adipiscing consectetur primis nascetur a enim dui leo a ad per mauris ac a quam convallis fames eros" css=".vc_custom_1637055912031{margin-bottom: 40px !important;}" woodmart_css_id="61937da66acf9" responsive_spacing="eyJwYXJhbV90eXBlIjoid29vZG1hcnRfcmVzcG9uc2l2ZV9zcGFjaW5nIiwic2VsZWN0b3JfaWQiOiI2MTkzN2RhNjZhY2Y5Iiwic2hvcnRjb2RlIjoid29vZG1hcnRfdGl0bGUiLCJkYXRhIjp7InRhYmxldCI6e30sIm1vYmlsZSI6e319fQ==" woodmart_empty_space=""][woodmart_title color="primary" style="underlined" title="TITLE STYLE UNDERLINE" subtitle="SUBTITLE TEXT" after_title="A adipiscing consectetur primis nascetur a enim dui leo a ad per mauris ac a quam convallis fames eros" css=".vc_custom_1637055916365{margin-bottom: 40px !important;}" woodmart_css_id="61937daa3219b" responsive_spacing="eyJwYXJhbV90eXBlIjoid29vZG1hcnRfcmVzcG9uc2l2ZV9zcGFjaW5nIiwic2VsZWN0b3JfaWQiOiI2MTkzN2RhYTMyMTliIiwic2hvcnRjb2RlIjoid29vZG1hcnRfdGl0bGUiLCJkYXRhIjp7InRhYmxldCI6e30sIm1vYmlsZSI6e319fQ==" woodmart_empty_space=""][woodmart_title color="primary" style="underlined-2" subtitle_font="alt" title="Title Style Underline 2" subtitle="SUBTITLE TEXT" after_title="A adipiscing consectetur primis nascetur a enim dui leo a ad per mauris ac a quam convallis fames eros" css=".vc_custom_1637055920966{margin-bottom: 40px !important;}" woodmart_css_id="61937daedfc31" responsive_spacing="eyJwYXJhbV90eXBlIjoid29vZG1hcnRfcmVzcG9uc2l2ZV9zcGFjaW5nIiwic2VsZWN0b3JfaWQiOiI2MTkzN2RhZWRmYzMxIiwic2hvcnRjb2RlIjoid29vZG1hcnRfdGl0bGUiLCJkYXRhIjp7InRhYmxldCI6e30sIm1vYmlsZSI6e319fQ==" woodmart_empty_space=""][woodmart_title style="image" image="7488" title="TITLE STYLE WITH CUSTOM DIVIDER" subtitle="SUBTITLE TEXT" after_title="A adipiscing consectetur primis nascetur a enim dui leo a ad per mauris ac a quam convallis fames eros" css=".vc_custom_1637055935704{margin-bottom: 40px !important;}" img_size="250x30" woodmart_css_id="61937dbea7de5" woodmart_empty_space="" responsive_spacing="eyJwYXJhbV90eXBlIjoid29vZG1hcnRfcmVzcG9uc2l2ZV9zcGFjaW5nIiwic2VsZWN0b3JfaWQiOiI2MTkzN2RiZWE3ZGU1Iiwic2hvcnRjb2RlIjoid29vZG1hcnRfdGl0bGUiLCJkYXRhIjp7InRhYmxldCI6e30sIm1vYmlsZSI6e319fQ=="][woodmart_title color="gradient" subtitle_font="alt" title="TITLE STYLE WITH GRADIENT" subtitle="SUBTITLE TEXT" after_title="A adipiscing consectetur primis nascetur a enim dui leo a ad per mauris ac a quam convallis fames eros" css=".vc_custom_1637055939012{margin-bottom: 40px !important;}" woodmart_color_gradient="rgb(60, 27, 59)-0/rgb(90, 55, 105)-33/rgb(46, 76, 130)-66/rgb(29, 28, 44)-100/|linear-gradient(left , rgb(60, 27, 59) , rgb(90, 55, 105) 33% , rgb(46, 76, 130) 66% , rgb(29, 28, 44) 100%)|linear|left" woodmart_css_id="61937dc1dfdb4" woodmart_empty_space="" responsive_spacing="eyJwYXJhbV90eXBlIjoid29vZG1hcnRfcmVzcG9uc2l2ZV9zcGFjaW5nIiwic2VsZWN0b3JfaWQiOiI2MTkzN2RjMWRmZGI0Iiwic2hvcnRjb2RlIjoid29vZG1hcnRfdGl0bGUiLCJkYXRhIjp7InRhYmxldCI6e30sIm1vYmlsZSI6e319fQ=="][woodmart_title style="shadow" title="TITLE STYLE SHADOW" subtitle="SUBTITLE TEXT" after_title="A adipiscing consectetur primis nascetur a enim dui leo a ad per mauris ac a quam convallis fames eros primis adipiscing venenatis urna nam enim dui leo a ad per" css=".vc_custom_1637055942959{margin-bottom: 40px !important;padding-top: 30px !important;padding-right: 30px !important;padding-bottom: 30px !important;padding-left: 30px !important;}" woodmart_css_id="61937dc51c02d" woodmart_empty_space="" responsive_spacing="eyJwYXJhbV90eXBlIjoid29vZG1hcnRfcmVzcG9uc2l2ZV9zcGFjaW5nIiwic2VsZWN0b3JfaWQiOiI2MTkzN2RjNTFjMDJkIiwic2hvcnRjb2RlIjoid29vZG1hcnRfdGl0bGUiLCJkYXRhIjp7InRhYmxldCI6e30sIm1vYmlsZSI6e319fQ=="][woodmart_title title="TITLE STYLE DOUBLE BORDER" subtitle="SUBTITLE TEXT" after_title="A adipiscing consectetur primis nascetur a enim dui leo a ad per mauris ac a quam convallis fames eros primis adipiscing venenatis urna nam enim dui leo a ad per" css=".vc_custom_1637055952984{margin-bottom: 40px !important;border-top-width: 3px !important;border-right-width: 3px !important;border-bottom-width: 3px !important;border-left-width: 3px !important;padding-top: 30px !important;padding-right: 30px !important;padding-bottom: 30px !important;padding-left: 30px !important;border-left-color: rgba(118,118,118,0.14) !important;border-left-style: double !important;border-right-color: rgba(118,118,118,0.14) !important;border-right-style: double !important;border-top-color: rgba(118,118,118,0.14) !important;border-top-style: double !important;border-bottom-color: rgba(118,118,118,0.14) !important;border-bottom-style: double !important;}" woodmart_css_id="61937dcf32fcc" woodmart_empty_space="" responsive_spacing="eyJwYXJhbV90eXBlIjoid29vZG1hcnRfcmVzcG9uc2l2ZV9zcGFjaW5nIiwic2VsZWN0b3JfaWQiOiI2MTkzN2RjZjMyZmNjIiwic2hvcnRjb2RlIjoid29vZG1hcnRfdGl0bGUiLCJkYXRhIjp7InRhYmxldCI6e30sIm1vYmlsZSI6e319fQ=="][woodmart_title title="TITLE STYLE WITH BACKGROUND" subtitle="SUBTITLE TEXT" after_title="A adipiscing consectetur primis nascetur a enim dui leo a ad per mauris ac a quam convallis fames eros primis adipiscing venenatis urna nam enim dui leo a ad per" css=".vc_custom_1637055957177{margin-bottom: 40px !important;padding-top: 30px !important;padding-right: 30px !important;padding-bottom: 30px !important;padding-left: 30px !important;background-color: #f9f9f9 !important;}" woodmart_css_id="61937dd31bfb5" woodmart_empty_space="" responsive_spacing="eyJwYXJhbV90eXBlIjoid29vZG1hcnRfcmVzcG9uc2l2ZV9zcGFjaW5nIiwic2VsZWN0b3JfaWQiOiI2MTkzN2RkMzFiZmI1Iiwic2hvcnRjb2RlIjoid29vZG1hcnRfdGl0bGUiLCJkYXRhIjp7InRhYmxldCI6e30sIm1vYmlsZSI6e319fQ=="][/vc_column][/vc_row][vc_row css=".vc_custom_1474474695379{margin-bottom: 40px !important;border-bottom-width: 1px !important;padding-bottom: 40px !important;border-bottom-color: #eaeaea !important;border-bottom-style: solid !important;}"][vc_column][woodmart_title title="TITLE STYLE DEFAULT, ALIGN CENTER" subtitle="SUBTITLE TEXT" after_title="A adipiscing consectetur primis nascetur a enim dui leo a ad per mauris ac a quam convallis fames eros" css=".vc_custom_1637055961808{margin-bottom: 40px !important;}" woodmart_css_id="61937dd7d2996" woodmart_empty_space="" responsive_spacing="eyJwYXJhbV90eXBlIjoid29vZG1hcnRfcmVzcG9uc2l2ZV9zcGFjaW5nIiwic2VsZWN0b3JfaWQiOiI2MTkzN2RkN2QyOTk2Iiwic2hvcnRjb2RlIjoid29vZG1hcnRfdGl0bGUiLCJkYXRhIjp7InRhYmxldCI6e30sIm1vYmlsZSI6e319fQ=="][vc_row_inner][vc_column_inner width="1/2"][woodmart_title align="left" title="TITLE STYLE DEFAULT, ALIGN LEFT" subtitle="SUBTITLE TEXT" after_title="A adipiscing consectetur primis nascetur a enim dui leo a ad per mauris ac a quam" css=".vc_custom_1637055965816{margin-bottom: 40px !important;}" woodmart_css_id="61937ddc06669" woodmart_empty_space="" responsive_spacing="eyJwYXJhbV90eXBlIjoid29vZG1hcnRfcmVzcG9uc2l2ZV9zcGFjaW5nIiwic2VsZWN0b3JfaWQiOiI2MTkzN2RkYzA2NjY5Iiwic2hvcnRjb2RlIjoid29vZG1hcnRfdGl0bGUiLCJkYXRhIjp7InRhYmxldCI6e30sIm1vYmlsZSI6e319fQ=="][/vc_column_inner][vc_column_inner width="1/2"][woodmart_title align="right" title="TITLE STYLE DEFAULT, ALIGN RIGHT" subtitle="SUBTITLE TEXT" after_title="A adipiscing consectetur primis nascetur a enim dui leo a ad per mauris ac a quam" css=".vc_custom_1637055971600{margin-bottom: 40px !important;}" woodmart_css_id="61937ddfbb060" woodmart_empty_space="" responsive_spacing="eyJwYXJhbV90eXBlIjoid29vZG1hcnRfcmVzcG9uc2l2ZV9zcGFjaW5nIiwic2VsZWN0b3JfaWQiOiI2MTkzN2RkZmJiMDYwIiwic2hvcnRjb2RlIjoid29vZG1hcnRfdGl0bGUiLCJkYXRhIjp7InRhYmxldCI6e30sIm1vYmlsZSI6e319fQ=="][/vc_column_inner][/vc_row_inner][/vc_column][/vc_row][vc_row css=".vc_custom_1474475425859{margin-bottom: 40px !important;}"][vc_column][woodmart_title size="small" title="TITLE SIZE SMALL, ALIGN CENTER" subtitle="SUBTITLE TEXT" after_title="A adipiscing consectetur primis nascetur a enim dui leo a ad per mauris ac a quam convallis fames eros" css=".vc_custom_1637055976432{margin-bottom: 40px !important;}" woodmart_css_id="61937de66968f" woodmart_empty_space="" responsive_spacing="eyJwYXJhbV90eXBlIjoid29vZG1hcnRfcmVzcG9uc2l2ZV9zcGFjaW5nIiwic2VsZWN0b3JfaWQiOiI2MTkzN2RlNjY5NjhmIiwic2hvcnRjb2RlIjoid29vZG1hcnRfdGl0bGUiLCJkYXRhIjp7InRhYmxldCI6e30sIm1vYmlsZSI6e319fQ=="][woodmart_title title="TITLE SIZE DEFAULT, ALIGN CENTER" subtitle="SUBTITLE TEXT" after_title="A adipiscing consectetur primis nascetur a enim dui leo a ad per mauris ac a quam convallis fames eros" css=".vc_custom_1637055980773{margin-bottom: 40px !important;}" woodmart_css_id="61937dea7feab" woodmart_empty_space="" responsive_spacing="eyJwYXJhbV90eXBlIjoid29vZG1hcnRfcmVzcG9uc2l2ZV9zcGFjaW5nIiwic2VsZWN0b3JfaWQiOiI2MTkzN2RlYTdmZWFiIiwic2hvcnRjb2RlIjoid29vZG1hcnRfdGl0bGUiLCJkYXRhIjp7InRhYmxldCI6e30sIm1vYmlsZSI6e319fQ=="][woodmart_title size="large" title="TITLE SIZE LARGE, ALIGN CENTER" subtitle="SUBTITLE TEXT" after_title="A adipiscing consectetur primis nascetur a enim dui leo a ad per mauris ac a quam convallis fames eros" css=".vc_custom_1637055985072{margin-bottom: 40px !important;}" woodmart_css_id="61937deed78a1" woodmart_empty_space="" responsive_spacing="eyJwYXJhbV90eXBlIjoid29vZG1hcnRfcmVzcG9uc2l2ZV9zcGFjaW5nIiwic2VsZWN0b3JfaWQiOiI2MTkzN2RlZWQ3OGExIiwic2hvcnRjb2RlIjoid29vZG1hcnRfdGl0bGUiLCJkYXRhIjp7InRhYmxldCI6e30sIm1vYmlsZSI6e319fQ=="][woodmart_title size="extra-large" title="TITLE SIZE EXTRA LARGE, ALIGN CENTER" subtitle="SUBTITLE TEXT" after_title="A adipiscing consectetur primis nascetur a enim dui leo a ad per mauris ac a quam convallis fames eros" css=".vc_custom_1637055989804{margin-bottom: 40px !important;}" woodmart_css_id="61937df33dfc9" woodmart_empty_space="" responsive_spacing="eyJwYXJhbV90eXBlIjoid29vZG1hcnRfcmVzcG9uc2l2ZV9zcGFjaW5nIiwic2VsZWN0b3JfaWQiOiI2MTkzN2RmMzNkZmM5Iiwic2hvcnRjb2RlIjoid29vZG1hcnRfdGl0bGUiLCJkYXRhIjp7InRhYmxldCI6e30sIm1vYmlsZSI6e319fQ=="][/vc_column][/vc_row][vc_row full_width="stretch_row" css=".vc_custom_1636636427387{margin-bottom: -40px !important;padding-top: 100px !important;padding-bottom: 100px !important;background-image: url(http://dummy.xtemos.com/woodmart2/wp-content/uploads/2021/11/titles-elements-bg.jpg?id=7220) !important;background-position: center !important;background-repeat: no-repeat !important;background-size: cover !important;}" woodmart_css_id="618d16fe4ca80" responsive_spacing="eyJwYXJhbV90eXBlIjoid29vZG1hcnRfcmVzcG9uc2l2ZV9zcGFjaW5nIiwic2VsZWN0b3JfaWQiOiI2MThkMTZmZTRjYTgwIiwic2hvcnRjb2RlIjoidmNfcm93IiwiZGF0YSI6eyJ0YWJsZXQiOnt9LCJtb2JpbGUiOnt9fX0=" mobile_bg_img_hidden="no" tablet_bg_img_hidden="no" woodmart_parallax="0" woodmart_gradient_switch="no" woodmart_box_shadow="no" wd_z_index="no" woodmart_disable_overflow="0" row_reverse_mobile="0" row_reverse_tablet="0"][vc_column woodmart_color_scheme="light" css=".vc_custom_1492068431090{padding-top: 0px !important;}"][woodmart_title color="white" title="TITLE STYLE DEFAULT, ALIGN CENTER, COLOR WHITE" subtitle="SUBTITLE TEXT" after_title="A adipiscing consectetur primis nascetur a enim dui leo a ad per mauris ac a quam convallis fames eros" css=".vc_custom_1637055994472{margin-bottom: 60px !important;}" woodmart_css_id="61937df84c855" woodmart_empty_space="" responsive_spacing="eyJwYXJhbV90eXBlIjoid29vZG1hcnRfcmVzcG9uc2l2ZV9zcGFjaW5nIiwic2VsZWN0b3JfaWQiOiI2MTkzN2RmODRjODU1Iiwic2hvcnRjb2RlIjoid29vZG1hcnRfdGl0bGUiLCJkYXRhIjp7InRhYmxldCI6e30sIm1vYmlsZSI6e319fQ=="][woodmart_title color="white" style="simple" title="TITLE STYLE SIMPLE, ALIGN CENTER, COLOR WHITE" subtitle="SUBTITLE TEXT" after_title="A adipiscing consectetur primis nascetur a enim dui leo a ad per mauris ac a quam convallis fames eros" css=".vc_custom_1637055998975{margin-bottom: 60px !important;}" woodmart_css_id="61937dfcbd58f" woodmart_empty_space="" responsive_spacing="eyJwYXJhbV90eXBlIjoid29vZG1hcnRfcmVzcG9uc2l2ZV9zcGFjaW5nIiwic2VsZWN0b3JfaWQiOiI2MTkzN2RmY2JkNThmIiwic2hvcnRjb2RlIjoid29vZG1hcnRfdGl0bGUiLCJkYXRhIjp7InRhYmxldCI6e30sIm1vYmlsZSI6e319fQ=="][woodmart_title color="white" style="underlined" title="TITLE STYLE UNDERLINE, ALIGN CENTER, COLOR WHITE" subtitle="SUBTITLE TEXT" after_title="A adipiscing consectetur primis nascetur a enim dui leo a ad per mauris ac a quam convallis fames eros" css=".vc_custom_1637056003880{margin-bottom: 60px !important;}" woodmart_css_id="61937e01e2b95" woodmart_empty_space="" responsive_spacing="eyJwYXJhbV90eXBlIjoid29vZG1hcnRfcmVzcG9uc2l2ZV9zcGFjaW5nIiwic2VsZWN0b3JfaWQiOiI2MTkzN2UwMWUyYjk1Iiwic2hvcnRjb2RlIjoid29vZG1hcnRfdGl0bGUiLCJkYXRhIjp7InRhYmxldCI6e30sIm1vYmlsZSI6e319fQ=="][woodmart_title color="white" style="underlined-2" subtitle_font="alt" title="TITLE STYLE UNDERLINE 2, ALIGN CENTER, COLOR WHITE" subtitle="SUBTITLE TEXT" after_title="A adipiscing consectetur primis nascetur a enim dui leo a ad per mauris ac a quam convallis fames eros" css=".vc_custom_1637056008212{margin-bottom: 60px !important;}" woodmart_css_id="61937e064bb60" woodmart_empty_space="" responsive_spacing="eyJwYXJhbV90eXBlIjoid29vZG1hcnRfcmVzcG9uc2l2ZV9zcGFjaW5nIiwic2VsZWN0b3JfaWQiOiI2MTkzN2UwNjRiYjYwIiwic2hvcnRjb2RlIjoid29vZG1hcnRfdGl0bGUiLCJkYXRhIjp7InRhYmxldCI6e30sIm1vYmlsZSI6e319fQ=="][woodmart_title color="gradient" subtitle_font="alt" title="TITLE STYLE WITH GRADIENT" subtitle="SUBTITLE TEXT" after_title="A adipiscing consectetur primis nascetur a enim dui leo a ad per mauris ac a quam convallis fames eros" css=".vc_custom_1637056012671{margin-bottom: 60px !important;}" woodmart_color_gradient="rgb(255, 194, 118)-0/rgb(255, 65, 131)-100/|linear-gradient(left , rgb(255, 194, 118) , rgb(255, 65, 131) 100%)|linear|left" woodmart_css_id="61937e0ac7f57" woodmart_empty_space="" responsive_spacing="eyJwYXJhbV90eXBlIjoid29vZG1hcnRfcmVzcG9uc2l2ZV9zcGFjaW5nIiwic2VsZWN0b3JfaWQiOiI2MTkzN2UwYWM3ZjU3Iiwic2hvcnRjb2RlIjoid29vZG1hcnRfdGl0bGUiLCJkYXRhIjp7InRhYmxldCI6e30sIm1vYmlsZSI6e319fQ=="][woodmart_title color="white" style="bordered" title="TITLE STYLE BORDERED, ALIGN CENTER, COLOR WHITE" subtitle="SUBTITLE TEXT" after_title="A adipiscing consectetur primis nascetur a enim dui leo a ad per mauris ac a quam convallis fames eros" css=".vc_custom_1637056016669{margin-bottom: 0px !important;}" woodmart_css_id="61937e0eb66ad" woodmart_empty_space="" responsive_spacing="eyJwYXJhbV90eXBlIjoid29vZG1hcnRfcmVzcG9uc2l2ZV9zcGFjaW5nIiwic2VsZWN0b3JfaWQiOiI2MTkzN2UwZWI2NmFkIiwic2hvcnRjb2RlIjoid29vZG1hcnRfdGl0bGUiLCJkYXRhIjp7InRhYmxldCI6e30sIm1vYmlsZSI6e319fQ=="][/vc_column][/vc_row]]]></content:encoded>
															<wp:post_id>7484</wp:post_id>
					<wp:post_date><![CDATA[2021-11-11 13:05:46]]></wp:post_date>
					<wp:post_date_gmt><![CDATA[2021-11-11 13:05:46]]></wp:post_date_gmt>
					<wp:post_modified><![CDATA[2021-11-16 09:46:58]]></wp:post_modified>
					<wp:post_modified_gmt><![CDATA[2021-11-16 09:46:58]]></wp:post_modified_gmt>
					<wp:comment_status><![CDATA[closed]]></wp:comment_status>
					<wp:post_name><![CDATA[titles]]></wp:post_name>
					<wp:status><![CDATA[publish]]></wp:status>
					<wp:post_parent>0</wp:post_parent>
					<wp:menu_order>0</wp:menu_order>
					<wp:post_type><![CDATA[page]]></wp:post_type>
																					<wp:postmeta>
							<wp:meta_key><![CDATA[_woodmart_whb_header]]></wp:meta_key>
							<wp:meta_value><![CDATA[none]]></wp:meta_value>
						</wp:postmeta>
												<wp:postmeta>
							<wp:meta_key><![CDATA[_woodmart_title_image]]></wp:meta_key>
							<wp:meta_value><![CDATA[a:2:{s:3:"url";s:0:"";s:2:"id";s:0:"";}]]></wp:meta_value>
						</wp:postmeta>
												<wp:postmeta>
							<wp:meta_key><![CDATA[_woodmart_page-title-size]]></wp:meta_key>
							<wp:meta_value><![CDATA[inherit]]></wp:meta_value>
						</wp:postmeta>
												<wp:postmeta>
							<wp:meta_key><![CDATA[_woodmart_main_layout]]></wp:meta_key>
							<wp:meta_value><![CDATA[full-width]]></wp:meta_value>
						</wp:postmeta>
												<wp:postmeta>
							<wp:meta_key><![CDATA[_wp_page_template]]></wp:meta_key>
							<wp:meta_value><![CDATA[default]]></wp:meta_value>
						</wp:postmeta>
												<wp:postmeta>
							<wp:meta_key><![CDATA[_wpb_shortcodes_custom_css]]></wp:meta_key>
							<wp:meta_value><![CDATA[.vc_custom_1540194394401{margin-bottom: 40px !important;border-bottom-width: 1px !important;padding-bottom: 40px !important;border-bottom-color: #eaeaea !important;border-bottom-style: solid !important;}.vc_custom_1474474695379{margin-bottom: 40px !important;border-bottom-width: 1px !important;padding-bottom: 40px !important;border-bottom-color: #eaeaea !important;border-bottom-style: solid !important;}.vc_custom_1474475425859{margin-bottom: 40px !important;}.vc_custom_1636636427387{margin-bottom: -40px !important;padding-top: 100px !important;padding-bottom: 100px !important;background-image: url(http://dummy.xtemos.com/woodmart2/wp-content/uploads/2021/11/titles-elements-bg.jpg?id=7220) !important;background-position: center !important;background-repeat: no-repeat !important;background-size: cover !important;}.vc_custom_1637055903512{margin-bottom: 40px !important;}.vc_custom_1637055908125{margin-bottom: 40px !important;}.vc_custom_1637055912031{margin-bottom: 40px !important;}.vc_custom_1637055916365{margin-bottom: 40px !important;}.vc_custom_1637055920966{margin-bottom: 40px !important;}.vc_custom_1637055935704{margin-bottom: 40px !important;}.vc_custom_1637055939012{margin-bottom: 40px !important;}.vc_custom_1637055942959{margin-bottom: 40px !important;padding-top: 30px !important;padding-right: 30px !important;padding-bottom: 30px !important;padding-left: 30px !important;}.vc_custom_1637055952984{margin-bottom: 40px !important;border-top-width: 3px !important;border-right-width: 3px !important;border-bottom-width: 3px !important;border-left-width: 3px !important;padding-top: 30px !important;padding-right: 30px !important;padding-bottom: 30px !important;padding-left: 30px !important;border-left-color: rgba(118,118,118,0.14) !important;border-left-style: double !important;border-right-color: rgba(118,118,118,0.14) !important;border-right-style: double !important;border-top-color: rgba(118,118,118,0.14) !important;border-top-style: double !important;border-bottom-color: rgba(118,118,118,0.14) !important;border-bottom-style: double !important;}.vc_custom_1637055957177{margin-bottom: 40px !important;padding-top: 30px !important;padding-right: 30px !important;padding-bottom: 30px !important;padding-left: 30px !important;background-color: #f9f9f9 !important;}.vc_custom_1637055961808{margin-bottom: 40px !important;}.vc_custom_1637055965816{margin-bottom: 40px !important;}.vc_custom_1637055971600{margin-bottom: 40px !important;}.vc_custom_1637055976432{margin-bottom: 40px !important;}.vc_custom_1637055980773{margin-bottom: 40px !important;}.vc_custom_1637055985072{margin-bottom: 40px !important;}.vc_custom_1637055989804{margin-bottom: 40px !important;}.vc_custom_1492068431090{padding-top: 0px !important;}.vc_custom_1637055994472{margin-bottom: 60px !important;}.vc_custom_1637055998975{margin-bottom: 60px !important;}.vc_custom_1637056003880{margin-bottom: 60px !important;}.vc_custom_1637056008212{margin-bottom: 60px !important;}.vc_custom_1637056012671{margin-bottom: 60px !important;}.vc_custom_1637056016669{margin-bottom: 0px !important;}]]></wp:meta_value>
						</wp:postmeta>
										</item>
								<item>
					<title><![CDATA[titles-custom-divider]]></title>
					<link>http://dummy.xtemos.com/woodmart2/titles-custom-divider/</link>
					<pubDate>Thu, 11 Nov 2021 13:11:05 +0000</pubDate>
					<dc:creator><![CDATA[zakhar]]></dc:creator>
					<guid isPermaLink="false">http://dummy.xtemos.com/woodmart2/wp-content/uploads/2021/11/titles-custom-divider.svg</guid>
															<wp:post_id>7488</wp:post_id>
					<wp:post_date><![CDATA[2021-11-11 13:11:05]]></wp:post_date>
					<wp:post_date_gmt><![CDATA[2021-11-11 13:11:05]]></wp:post_date_gmt>
					<wp:post_modified><![CDATA[2021-11-11 13:11:05]]></wp:post_modified>
					<wp:post_modified_gmt><![CDATA[2021-11-11 13:11:05]]></wp:post_modified_gmt>
					<wp:comment_status><![CDATA[open]]></wp:comment_status>
					<wp:post_name><![CDATA[titles-custom-divider]]></wp:post_name>
					<wp:status><![CDATA[inherit]]></wp:status>
					<wp:post_parent>0</wp:post_parent>
					<wp:menu_order>0</wp:menu_order>
					<wp:post_type><![CDATA[attachment]]></wp:post_type>
											<wp:attachment_url><![CDATA[http://dummy.xtemos.com/woodmart2/wp-content/uploads/2021/11/titles-custom-divider.svg]]></wp:attachment_url>
																					<wp:postmeta>
							<wp:meta_key><![CDATA[_wp_attached_file]]></wp:meta_key>
							<wp:meta_value><![CDATA[2021/11/titles-custom-divider.svg]]></wp:meta_value>
						</wp:postmeta>
										</item>
				</channel>
</rss>
	