<?xml version="1.0" encoding="UTF-8" ?>
	<!-- This is a WordPress eXtended RSS file generated by WordPress as an export of your site. -->
	<!-- It contains information about your site's posts, pages, comments, categories, and other content. -->
	<!-- You may use this file to transfer that content from one site to another. -->
	<!-- This file is not intended to serve as a complete backup of your site. -->

	<!-- To import this information into a WordPress site follow these steps: -->
	<!-- 1. Log in to that site as an administrator. -->
	<!-- 2. Go to Tools: Import in the WordPress admin panel. -->
	<!-- 3. Install the "WordPress" importer from the list. -->
	<!-- 4. Activate & Run Importer. -->
	<!-- 5. Upload this file using the form provided on that page. -->
	<!-- 6. You will first be asked to map the authors in this export file to users -->
	<!--    on the site. For each author, you may choose to map to an -->
	<!--    existing user on the site or to create a new user. -->
	<!-- 7. WordPress will then import each of the posts, pages, comments, categories, etc. -->
	<!--    contained in this file into your site. -->

	<!-- generator="WordPress/6.2.3" created="2024-01-15 12:17" -->
<rss version="2.0"
	xmlns:excerpt="http://wordpress.org/export/1.2/excerpt/"
	xmlns:content="http://purl.org/rss/1.0/modules/content/"
	xmlns:wfw="http://wellformedweb.org/CommentAPI/"
	xmlns:dc="http://purl.org/dc/elements/1.1/"
	xmlns:wp="http://wordpress.org/export/1.2/"
>

<channel>
	<title>Elementor 2.0 WoodMart dummy</title>
	<link>https://dummy.xtemos.com/woodmart2/elementor</link>
	<description>Just another WoodMart Dummy 2.0 Sites site</description>
	<pubDate>Mon, 15 Jan 2024 12:17:21 +0000</pubDate>
	<language>en-US</language>
	<wp:wxr_version>1.2</wp:wxr_version>
	<wp:base_site_url>https://dummy.xtemos.com/woodmart2/</wp:base_site_url>
	<wp:base_blog_url>https://dummy.xtemos.com/woodmart2/elementor</wp:base_blog_url>

		<wp:author><wp:author_id>2</wp:author_id><wp:author_login><![CDATA[zakhar]]></wp:author_login><wp:author_email><![CDATA[zak@asda.as]]></wp:author_email><wp:author_display_name><![CDATA[Mr. Mackay]]></wp:author_display_name><wp:author_first_name><![CDATA[sds]]></wp:author_first_name><wp:author_last_name><![CDATA[scssc]]></wp:author_last_name></wp:author>

					<wp:term>
			<wp:term_id>0</wp:term_id>
			<wp:term_taxonomy><![CDATA[]]></wp:term_taxonomy>
			<wp:term_slug><![CDATA[]]></wp:term_slug>
			<wp:term_parent><![CDATA[]]></wp:term_parent>
					</wp:term>
		
	<generator>https://wordpress.org/?v=6.2.3</generator>

					<item>
					<title><![CDATA[Titles]]></title>
					<link>https://dummy.xtemos.com/woodmart2/elementor/titles/</link>
					<pubDate>Tue, 16 Nov 2021 10:19:30 +0000</pubDate>
					<dc:creator><![CDATA[zakhar]]></dc:creator>
					<guid isPermaLink="false">http://dummy.xtemos.com/woodmart2/elementor/?page_id=10285</guid>
											<content:encoded><![CDATA[<link rel="stylesheet" id="wd-section-title-css" href="https://dummy.xtemos.com/woodmart2/elementor/wp-content/themes/woodmart/css/parts/el-section-title.min.css?ver=7.4.0" type="text/css" media="all" /> 					
					SUBTITLE TEXT				
				<h4>TITLE STYLE DEFAULT</h4> 
					A adipiscing consectetur primis nascetur a enim dui leo a ad per mauris ac a quam convallis fames eros				
						<link rel="stylesheet" id="wd-section-title-style-simple-and-brd-css" href="https://dummy.xtemos.com/woodmart2/elementor/wp-content/themes/woodmart/css/parts/el-section-title-style-simple-and-brd.min.css?ver=7.4.0" type="text/css" media="all" /> 					
					SUBTITLE TEXT				
				<h4><strong>TITLE STYLE SIMPLE</strong></h4> 
					A adipiscing consectetur primis nascetur a enim dui leo a ad per mauris ac a quam convallis fames eros				
					SUBTITLE TEXT				
				<h4>TITLE STYLE BORDERED</h4> 
					A adipiscing consectetur primis nascetur a enim dui leo a ad per mauris ac a quam convallis fames eros				
						<link rel="stylesheet" id="wd-section-title-style-under-and-over-css" href="https://dummy.xtemos.com/woodmart2/elementor/wp-content/themes/woodmart/css/parts/el-section-title-style-under-and-over.min.css?ver=7.4.0" type="text/css" media="all" /> 					
					SUBTITLE TEXT				
				<h4>TITLE STYLE UNDERLINE</h4> 
					A adipiscing consectetur primis nascetur a enim dui leo a ad per mauris ac a quam convallis fames eros				
					SUBTITLE TEXT				
				<h4>Title Style Underline 2</h4> 
					A adipiscing consectetur primis nascetur a enim dui leo a ad per mauris ac a quam convallis fames eros				
					SUBTITLE TEXT				
				<h4>TITLE STYLE WITH CUSTOM DIVIDER</h4> 
									<svg id="7034" xmlns="http://www.w3.org/2000/svg" version="1.1" viewBox="0 0 2641.465 318.75" xml:space="preserve"> <path d="m1742.1 193.97c-8.155 0.553-8.818 14.018-1.059 15.756 7.902 1.975 16.151 0.774 24.195 1.027 268.66-0.016 537.31-0.016 805.97 0 7.68-0.19 15.487 0.758 23.057-0.759 3.856-0.743 6.542-4.551 6.495-8.344-0.095-5.547-5.452-8.613-10.541-8.107-272.88 0.047-545.77 0-818.66 0.031-9.798 0.254-19.675-0.726-29.457 0.396z"></path> <path d="m899.39 193.97c8.155 0.553 8.818 14.018 1.059 15.756-7.902 1.975-16.151 0.774-24.195 1.027-268.66-0.016-537.31-0.016-805.97 0-7.68-0.19-15.487 0.758-23.057-0.759-3.856-0.743-6.542-4.551-6.495-8.344 0.095-5.547 5.452-8.613 10.541-8.107 272.88 0.047 545.77 0 818.66 0.031 9.798 0.254 19.675-0.726 29.457 0.396z"></path> <path d="m1686 201.38c-0.743 12.169 12.943 22.757 24.448 17.969 9.166-2.845 14.35-13.117 11.805-22.251-1.849-7.017-8.233-12.88-15.614-13.275-10.383-1.818-20.718 7.048-20.639 17.557zm27.735-2.386c2.781 6.4-4.488 14.176-11.141 12.564-4.488-0.996-8.076-5.373-7.933-10.003 0.458-4.757 4.536-8.676 9.071-9.592 4.329 0.03 8.581 2.89 10.003 7.031z"></path> <path d="m955.45 201.38c0.743 12.169-12.943 22.757-24.448 17.969-9.166-2.845-14.35-13.117-11.805-22.251 1.849-7.017 8.233-12.88 15.614-13.275 10.383-1.818 20.718 7.048 20.639 17.557zm-27.735-2.386c-2.781 6.4 4.488 14.176 11.141 12.564 4.488-0.996 8.076-5.373 7.933-10.003-0.458-4.757-4.536-8.676-9.071-9.592-4.329 0.03-8.581 2.89-10.003 7.031z"></path> <path d="m1320.7 237.4c4.371-0.255 8.733-0.635 13.076-1.14 48.453-4.931 94.441-23.974 135.8-49.085 20.544-12.248 38.845-27.845 59.326-40.204 20.323-12.406 43.127-22.077 67.212-22.82 26.044 0.49 51.298 16.056 63.213 39.255 9.071 17.463 9.925 38.371 4.804 57.161-3.003 11.695-8.36 23.184-17.399 31.433-8.518 7.743-20.228 11.426-31.654 11.015-15.456 0.442-32.223-5.705-40.694-19.264-9.751-15.092-5.784-38.276 10.193-47.489 11.22-6.653 25.349-4.757 36.632 0.695 5.484 2.544 6.795 9.055 10.857 13.085 1.264-4.156 2.876-8.55 1.596-12.864-1.849-6.827-7.286-12.137-13.417-15.361-9.466-5.184-20.876-5.816-31.259-3.414-14.681 3.572-26.455 16.325-29.236 31.117-1.896 10.92-0.616 22.709 5.294 32.27 7.886 13.702 23.531 21.461 38.908 22.773 11.173 0.268 22.725 1.011 33.408-2.971 16.246-5.373 29.015-19.027 34.578-35.052 6.306-18.3 6.59-38.702 0.379-57.066-7.791-23.231-27.214-41.673-50.223-49.686-12.089-4.788-25.396-4.425-38.133-3.366-30.643 4.694-57.619 21.477-82.019 39.73-15.329 11.726-30.991 23.073-47.694 32.823-40.599 23.794-86.317 41.083-133.54 43.728-47.228-2.644-92.947-19.933-133.54-43.728-16.704-9.751-32.365-21.098-47.694-32.823-24.4-18.253-51.376-35.036-82.019-39.73-12.738-1.059-26.044-1.422-38.134 3.366-23.01 8.012-42.432 26.455-50.223 49.686-6.211 18.364-5.926 38.766 0.379 57.066 5.563 16.025 18.332 29.679 34.578 35.052 10.683 3.983 22.235 3.24 33.408 2.971 15.377-1.312 31.022-9.071 38.908-22.773 5.91-9.561 7.191-21.35 5.294-32.27-2.781-14.792-14.555-27.545-29.236-31.117-10.383-2.402-21.793-1.77-31.259 3.414-6.132 3.224-11.568 8.534-13.417 15.361-1.28 4.314 0.332 8.708 1.596 12.864 4.062-4.03 5.373-10.541 10.857-13.085 11.284-5.452 25.412-7.348 36.632-0.695 15.977 9.213 19.944 32.397 10.193 47.489-8.471 13.559-25.238 19.706-40.694 19.264-11.426 0.411-23.136-3.272-31.654-11.015-9.039-8.249-14.397-19.738-17.399-31.433-5.12-18.79-4.267-39.698 4.804-57.161 11.916-23.199 37.169-38.766 63.213-39.255 24.084 0.743 46.889 10.414 67.212 22.82 20.481 12.358 38.782 27.956 59.326 40.204 41.357 25.111 87.345 44.154 135.8 49.085 4.343 0.505 8.704 0.885 13.075 1.14zm0-16.381c23.825-0.755 48.012-9.056 64.959-26.211 14.539-15.14 24.495-34.23 40.441-48.09 8.076-7.601 17.716-13.101 26.834-19.264-9.751-0.901-19.296-3.461-29.094-3.998-14.871-0.158-30.295 0.427-44.012 6.827-20.339 9.15-34.847 27.419-55.201 36.506-1.296 0.53-2.605 1.027-3.926 1.493-1.321-0.466-2.63-0.964-3.926-1.493-20.355-9.087-34.862-27.355-55.201-36.506-13.717-6.401-29.141-6.985-44.012-6.827-9.798 0.537-19.343 3.097-29.094 3.998 9.119 6.163 18.758 11.663 26.834 19.264 15.945 13.859 25.901 32.95 40.441 48.09 16.945 17.155 41.132 25.455 64.957 26.211zm0-42.074c6.04-1.938 11.825-4.583 17.09-8.174 18.158-11.6 31.038-30.516 51.361-38.813 18.174-6.716 38.228-7.933 56.987-2.908-13.259 8.455-26.186 17.668-36.996 29.189-14.745 15.772-28.035 34.372-48.564 43.112-12.601 5.464-26.157 8.587-39.879 9.44-13.721-0.853-27.278-3.975-39.879-9.44-20.529-8.739-33.819-27.34-48.564-43.112-10.81-11.521-23.737-20.734-36.996-29.189 18.759-5.025 38.813-3.809 56.987 2.908 20.323 8.297 33.203 27.213 51.361 38.813 5.267 3.592 11.053 6.237 17.092 8.174zm0-16.967c11.662-8.17 20.736-20.059 25.671-33.433 7.286-19.659 6.416-43.839-7.269-60.558-4.911-6.165-11.296-10.88-18.402-14.036-7.106 3.156-13.491 7.87-18.402 14.036-13.686 16.72-14.555 40.899-7.269 60.558 4.936 13.373 14.009 25.263 25.671 33.433zm0-104.06c8.436 4.271 15.62 10.925 19.982 19.437 6.084 10.73 6.701 23.5 5.405 35.51-2.426 16.99-11.841 32.882-25.387 43.352-13.546-10.47-22.961-26.362-25.387-43.352-1.296-12.01-0.679-24.78 5.405-35.51 4.362-8.512 11.546-15.166 19.982-19.437z"></path> <path d="m1529.3 230.48c-3.145-7.617-10.588-12.152-17.304-16.277-21.745-12.437-48.532-12.011-71.921-4.789-12.532 4.03-25.175 8.803-35.684 16.957 31.212-0.806 59.263 14.681 89.178 20.892 9.166 1.691 18.948 1.422 27.624-2.149 5.579-2.197 10.509-8.502 8.107-14.634zm-33.582 7.57c-26.692-4.804-52.531-15.74-80.044-14.95 17.225-6.543 35.605-10.841 54.095-10.636 18.648 0.727 38.671 6.669 50.792 21.682-7.38 4.552-16.42 5.216-24.843 3.904z"></path> <path d="m1112.2 230.48c3.145-7.617 10.588-12.152 17.304-16.277 21.745-12.437 48.532-12.011 71.921-4.789 12.532 4.03 25.175 8.803 35.684 16.957-31.212-0.806-59.263 14.681-89.178 20.892-9.166 1.691-18.948 1.422-27.624-2.149-5.579-2.197-10.51-8.502-8.107-14.634zm33.582 7.57c26.692-4.804 52.531-15.74 80.044-14.95-17.225-6.543-35.605-10.841-54.095-10.636-18.648 0.727-38.671 6.669-50.792 21.682 7.38 4.552 16.419 5.216 24.843 3.904z"></path> </svg> 							
					A adipiscing consectetur primis nascetur a enim dui leo a ad per mauris ac a quam convallis fames eros				
					SUBTITLE TEXT				
				<h4>TITLE STYLE WITH GRADIENT</h4> 
					A adipiscing consectetur primis nascetur a enim dui leo a ad per mauris ac a quam convallis fames eros				
						<link rel="stylesheet" id="wd-mod-highlighted-text-css" href="https://dummy.xtemos.com/woodmart2/elementor/wp-content/themes/woodmart/css/parts/mod-highlighted-text.min.css?ver=7.4.0" type="text/css" media="all" /> 					
					SUBTITLE TEXT				
				<h4>HIGHLIGHT TITLE STYLE <u>PRIMARY COLOR</u></h4> 
					A adipiscing consectetur primis nascetur a enim dui leo a ad per mauris ac a quam convallis fames eros				
					SUBTITLE TEXT				
				<h4>HIGHLIGHT TITLE STYLE <u>BORDERED</u></h4> 
					A adipiscing consectetur primis nascetur a enim dui leo a ad per mauris ac a quam convallis fames eros				
					SUBTITLE TEXT				
				<h4>TITLE STYLE SHADOW</h4> 
					A adipiscing consectetur primis nascetur a enim dui leo a ad per mauris ac a quam convallis fames eros primis adipiscing venenatis urna nam enim dui leo a ad per 				
					SUBTITLE TEXT				
				<h4>TITLE STYLE DOUBLE BORDER</h4> 
					A adipiscing consectetur primis nascetur a enim dui leo a ad per mauris ac a quam convallis fames eros primis adipiscing venenatis urna nam enim dui leo a ad per 				
					SUBTITLE TEXT				
				<h4>TITLE STYLE WITH BACKGROUND</h4> 
					A adipiscing consectetur primis nascetur a enim dui leo a ad per mauris ac a quam convallis fames eros primis adipiscing venenatis urna nam enim dui leo a ad per 				
					SUBTITLE TEXT				
				<h4>TITLE STYLE DEFAULT, ALIGN CENTER</h4> 
					A adipiscing consectetur primis nascetur a enim dui leo a ad per mauris ac a quam convallis fames eros				
					SUBTITLE TEXT				
				<h4>TITLE STYLE DEFAULT, ALIGN LEFT</h4> 
					A adipiscing consectetur primis nascetur a enim dui leo a ad per mauris ac a quam 				
					SUBTITLE TEXT				
				<h4>TITLE STYLE DEFAULT, ALIGN RIGHT</h4> 
					A adipiscing consectetur primis nascetur a enim dui leo a ad per mauris ac a quam 				
					SUBTITLE TEXT				
				<h4>TITLE SIZE SMALL, ALIGN CENTER</h4> 
					A adipiscing consectetur primis nascetur a enim dui leo a ad per mauris ac a quam convallis fames eros				
					SUBTITLE TEXT				
				<h4>TITLE SIZE DEFAULT, ALIGN CENTER</h4> 
					A adipiscing consectetur primis nascetur a enim dui leo a ad per mauris ac a quam convallis fames eros				
					SUBTITLE TEXT				
				<h4>TITLE SIZE LARGE, ALIGN CENTER</h4> 
					A adipiscing consectetur primis nascetur a enim dui leo a ad per mauris ac a quam convallis fames eros				
					SUBTITLE TEXT				
				<h4>TITLE SIZE EXTRA LARGE, ALIGN CENTER</h4> 
					A adipiscing consectetur primis nascetur a enim dui leo a ad per mauris ac a quam convallis fames eros				
					SUBTITLE TEXT				
				<h4>TITLE STYLE DEFAULT, ALIGN CENTER, COLOR WHITE</h4> 
					A adipiscing consectetur primis nascetur a enim dui leo a ad per mauris ac a quam convallis fames eros				
					SUBTITLE TEXT				
				<h4>TITLE STYLE SIMPLE, ALIGN CENTER, COLOR WHITE</h4> 
					A adipiscing consectetur primis nascetur a enim dui leo a ad per mauris ac a quam convallis fames eros				
					SUBTITLE TEXT				
				<h4>TITLE STYLE UNDERLINE, ALIGN CENTER, COLOR WHITE</h4> 
					A adipiscing consectetur primis nascetur a enim dui leo a ad per mauris ac a quam convallis fames eros				
					SUBTITLE TEXT				
				<h4>TITLE STYLE UNDERLINE 2, ALIGN CENTER, COLOR WHITE</h4> 
					A adipiscing consectetur primis nascetur a enim dui leo a ad per mauris ac a quam convallis fames eros				
					SUBTITLE TEXT				
				<h4>TITLE STYLE WITH GRADIENT</h4> 
					A adipiscing consectetur primis nascetur a enim dui leo a ad per mauris ac a quam convallis fames eros				
					SUBTITLE TEXT				
				<h4>TITLE STYLE BORDERED, ALIGN CENTER, COLOR WHITE</h4> 
					A adipiscing consectetur primis nascetur a enim dui leo a ad per mauris ac a quam convallis fames eros]]></content:encoded>
															<wp:post_id>10285</wp:post_id>
					<wp:post_date><![CDATA[2021-11-16 10:19:30]]></wp:post_date>
					<wp:post_date_gmt><![CDATA[2021-11-16 10:19:30]]></wp:post_date_gmt>
					<wp:post_modified><![CDATA[2024-01-15 12:16:46]]></wp:post_modified>
					<wp:post_modified_gmt><![CDATA[2024-01-15 12:16:46]]></wp:post_modified_gmt>
					<wp:comment_status><![CDATA[closed]]></wp:comment_status>
					<wp:post_name><![CDATA[titles]]></wp:post_name>
					<wp:status><![CDATA[publish]]></wp:status>
					<wp:post_parent>0</wp:post_parent>
					<wp:menu_order>0</wp:menu_order>
					<wp:post_type><![CDATA[page]]></wp:post_type>
																					<wp:postmeta>
							<wp:meta_key><![CDATA[_woodmart_whb_header]]></wp:meta_key>
							<wp:meta_value><![CDATA[none]]></wp:meta_value>
						</wp:postmeta>
												<wp:postmeta>
							<wp:meta_key><![CDATA[_woodmart_title_image]]></wp:meta_key>
							<wp:meta_value><![CDATA[a:2:{s:3:"url";s:0:"";s:2:"id";s:0:"";}]]></wp:meta_value>
						</wp:postmeta>
												<wp:postmeta>
							<wp:meta_key><![CDATA[_woodmart_page-title-size]]></wp:meta_key>
							<wp:meta_value><![CDATA[inherit]]></wp:meta_value>
						</wp:postmeta>
												<wp:postmeta>
							<wp:meta_key><![CDATA[_woodmart_main_layout]]></wp:meta_key>
							<wp:meta_value><![CDATA[full-width]]></wp:meta_value>
						</wp:postmeta>
												<wp:postmeta>
							<wp:meta_key><![CDATA[_elementor_edit_mode]]></wp:meta_key>
							<wp:meta_value><![CDATA[builder]]></wp:meta_value>
						</wp:postmeta>
												<wp:postmeta>
							<wp:meta_key><![CDATA[_elementor_template_type]]></wp:meta_key>
							<wp:meta_value><![CDATA[wp-page]]></wp:meta_value>
						</wp:postmeta>
												<wp:postmeta>
							<wp:meta_key><![CDATA[_elementor_version]]></wp:meta_key>
							<wp:meta_value><![CDATA[3.18.3]]></wp:meta_value>
						</wp:postmeta>
												<wp:postmeta>
							<wp:meta_key><![CDATA[_wp_page_template]]></wp:meta_key>
							<wp:meta_value><![CDATA[default]]></wp:meta_value>
						</wp:postmeta>
												<wp:postmeta>
							<wp:meta_key><![CDATA[_elementor_data]]></wp:meta_key>
							<wp:meta_value><![CDATA[[{"id":"3019542","elType":"container","settings":{"margin":{"top":"40","left":"0","right":"0","bottom":"80","unit":"px","isLinked":""},"padding":{"top":"0","left":"0","right":"0","bottom":"80","unit":"px","isLinked":false},"border_width":{"top":"0","left":"0","right":"0","bottom":"1","unit":"px","isLinked":""},"border_border":"solid","border_color":"#eaeaea","margin_tablet":{"unit":"px","top":"0","right":"0","bottom":"60","left":"0","isLinked":false},"flex_gap":{"size":40,"column":"40","row":"40","unit":"px","isLinked":true},"padding_tablet":{"unit":"px","top":"0","right":"0","bottom":"60","left":"0","isLinked":false},"container_sticky_offset":50,"scroll_y":-80},"elements":[{"id":"511d595","elType":"widget","settings":{"subtitle":"SUBTITLE TEXT","after_title":"A adipiscing consectetur primis nascetur a enim dui leo a ad per mauris ac a quam convallis fames eros","image_size":"custom","title":"TITLE STYLE DEFAULT","scroll_y":"-80"},"elements":[],"widgetType":"wd_title"},{"id":"23a9fd7","elType":"widget","settings":{"subtitle":"SUBTITLE TEXT","after_title":"A adipiscing consectetur primis nascetur a enim dui leo a ad per mauris ac a quam convallis fames eros","image_size":"custom","color":"primary","title":"<strong>TITLE STYLE SIMPLE<\/strong>","scroll_y":"-80","style":"simple"},"elements":[],"widgetType":"wd_title"},{"id":"5d1f665","elType":"widget","settings":{"subtitle":"SUBTITLE TEXT","after_title":"A adipiscing consectetur primis nascetur a enim dui leo a ad per mauris ac a quam convallis fames eros","image_size":"custom","style":"bordered","title":"TITLE STYLE BORDERED","scroll_y":"-80"},"elements":[],"widgetType":"wd_title"},{"id":"72a3561","elType":"widget","settings":{"subtitle":"SUBTITLE TEXT","after_title":"A adipiscing consectetur primis nascetur a enim dui leo a ad per mauris ac a quam convallis fames eros","image_size":"custom","color":"primary","style":"underlined","title":"TITLE STYLE UNDERLINE","scroll_y":"-80"},"elements":[],"widgetType":"wd_title"},{"id":"9dd4656","elType":"widget","settings":{"subtitle":"SUBTITLE TEXT","after_title":"A adipiscing consectetur primis nascetur a enim dui leo a ad per mauris ac a quam convallis fames eros","image_size":"custom","color":"primary","style":"underlined-2","subtitle_font":"alt","title":"Title Style Underline 2","scroll_y":"-80"},"elements":[],"widgetType":"wd_title"},{"id":"808640d","elType":"widget","settings":{"subtitle":"SUBTITLE TEXT","after_title":"A adipiscing consectetur primis nascetur a enim dui leo a ad per mauris ac a quam convallis fames eros","image_size":"custom","color":"primary","style":"image","image":{"url":"http:\/\/dummy.xtemos.com\/woodmart2\/elementor\/wp-content\/uploads\/sites\/2\/2021\/11\/titles-custom-divider.svg","id":10293,"alt":"","source":"library"},"title":"TITLE STYLE WITH CUSTOM DIVIDER","image_custom_dimension":{"width":"250","height":"30"},"scroll_y":"-80"},"elements":[],"widgetType":"wd_title"},{"id":"a613297","elType":"widget","settings":{"subtitle":"SUBTITLE TEXT","after_title":"A adipiscing consectetur primis nascetur a enim dui leo a ad per mauris ac a quam convallis fames eros","image_size":"custom","color":"gradient","subtitle_font":"alt","title":"TITLE STYLE WITH GRADIENT","woodmart_color_gradient":"rgb(60, 27, 59)-0\/rgb(90, 55, 105)-33\/rgb(46, 76, 130)-66\/rgb(29, 28, 44)-100\/|linear-gradient(left , rgb(60, 27, 59) , rgb(90, 55, 105) 33% , rgb(46, 76, 130) 66% , rgb(29, 28, 44) 100%)|linear|left","color_gradient_background":"gradient","color_gradient_color":"#3C1B3B","color_gradient_color_b":"#2E4C82","scroll_y":"-80"},"elements":[],"widgetType":"wd_title"},{"id":"e6aad01","elType":"widget","settings":{"subtitle":"SUBTITLE TEXT","after_title":"A adipiscing consectetur primis nascetur a enim dui leo a ad per mauris ac a quam convallis fames eros","image_size":"custom","subtitle_font":"alt","title":"HIGHLIGHT TITLE STYLE <u>PRIMARY COLOR<\/u>","woodmart_color_gradient":"rgb(60, 27, 59)-0\/rgb(90, 55, 105)-33\/rgb(46, 76, 130)-66\/rgb(29, 28, 44)-100\/|linear-gradient(left , rgb(60, 27, 59) , rgb(90, 55, 105) 33% , rgb(46, 76, 130) 66% , rgb(29, 28, 44) 100%)|linear|left","color_gradient_background":"gradient","color_gradient_color":"#3C1B3B","color_gradient_color_b":"#2E4C82","scroll_y":"-80","title_decoration_style":"colored"},"elements":[],"widgetType":"wd_title"},{"id":"7080468","elType":"widget","settings":{"subtitle":"SUBTITLE TEXT","after_title":"A adipiscing consectetur primis nascetur a enim dui leo a ad per mauris ac a quam convallis fames eros","image_size":"custom","subtitle_font":"alt","title":"HIGHLIGHT TITLE STYLE <u>BORDERED<\/u>","woodmart_color_gradient":"rgb(60, 27, 59)-0\/rgb(90, 55, 105)-33\/rgb(46, 76, 130)-66\/rgb(29, 28, 44)-100\/|linear-gradient(left , rgb(60, 27, 59) , rgb(90, 55, 105) 33% , rgb(46, 76, 130) 66% , rgb(29, 28, 44) 100%)|linear|left","color_gradient_background":"gradient","color_gradient_color":"#3C1B3B","color_gradient_color_b":"#2E4C82","scroll_y":"-80","title_decoration_style":"bordered"},"elements":[],"widgetType":"wd_title"},{"id":"a240ab0","elType":"widget","settings":{"subtitle":"SUBTITLE TEXT","after_title":"A adipiscing consectetur primis nascetur a enim dui leo a ad per mauris ac a quam convallis fames eros primis adipiscing venenatis urna nam enim dui leo a ad per ","image_size":"custom","style":"shadow","title":"TITLE STYLE SHADOW","scroll_y":"-80"},"elements":[],"widgetType":"wd_title"},{"id":"8778d90","elType":"widget","settings":{"subtitle":"SUBTITLE TEXT","after_title":"A adipiscing consectetur primis nascetur a enim dui leo a ad per mauris ac a quam convallis fames eros primis adipiscing venenatis urna nam enim dui leo a ad per ","image_size":"custom","title":"TITLE STYLE DOUBLE BORDER","_padding":{"top":"30","left":"30","right":"30","bottom":"30","unit":"px","isLinked":""},"_border_width":{"top":"3","left":"3","right":"3","bottom":"3","unit":"px","isLinked":""},"_border_border":"double","_border_color":"rgba(118,118,118,0.14)","scroll_y":"-80"},"elements":[],"widgetType":"wd_title"},{"id":"f3d5dfa","elType":"widget","settings":{"subtitle":"SUBTITLE TEXT","after_title":"A adipiscing consectetur primis nascetur a enim dui leo a ad per mauris ac a quam convallis fames eros primis adipiscing venenatis urna nam enim dui leo a ad per ","image_size":"custom","title":"TITLE STYLE WITH BACKGROUND","_padding":{"top":"30","left":"30","right":"30","bottom":"30","unit":"px","isLinked":""},"_background_background":"classic","_background_color":"#f9f9f9","scroll_y":"-80"},"elements":[],"widgetType":"wd_title"}],"isInner":false},{"id":"e1ab112","elType":"container","settings":{"margin":{"top":"0","left":"0","right":"0","bottom":"80","unit":"px","isLinked":""},"padding":{"top":"0","left":"0","right":"0","bottom":"80","unit":"px","isLinked":false},"border_width":{"top":"0","left":"0","right":"0","bottom":"1","unit":"px","isLinked":""},"border_border":"solid","border_color":"#eaeaea","flex_gap":{"size":40,"column":"40","row":"40","unit":"px","isLinked":true},"margin_tablet":{"unit":"px","top":"0","right":"0","bottom":"60","left":"0","isLinked":false},"padding_tablet":{"unit":"px","top":"0","right":"0","bottom":"60","left":"0","isLinked":false},"container_sticky_offset":50,"scroll_y":-80},"elements":[{"id":"cba8911","elType":"widget","settings":{"subtitle":"SUBTITLE TEXT","after_title":"A adipiscing consectetur primis nascetur a enim dui leo a ad per mauris ac a quam convallis fames eros","image_size":"custom","title":"TITLE STYLE DEFAULT, ALIGN CENTER","scroll_y":"-80"},"elements":[],"widgetType":"wd_title"},{"id":"9d404fe","elType":"container","settings":{"flex_direction":"row","flex_gap":{"size":30,"column":"30","row":"40","unit":"px","isLinked":false},"content_width":"full","flex_direction_mobile":"column","container_sticky_offset":50,"scroll_y":-80},"elements":[{"id":"cddb1d3","elType":"container","settings":{"_column_size":"50","column_sticky_offset":"50","scroll_y":"-80","content_width":"full","width":{"unit":"%","size":50,"sizes":[]},"container_sticky_offset":50},"elements":[{"id":"0d75e4b","elType":"widget","settings":{"subtitle":"SUBTITLE TEXT","after_title":"A adipiscing consectetur primis nascetur a enim dui leo a ad per mauris ac a quam ","image_size":"custom","align":"left","title":"TITLE STYLE DEFAULT, ALIGN LEFT","scroll_y":"-80"},"elements":[],"widgetType":"wd_title"}],"isInner":true},{"id":"12d025a","elType":"container","settings":{"_column_size":"50","column_sticky_offset":"50","scroll_y":"-80","content_width":"full","width":{"unit":"%","size":50,"sizes":[]},"container_sticky_offset":50},"elements":[{"id":"3fa99a4","elType":"widget","settings":{"subtitle":"SUBTITLE TEXT","after_title":"A adipiscing consectetur primis nascetur a enim dui leo a ad per mauris ac a quam ","image_size":"custom","align":"right","title":"TITLE STYLE DEFAULT, ALIGN RIGHT","scroll_y":"-80"},"elements":[],"widgetType":"wd_title"}],"isInner":true}],"isInner":true}],"isInner":false},{"id":"a3e8e71","elType":"container","settings":{"margin":{"top":"0","left":"0","right":"0","bottom":"80","unit":"px","isLinked":""},"flex_gap":{"size":40,"column":"40","row":"40","unit":"px","isLinked":true},"margin_tablet":{"unit":"px","top":"0","right":"0","bottom":"60","left":"0","isLinked":false},"container_sticky_offset":50,"scroll_y":-80},"elements":[{"id":"b1d14b3","elType":"widget","settings":{"subtitle":"SUBTITLE TEXT","after_title":"A adipiscing consectetur primis nascetur a enim dui leo a ad per mauris ac a quam convallis fames eros","image_size":"custom","size":"small","title":"TITLE SIZE SMALL, ALIGN CENTER","scroll_y":"-80"},"elements":[],"widgetType":"wd_title"},{"id":"14425a5","elType":"widget","settings":{"subtitle":"SUBTITLE TEXT","after_title":"A adipiscing consectetur primis nascetur a enim dui leo a ad per mauris ac a quam convallis fames eros","image_size":"custom","title":"TITLE SIZE DEFAULT, ALIGN CENTER","scroll_y":"-80"},"elements":[],"widgetType":"wd_title"},{"id":"82c5d44","elType":"widget","settings":{"subtitle":"SUBTITLE TEXT","after_title":"A adipiscing consectetur primis nascetur a enim dui leo a ad per mauris ac a quam convallis fames eros","image_size":"custom","size":"large","title":"TITLE SIZE LARGE, ALIGN CENTER","scroll_y":"-80"},"elements":[],"widgetType":"wd_title"},{"id":"853e582","elType":"widget","settings":{"subtitle":"SUBTITLE TEXT","after_title":"A adipiscing consectetur primis nascetur a enim dui leo a ad per mauris ac a quam convallis fames eros","image_size":"custom","size":"extra-large","title":"TITLE SIZE EXTRA LARGE, ALIGN CENTER","scroll_y":"-80"},"elements":[],"widgetType":"wd_title"}],"isInner":false},{"id":"ae5fe35","elType":"container","settings":{"wd_section_stretch":"stretch","margin":{"top":"0","left":"0","right":"0","bottom":"-40","unit":"px","isLinked":""},"padding":{"top":"80","left":"15","right":"15","bottom":"80","unit":"px","isLinked":""},"background_background":"classic","background_image":{"id":10294,"url":"http:\/\/dummy.xtemos.com\/woodmart2\/elementor\/wp-content\/uploads\/sites\/2\/2021\/11\/titles-elements-bg-1.jpg","alt":"","source":"library"},"background_size":"cover","background_repeat":"no-repeat","flex_gap":{"size":60,"column":"60","row":"60","unit":"px","isLinked":true},"flex_gap_tablet":{"column":"40","row":"40","isLinked":true,"unit":"px","size":40},"padding_tablet":{"unit":"px","top":"60","right":"15","bottom":"60","left":"15","isLinked":false},"container_sticky_offset":50,"scroll_y":-80},"elements":[{"id":"1cced9d","elType":"widget","settings":{"subtitle":"SUBTITLE TEXT","after_title":"A adipiscing consectetur primis nascetur a enim dui leo a ad per mauris ac a quam convallis fames eros","image_size":"custom","color":"white","title":"TITLE STYLE DEFAULT, ALIGN CENTER, COLOR WHITE","scroll_y":"-80"},"elements":[],"widgetType":"wd_title"},{"id":"7459506","elType":"widget","settings":{"subtitle":"SUBTITLE TEXT","after_title":"A adipiscing consectetur primis nascetur a enim dui leo a ad per mauris ac a quam convallis fames eros","image_size":"custom","color":"white","style":"simple","title":"TITLE STYLE SIMPLE, ALIGN CENTER, COLOR WHITE","scroll_y":"-80"},"elements":[],"widgetType":"wd_title"},{"id":"f226853","elType":"widget","settings":{"subtitle":"SUBTITLE TEXT","after_title":"A adipiscing consectetur primis nascetur a enim dui leo a ad per mauris ac a quam convallis fames eros","image_size":"custom","color":"white","style":"underlined","title":"TITLE STYLE UNDERLINE, ALIGN CENTER, COLOR WHITE","scroll_y":"-80"},"elements":[],"widgetType":"wd_title"},{"id":"edc818d","elType":"widget","settings":{"subtitle":"SUBTITLE TEXT","after_title":"A adipiscing consectetur primis nascetur a enim dui leo a ad per mauris ac a quam convallis fames eros","image_size":"custom","color":"white","style":"underlined-2","subtitle_font":"alt","title":"TITLE STYLE UNDERLINE 2, ALIGN CENTER, COLOR WHITE","scroll_y":"-80"},"elements":[],"widgetType":"wd_title"},{"id":"6832ace","elType":"widget","settings":{"subtitle":"SUBTITLE TEXT","after_title":"A adipiscing consectetur primis nascetur a enim dui leo a ad per mauris ac a quam convallis fames eros","image_size":"custom","color":"gradient","subtitle_font":"alt","title":"TITLE STYLE WITH GRADIENT","woodmart_color_gradient":"rgb(255, 194, 118)-0\/rgb(255, 65, 131)-100\/|linear-gradient(left , rgb(255, 194, 118) , rgb(255, 65, 131) 100%)|linear|left","color_gradient_background":"gradient","color_gradient_color":"#FFC276","color_gradient_color_b":"#FF4183","color_gradient_gradient_angle":{"unit":"deg","size":"90","sizes":[]},"scroll_y":"-80"},"elements":[],"widgetType":"wd_title"},{"id":"f0af64e","elType":"widget","settings":{"subtitle":"SUBTITLE TEXT","after_title":"A adipiscing consectetur primis nascetur a enim dui leo a ad per mauris ac a quam convallis fames eros","image_size":"custom","color":"white","style":"bordered","title":"TITLE STYLE BORDERED, ALIGN CENTER, COLOR WHITE","scroll_y":"-80"},"elements":[],"widgetType":"wd_title"}],"isInner":false}]]]></wp:meta_value>
						</wp:postmeta>
												<wp:postmeta>
							<wp:meta_key><![CDATA[_elementor_page_assets]]></wp:meta_key>
							<wp:meta_value><![CDATA[a:0:{}]]></wp:meta_value>
						</wp:postmeta>
												<wp:postmeta>
							<wp:meta_key><![CDATA[_elementor_controls_usage]]></wp:meta_key>
							<wp:meta_value><![CDATA[a:3:{s:8:"wd_title";a:3:{s:5:"count";i:23;s:15:"control_percent";i:3;s:8:"controls";a:3:{s:7:"content";a:1:{s:23:"general_content_section";a:3:{s:8:"subtitle";i:23;s:11:"after_title";i:23;s:5:"title";i:23;}}s:5:"style";a:2:{s:19:"title_style_section";a:3:{s:10:"image_size";i:23;s:5:"image";i:1;s:22:"image_custom_dimension";i:1;}s:21:"general_style_section";a:8:{s:5:"color";i:11;s:5:"style";i:10;s:25:"color_gradient_background";i:2;s:20:"color_gradient_color";i:2;s:22:"color_gradient_color_b";i:2;s:5:"align";i:2;s:4:"size";i:3;s:29:"color_gradient_gradient_angle";i:1;}}s:8:"advanced";a:4:{s:14:"_section_style";a:2:{s:7:"_margin";i:20;s:8:"_padding";i:2;}s:8:"wd_extra";a:1:{s:8:"scroll_y";i:23;}s:15:"_section_border";a:3:{s:13:"_border_width";i:1;s:14:"_border_border";i:1;s:13:"_border_color";i:1;}s:19:"_section_background";a:2:{s:22:"_background_background";i:1;s:17:"_background_color";i:1;}}}}s:6:"column";a:3:{s:5:"count";i:6;s:15:"control_percent";i:1;s:8:"controls";a:2:{s:8:"advanced";a:1:{s:8:"wd_extra";a:2:{s:20:"column_sticky_offset";i:6;s:8:"scroll_y";i:6;}}s:5:"style";a:1:{s:14:"wd_extra_style";a:1:{s:15:"wd_color_scheme";i:1;}}}}s:7:"section";a:3:{s:5:"count";i:5;s:15:"control_percent";i:3;s:8:"controls";a:3:{s:8:"advanced";a:1:{s:16:"section_advanced";a:2:{s:6:"margin";i:4;s:7:"padding";i:3;}}s:5:"style";a:2:{s:14:"section_border";a:3:{s:12:"border_width";i:2;s:13:"border_border";i:2;s:12:"border_color";i:2;}s:18:"section_background";a:4:{s:21:"background_background";i:1;s:16:"background_image";i:1;s:15:"background_size";i:1;s:17:"background_repeat";i:1;}}s:6:"layout";a:1:{s:15:"wd_extra_layout";a:1:{s:18:"wd_section_stretch";i:3;}}}}}]]></wp:meta_value>
						</wp:postmeta>
										</item>
								<item>
					<title><![CDATA[titles-custom-divider]]></title>
					<link>https://dummy.xtemos.com/woodmart2/elementor/titles-custom-divider/</link>
					<pubDate>Tue, 16 Nov 2021 10:21:14 +0000</pubDate>
					<dc:creator><![CDATA[zakhar]]></dc:creator>
					<guid isPermaLink="false">http://dummy.xtemos.com/woodmart2/elementor/wp-content/uploads/sites/2/2021/11/titles-custom-divider.svg</guid>
															<wp:post_id>10293</wp:post_id>
					<wp:post_date><![CDATA[2021-11-16 10:21:14]]></wp:post_date>
					<wp:post_date_gmt><![CDATA[2021-11-16 10:21:14]]></wp:post_date_gmt>
					<wp:post_modified><![CDATA[2021-11-16 10:21:14]]></wp:post_modified>
					<wp:post_modified_gmt><![CDATA[2021-11-16 10:21:14]]></wp:post_modified_gmt>
					<wp:comment_status><![CDATA[open]]></wp:comment_status>
					<wp:post_name><![CDATA[titles-custom-divider]]></wp:post_name>
					<wp:status><![CDATA[inherit]]></wp:status>
					<wp:post_parent>0</wp:post_parent>
					<wp:menu_order>0</wp:menu_order>
					<wp:post_type><![CDATA[attachment]]></wp:post_type>
											<wp:attachment_url><![CDATA[http://dummy.xtemos.com/woodmart2/elementor/wp-content/uploads/sites/2/2021/11/titles-custom-divider.svg]]></wp:attachment_url>
																					<wp:postmeta>
							<wp:meta_key><![CDATA[_wp_attached_file]]></wp:meta_key>
							<wp:meta_value><![CDATA[2021/11/titles-custom-divider.svg]]></wp:meta_value>
						</wp:postmeta>
										</item>
								<item>
					<title><![CDATA[titles-elements-bg]]></title>
					<link>https://dummy.xtemos.com/woodmart2/elementor/titles-elements-bg-2/</link>
					<pubDate>Tue, 16 Nov 2021 10:21:15 +0000</pubDate>
					<dc:creator><![CDATA[zakhar]]></dc:creator>
					<guid isPermaLink="false">http://dummy.xtemos.com/woodmart2/elementor/wp-content/uploads/sites/2/2021/11/titles-elements-bg-1.jpg</guid>
															<wp:post_id>10294</wp:post_id>
					<wp:post_date><![CDATA[2021-11-16 10:21:15]]></wp:post_date>
					<wp:post_date_gmt><![CDATA[2021-11-16 10:21:15]]></wp:post_date_gmt>
					<wp:post_modified><![CDATA[2021-11-16 10:21:15]]></wp:post_modified>
					<wp:post_modified_gmt><![CDATA[2021-11-16 10:21:15]]></wp:post_modified_gmt>
					<wp:comment_status><![CDATA[open]]></wp:comment_status>
					<wp:post_name><![CDATA[titles-elements-bg-2]]></wp:post_name>
					<wp:status><![CDATA[inherit]]></wp:status>
					<wp:post_parent>0</wp:post_parent>
					<wp:menu_order>0</wp:menu_order>
					<wp:post_type><![CDATA[attachment]]></wp:post_type>
											<wp:attachment_url><![CDATA[http://dummy.xtemos.com/woodmart2/elementor/wp-content/uploads/sites/2/2021/11/titles-elements-bg-1.jpg]]></wp:attachment_url>
																					<wp:postmeta>
							<wp:meta_key><![CDATA[_wp_attached_file]]></wp:meta_key>
							<wp:meta_value><![CDATA[2021/11/titles-elements-bg-1.jpg]]></wp:meta_value>
						</wp:postmeta>
										</item>
				</channel>
</rss>
	