{
    "default_header": "header_325991",
    "primary-color": {
        "idle": "rgb(218,60,60)"
    },
    "text-font": [
        {
            "custom": "",
            "google": "1",
            "font-family": "Lato",
            "font-weight": "400",
            "font-style": "",
            "font-subset": "",
            "font-size": "14",
            "tablet": {
                "font-size": ""
            },
            "mobile": {
                "font-size": ""
            },
            "color": "#777777"
        }
    ],
    "primary-font": [
        {
            "custom": "",
            "google": "1",
            "font-family": "Montserrat",
            "font-weight": "700",
            "font-style": "",
            "font-subset": "",
            "text-transform": "",
            "color": "#242424"
        }
    ],
    "widget-titles-font": [
        {
            "custom": "",
            "google": "1",
            "font-family": "Montserrat",
            "font-weight": "700",
            "font-style": "",
            "font-subset": "",
            "text-transform": "uppercase",
            "font-size": "16",
            "tablet": {
                "font-size": ""
            },
            "mobile": {
                "font-size": ""
            },
            "color": "#333"
        }
    ],
    "post-titles-font": [
        {
            "custom": "",
            "google": "1",
            "font-family": "Lato",
            "font-weight": "700",
            "font-style": "",
            "font-subset": "",
            "text-transform": "",
            "color": "#333333",
            "hover": {
                "color": "rgb(51 51 51 \/ 65%)"
            }
        }
    ],
    "blog_style": "flat",
    "footer-style": "light",
    "footer-bar-bg": {
        "color": "rgb(12,12,12)",
        "url": "",
        "id": "",
        "repeat": "",
        "size": "",
        "attachment": "",
        "position": ""
    },
    "btns_shop_bg": {
        "idle": "rgb(218,60,60)"
    },
    "btns_shop_bg_hover": {
        "idle": "rgb(193,48,48)"
    },
    "btns_accent_bg": {
        "idle": "rgb(218,60,60)"
    },
    "btns_accent_bg_hover": {
        "idle": "rgb(193,48,48)"
    },
    "title-background": {
        "color": "rgb(249,249,249)",
        "url": "",
        "id": "",
        "repeat": "",
        "size": "cover",
        "attachment": "",
        "position": "center center"
    },
    "page-title-color": "dark",
    "page-title-size": "small",
    "blog_excerpt_length": "100",
    "form_border_width": "1",
    "blog_excerpt": "excerpt",
    "prefooter_html_block": "1026",
    "products_hover": "alt",
    "shop_categories": "0",
    "prefooter_content_type": "html_block",
    "footer_content_type": "widgets",
    "additional_tab_content_type": "html_block",
    "additional_tab_html_block": "726",
    "promo_popup": "1",
    "promo_popup_content_type": "html_block",
    "popup_html_block": "724",
    "popup-background": {
        "color": "#111111",
        "url": "http:\/\/dummy.xtemos.com\/woodmart2\/elementor\/wp-content\/uploads\/sites\/2\/2021\/08\/promo-popup.jpg",
        "id": "711",
        "repeat": "no-repeat",
        "size": "cover",
        "attachment": "",
        "position": "center center"
    },
    "portfolio_page": "51"
}