<?xml version="1.0" encoding="UTF-8" ?>
	<!-- This is a WordPress eXtended RSS file generated by WordPress as an export of your site. -->
	<!-- It contains information about your site's posts, pages, comments, categories, and other content. -->
	<!-- You may use this file to transfer that content from one site to another. -->
	<!-- This file is not intended to serve as a complete backup of your site. -->

	<!-- To import this information into a WordPress site follow these steps: -->
	<!-- 1. Log in to that site as an administrator. -->
	<!-- 2. Go to Tools: Import in the WordPress admin panel. -->
	<!-- 3. Install the "WordPress" importer from the list. -->
	<!-- 4. Activate & Run Importer. -->
	<!-- 5. Upload this file using the form provided on that page. -->
	<!-- 6. You will first be asked to map the authors in this export file to users -->
	<!--    on the site. For each author, you may choose to map to an -->
	<!--    existing user on the site or to create a new user. -->
	<!-- 7. WordPress will then import each of the posts, pages, comments, categories, etc. -->
	<!--    contained in this file into your site. -->

	<!-- generator="WordPress/6.2.3" created="2024-01-11 13:22" -->
<rss version="2.0"
	xmlns:excerpt="http://wordpress.org/export/1.2/excerpt/"
	xmlns:content="http://purl.org/rss/1.0/modules/content/"
	xmlns:wfw="http://wellformedweb.org/CommentAPI/"
	xmlns:dc="http://purl.org/dc/elements/1.1/"
	xmlns:wp="http://wordpress.org/export/1.2/"
>

<channel>
	<title>Elementor 2.0 WoodMart dummy</title>
	<link>https://dummy.xtemos.com/woodmart2/elementor</link>
	<description>Just another WoodMart Dummy 2.0 Sites site</description>
	<pubDate>Thu, 11 Jan 2024 13:22:51 +0000</pubDate>
	<language>en-US</language>
	<wp:wxr_version>1.2</wp:wxr_version>
	<wp:base_site_url>https://dummy.xtemos.com/woodmart2/</wp:base_site_url>
	<wp:base_blog_url>https://dummy.xtemos.com/woodmart2/elementor</wp:base_blog_url>

		<wp:author><wp:author_id>2</wp:author_id><wp:author_login><![CDATA[zakhar]]></wp:author_login><wp:author_email><![CDATA[zak@asda.as]]></wp:author_email><wp:author_display_name><![CDATA[Mr. Mackay]]></wp:author_display_name><wp:author_first_name><![CDATA[sds]]></wp:author_first_name><wp:author_last_name><![CDATA[scssc]]></wp:author_last_name></wp:author>

					<wp:term>
			<wp:term_id>0</wp:term_id>
			<wp:term_taxonomy><![CDATA[]]></wp:term_taxonomy>
			<wp:term_slug><![CDATA[]]></wp:term_slug>
			<wp:term_parent><![CDATA[]]></wp:term_parent>
					</wp:term>
		
	<generator>https://wordpress.org/?v=6.2.3</generator>

					<item>
					<title><![CDATA[Products by ID]]></title>
					<link>https://dummy.xtemos.com/woodmart2/elementor/products-by-id/</link>
					<pubDate>Thu, 18 Nov 2021 12:59:52 +0000</pubDate>
					<dc:creator><![CDATA[zakhar]]></dc:creator>
					<guid isPermaLink="false">http://dummy.xtemos.com/woodmart2/elementor/?page_id=11446</guid>
											<content:encoded><![CDATA[<link rel="stylesheet" id="wd-section-title-css" href="https://dummy.xtemos.com/woodmart2/elementor/wp-content/themes/woodmart/css/parts/el-section-title.min.css?ver=7.4.0" type="text/css" media="all" /> 						<link rel="stylesheet" id="wd-section-title-style-simple-and-brd-css" href="https://dummy.xtemos.com/woodmart2/elementor/wp-content/themes/woodmart/css/parts/el-section-title-style-simple-and-brd.min.css?ver=7.4.0" type="text/css" media="all" /> 					
					WOOCOMMERCE				
				<h4>5 STARS PRODUCTS</h4> 
					Products with all positive feedbacks				
						<link rel="stylesheet" id="wd-product-loop-css" href="https://dummy.xtemos.com/woodmart2/elementor/wp-content/themes/woodmart/css/parts/woo-product-loop.min.css?ver=7.4.0" type="text/css" media="all" /> 						<link rel="stylesheet" id="wd-product-loop-base-css" href="https://dummy.xtemos.com/woodmart2/elementor/wp-content/themes/woodmart/css/parts/woo-product-loop-base.min.css?ver=7.4.0" type="text/css" media="all" /> 						<link rel="stylesheet" id="wd-woo-mod-add-btn-replace-css" href="https://dummy.xtemos.com/woodmart2/elementor/wp-content/themes/woodmart/css/parts/woo-mod-add-btn-replace.min.css?ver=7.4.0" type="text/css" media="all" /> 						<link rel="stylesheet" id="wd-woo-mod-swatches-base-css" href="https://dummy.xtemos.com/woodmart2/elementor/wp-content/themes/woodmart/css/parts/woo-mod-swatches-base.min.css?ver=7.4.0" type="text/css" media="all" /> 						<link rel="stylesheet" id="wd-mod-more-description-css" href="https://dummy.xtemos.com/woodmart2/elementor/wp-content/themes/woodmart/css/parts/mod-more-description.min.css?ver=7.4.0" type="text/css" media="all" /> 								
		<a href="https://dummy.xtemos.com/woodmart2/elementor/product/decoration-wooden-present/">
			<img width="700" height="800" src="http://dummy.xtemos.com/woodmart2/elementor/wp-content/uploads/sites/2/2021/08/decoration-wooden-presen-1.jpg" alt="" decoding="async" srcset="https://dummy.xtemos.com/woodmart2/elementor/wp-content/uploads/sites/2/2021/08/decoration-wooden-presen-1.jpg 700w, https://dummy.xtemos.com/woodmart2/elementor/wp-content/uploads/sites/2/2021/08/decoration-wooden-presen-1-263x300.jpg 263w, https://dummy.xtemos.com/woodmart2/elementor/wp-content/uploads/sites/2/2021/08/decoration-wooden-presen-1-600x686.jpg 600w, https://dummy.xtemos.com/woodmart2/elementor/wp-content/uploads/sites/2/2021/08/decoration-wooden-presen-1-130x149.jpg 130w, https://dummy.xtemos.com/woodmart2/elementor/wp-content/uploads/sites/2/2021/08/decoration-wooden-presen-1-339x387.jpg 339w, https://dummy.xtemos.com/woodmart2/elementor/wp-content/uploads/sites/2/2021/08/decoration-wooden-presen-1-300x343.jpg 300w, https://dummy.xtemos.com/woodmart2/elementor/wp-content/uploads/sites/2/2021/08/decoration-wooden-presen-1-65x74.jpg 65w" sizes="(max-width: 700px) 100vw, 700px" />		</a>
				<a href="https://dummy.xtemos.com/woodmart2/elementor/product/decoration-wooden-present/">
					<img width="700" height="800" src="http://dummy.xtemos.com/woodmart2/elementor/wp-content/uploads/sites/2/2021/08/decoration-wooden-presen-2.jpg" alt="" decoding="async" srcset="https://dummy.xtemos.com/woodmart2/elementor/wp-content/uploads/sites/2/2021/08/decoration-wooden-presen-2.jpg 700w, https://dummy.xtemos.com/woodmart2/elementor/wp-content/uploads/sites/2/2021/08/decoration-wooden-presen-2-263x300.jpg 263w, https://dummy.xtemos.com/woodmart2/elementor/wp-content/uploads/sites/2/2021/08/decoration-wooden-presen-2-600x686.jpg 600w, https://dummy.xtemos.com/woodmart2/elementor/wp-content/uploads/sites/2/2021/08/decoration-wooden-presen-2-130x149.jpg 130w, https://dummy.xtemos.com/woodmart2/elementor/wp-content/uploads/sites/2/2021/08/decoration-wooden-presen-2-339x387.jpg 339w, https://dummy.xtemos.com/woodmart2/elementor/wp-content/uploads/sites/2/2021/08/decoration-wooden-presen-2-300x343.jpg 300w" sizes="(max-width: 700px) 100vw, 700px" />				</a>
			<a href="https://dummy.xtemos.com/woodmart2/elementor/compare/" data-id="334" rel="nofollow" data-added-text="Compare products">
				Compare
			</a>
		<h3><a href="https://dummy.xtemos.com/woodmart2/elementor/product/decoration-wooden-present/">Decoration wooden present</a></h3>				
			<a href="https://dummy.xtemos.com/woodmart2/elementor/product-category/cooking/" rel="tag">Cooking</a>		
	<bdi>&#36;89.00</bdi>
			Rated <strong>5.00</strong> out of 5		
					Nam gravida vulputate est venenatis eu at ullamcorper consectetur parturient suspendisse a elit lobortis ut convallis vestibulum vulputate nunc praesent mattis sem faucibus risus sociosqu.Dapibus curae a ac vestibulum a magnis ullamcorper orci a iaculis adipiscing augue a massa a torquent feugiat a. Scelerisque vestibulum.				
				<a href="#" rel="nofollow" aria-label="Read more description"></a>
				<a href="https://dummy.xtemos.com/woodmart2/elementor/wishlist/" data-key="f7b7f9ce9c" data-product-id="334" rel="nofollow" data-added-text="Browse Wishlist">
					Add to wishlist
				</a>
					<a href="?add-to-cart=334" data-quantity="1" data-product_id="334" data-product_sku="" aria-label="Add &ldquo;Decoration wooden present&rdquo; to your cart" aria-describedby="" rel="nofollow">Add to cart</a>									
							<link rel="stylesheet" id="wd-mfp-popup-css" href="https://dummy.xtemos.com/woodmart2/elementor/wp-content/themes/woodmart/css/parts/lib-magnific-popup.min.css?ver=7.4.0" type="text/css" media="all" /> 					
			<a
				href="https://dummy.xtemos.com/woodmart2/elementor/product/decoration-wooden-present/"
				class="open-quick-view quick-view-button"
				rel="nofollow"
				data-id="334"
				>Quick view</a>
		<a href="https://dummy.xtemos.com/woodmart2/elementor/product/eames-plastic-side-chair/">
						<link rel="stylesheet" id="wd-woo-mod-product-labels-css" href="https://dummy.xtemos.com/woodmart2/elementor/wp-content/themes/woodmart/css/parts/woo-mod-product-labels.min.css?ver=7.4.0" type="text/css" media="all" /> 						<link rel="stylesheet" id="wd-woo-mod-product-labels-round-css" href="https://dummy.xtemos.com/woodmart2/elementor/wp-content/themes/woodmart/css/parts/woo-mod-product-labels-round.min.css?ver=7.4.0" type="text/css" media="all" /> 			New<img width="700" height="800" src="http://dummy.xtemos.com/woodmart2/elementor/wp-content/uploads/sites/2/2021/08/eames-plastic-side-chair-1.jpg" alt="" decoding="async" srcset="https://dummy.xtemos.com/woodmart2/elementor/wp-content/uploads/sites/2/2021/08/eames-plastic-side-chair-1.jpg 700w, https://dummy.xtemos.com/woodmart2/elementor/wp-content/uploads/sites/2/2021/08/eames-plastic-side-chair-1-263x300.jpg 263w, https://dummy.xtemos.com/woodmart2/elementor/wp-content/uploads/sites/2/2021/08/eames-plastic-side-chair-1-600x686.jpg 600w, https://dummy.xtemos.com/woodmart2/elementor/wp-content/uploads/sites/2/2021/08/eames-plastic-side-chair-1-130x149.jpg 130w, https://dummy.xtemos.com/woodmart2/elementor/wp-content/uploads/sites/2/2021/08/eames-plastic-side-chair-1-65x74.jpg 65w, https://dummy.xtemos.com/woodmart2/elementor/wp-content/uploads/sites/2/2021/08/eames-plastic-side-chair-1-300x343.jpg 300w" sizes="(max-width: 700px) 100vw, 700px" />		</a>
				<a href="https://dummy.xtemos.com/woodmart2/elementor/product/eames-plastic-side-chair/">
					<img width="700" height="800" src="http://dummy.xtemos.com/woodmart2/elementor/wp-content/uploads/sites/2/2021/08/eames-plastic-side-chair-2.jpg" alt="" decoding="async" srcset="https://dummy.xtemos.com/woodmart2/elementor/wp-content/uploads/sites/2/2021/08/eames-plastic-side-chair-2.jpg 700w, https://dummy.xtemos.com/woodmart2/elementor/wp-content/uploads/sites/2/2021/08/eames-plastic-side-chair-2-263x300.jpg 263w, https://dummy.xtemos.com/woodmart2/elementor/wp-content/uploads/sites/2/2021/08/eames-plastic-side-chair-2-600x686.jpg 600w, https://dummy.xtemos.com/woodmart2/elementor/wp-content/uploads/sites/2/2021/08/eames-plastic-side-chair-2-130x149.jpg 130w, https://dummy.xtemos.com/woodmart2/elementor/wp-content/uploads/sites/2/2021/08/eames-plastic-side-chair-2-300x343.jpg 300w" sizes="(max-width: 700px) 100vw, 700px" />				</a>
					<link rel="stylesheet" id="wd-woo-mod-swatches-style-1-css" href="https://dummy.xtemos.com/woodmart2/elementor/wp-content/themes/woodmart/css/parts/woo-mod-swatches-style-1.min.css?ver=7.4.0" type="text/css" media="all" /> 						<link rel="stylesheet" id="wd-woo-mod-swatches-dis-1-css" href="https://dummy.xtemos.com/woodmart2/elementor/wp-content/themes/woodmart/css/parts/woo-mod-swatches-dis-style-1.min.css?ver=7.4.0" type="text/css" media="all" /> 						
					Blue				
					Brown				
					Yellow				
			<a href="https://dummy.xtemos.com/woodmart2/elementor/compare/" data-id="381" rel="nofollow" data-added-text="Compare products">
				Compare
			</a>
		<h3><a href="https://dummy.xtemos.com/woodmart2/elementor/product/eames-plastic-side-chair/">Eames plastic side chair</a></h3>				
			<a href="https://dummy.xtemos.com/woodmart2/elementor/product-category/furniture/" rel="tag">Furniture</a>		
	<bdi>&#36;99.00</bdi>
					Consequat a scelerisque suspendisse vel et eget eu vitae adipiscing nibh scelerisque semper cum adipiscing facilisis adipiscing est accumsan lorem vestibulum. Aliquet mus a aptent ullam corper metus accumsan. Habitasse a purus nec ipsum a urna ac ullamcorper varius metus blandit posuere.				
				<a href="#" rel="nofollow" aria-label="Read more description"></a>
				<a href="https://dummy.xtemos.com/woodmart2/elementor/wishlist/" data-key="f7b7f9ce9c" data-product-id="381" rel="nofollow" data-added-text="Browse Wishlist">
					Add to wishlist
				</a>
					<a href="https://dummy.xtemos.com/woodmart2/elementor/product/eames-plastic-side-chair/" data-quantity="1" data-product_id="381" data-product_sku="" aria-label="Select options for &ldquo;Eames plastic side chair&rdquo;" aria-describedby="This product has multiple variants. The options may be chosen on the product page" rel="nofollow">Select options</a>									
			<a
				href="https://dummy.xtemos.com/woodmart2/elementor/product/eames-plastic-side-chair/"
				class="open-quick-view quick-view-button"
				rel="nofollow"
				data-id="381"
				>Quick view</a>
		<a href="https://dummy.xtemos.com/woodmart2/elementor/product/henectus-tincidunt/">
			<img width="700" height="800" src="http://dummy.xtemos.com/woodmart2/elementor/wp-content/uploads/sites/2/2021/08/senectus-tincidunt-1.jpg" alt="" decoding="async" srcset="https://dummy.xtemos.com/woodmart2/elementor/wp-content/uploads/sites/2/2021/08/senectus-tincidunt-1.jpg 700w, https://dummy.xtemos.com/woodmart2/elementor/wp-content/uploads/sites/2/2021/08/senectus-tincidunt-1-263x300.jpg 263w, https://dummy.xtemos.com/woodmart2/elementor/wp-content/uploads/sites/2/2021/08/senectus-tincidunt-1-600x686.jpg 600w, https://dummy.xtemos.com/woodmart2/elementor/wp-content/uploads/sites/2/2021/08/senectus-tincidunt-1-130x149.jpg 130w, https://dummy.xtemos.com/woodmart2/elementor/wp-content/uploads/sites/2/2021/08/senectus-tincidunt-1-65x74.jpg 65w, https://dummy.xtemos.com/woodmart2/elementor/wp-content/uploads/sites/2/2021/08/senectus-tincidunt-1-300x343.jpg 300w" sizes="(max-width: 700px) 100vw, 700px" />		</a>
				<a href="https://dummy.xtemos.com/woodmart2/elementor/product/henectus-tincidunt/">
					<img width="700" height="800" src="http://dummy.xtemos.com/woodmart2/elementor/wp-content/uploads/sites/2/2021/08/senectus-tincidunt-2.jpg" alt="" decoding="async" srcset="https://dummy.xtemos.com/woodmart2/elementor/wp-content/uploads/sites/2/2021/08/senectus-tincidunt-2.jpg 700w, https://dummy.xtemos.com/woodmart2/elementor/wp-content/uploads/sites/2/2021/08/senectus-tincidunt-2-263x300.jpg 263w, https://dummy.xtemos.com/woodmart2/elementor/wp-content/uploads/sites/2/2021/08/senectus-tincidunt-2-600x686.jpg 600w, https://dummy.xtemos.com/woodmart2/elementor/wp-content/uploads/sites/2/2021/08/senectus-tincidunt-2-130x149.jpg 130w, https://dummy.xtemos.com/woodmart2/elementor/wp-content/uploads/sites/2/2021/08/senectus-tincidunt-2-300x343.jpg 300w" sizes="(max-width: 700px) 100vw, 700px" />				</a>
			<a href="https://dummy.xtemos.com/woodmart2/elementor/compare/" data-id="411" rel="nofollow" data-added-text="Compare products">
				Compare
			</a>
		<h3><a href="https://dummy.xtemos.com/woodmart2/elementor/product/henectus-tincidunt/">Henectus tincidunt</a></h3>				
			<a href="https://dummy.xtemos.com/woodmart2/elementor/product-category/accessories/" rel="tag">Accessories</a>		
	<bdi>&#36;429.00</bdi>
					Consequat a scelerisque suspendisse vel et eget eu vitae adipiscing nibh scelerisque semper cum adipiscing facilisis adipiscing est accumsan lorem vestibulum. Aliquet mus a aptent ullam corper metus accumsan. Habitasse a purus nec ipsum a urna ac ullamcorper varius metus blandit posuere.				
				<a href="#" rel="nofollow" aria-label="Read more description"></a>
				<a href="https://dummy.xtemos.com/woodmart2/elementor/wishlist/" data-key="f7b7f9ce9c" data-product-id="411" rel="nofollow" data-added-text="Browse Wishlist">
					Add to wishlist
				</a>
					<a href="?add-to-cart=411" data-quantity="1" data-product_id="411" data-product_sku="" aria-label="Add &ldquo;Henectus tincidunt&rdquo; to your cart" aria-describedby="" rel="nofollow">Add to cart</a>									
			<a
				href="https://dummy.xtemos.com/woodmart2/elementor/product/henectus-tincidunt/"
				class="open-quick-view quick-view-button"
				rel="nofollow"
				data-id="411"
				>Quick view</a>
		<a href="https://dummy.xtemos.com/woodmart2/elementor/product/panton-tunior-chair/">
			<img width="700" height="800" src="http://dummy.xtemos.com/woodmart2/elementor/wp-content/uploads/sites/2/2021/08/panton-tunior-chair-1.jpg" alt="" decoding="async" srcset="https://dummy.xtemos.com/woodmart2/elementor/wp-content/uploads/sites/2/2021/08/panton-tunior-chair-1.jpg 700w, https://dummy.xtemos.com/woodmart2/elementor/wp-content/uploads/sites/2/2021/08/panton-tunior-chair-1-263x300.jpg 263w, https://dummy.xtemos.com/woodmart2/elementor/wp-content/uploads/sites/2/2021/08/panton-tunior-chair-1-600x686.jpg 600w, https://dummy.xtemos.com/woodmart2/elementor/wp-content/uploads/sites/2/2021/08/panton-tunior-chair-1-130x149.jpg 130w, https://dummy.xtemos.com/woodmart2/elementor/wp-content/uploads/sites/2/2021/08/panton-tunior-chair-1-65x74.jpg 65w" sizes="(max-width: 700px) 100vw, 700px" />		</a>
				<a href="https://dummy.xtemos.com/woodmart2/elementor/product/panton-tunior-chair/">
					<img width="700" height="800" src="http://dummy.xtemos.com/woodmart2/elementor/wp-content/uploads/sites/2/2021/08/panton-tunior-chair-2.jpg" alt="" decoding="async" srcset="https://dummy.xtemos.com/woodmart2/elementor/wp-content/uploads/sites/2/2021/08/panton-tunior-chair-2.jpg 700w, https://dummy.xtemos.com/woodmart2/elementor/wp-content/uploads/sites/2/2021/08/panton-tunior-chair-2-263x300.jpg 263w, https://dummy.xtemos.com/woodmart2/elementor/wp-content/uploads/sites/2/2021/08/panton-tunior-chair-2-600x686.jpg 600w, https://dummy.xtemos.com/woodmart2/elementor/wp-content/uploads/sites/2/2021/08/panton-tunior-chair-2-130x149.jpg 130w" sizes="(max-width: 700px) 100vw, 700px" />				</a>
					Black				
					Blue				
			<a href="https://dummy.xtemos.com/woodmart2/elementor/compare/" data-id="323" rel="nofollow" data-added-text="Compare products">
				Compare
			</a>
		<h3><a href="https://dummy.xtemos.com/woodmart2/elementor/product/panton-tunior-chair/">Panton tunior chair</a></h3>				
			<a href="https://dummy.xtemos.com/woodmart2/elementor/product-category/clocks/" rel="tag">Clocks</a>		
	<bdi>&#36;199.00</bdi>
					Placerat tempor dolor eu leo ullamcorper et magnis habitant ultrices consectetur arcu nulla mattis fermentum adipiscing a et bibendum sed platea malesuada eget vestibulum.				
				<a href="#" rel="nofollow" aria-label="Read more description"></a>
				<a href="https://dummy.xtemos.com/woodmart2/elementor/wishlist/" data-key="f7b7f9ce9c" data-product-id="323" rel="nofollow" data-added-text="Browse Wishlist">
					Add to wishlist
				</a>
					<a href="https://dummy.xtemos.com/woodmart2/elementor/product/panton-tunior-chair/" data-quantity="1" data-product_id="323" data-product_sku="" aria-label="Select options for &ldquo;Panton tunior chair&rdquo;" aria-describedby="This product has multiple variants. The options may be chosen on the product page" rel="nofollow">Select options</a>									
			<a
				href="https://dummy.xtemos.com/woodmart2/elementor/product/panton-tunior-chair/"
				class="open-quick-view quick-view-button"
				rel="nofollow"
				data-id="323"
				>Quick view</a>
		<a href="https://dummy.xtemos.com/woodmart2/elementor/product/wine-bottle-lantern/">
			Hot<img width="700" height="800" src="http://dummy.xtemos.com/woodmart2/elementor/wp-content/uploads/sites/2/2021/08/wine-bottle-lantern-1.jpg" alt="" decoding="async" srcset="https://dummy.xtemos.com/woodmart2/elementor/wp-content/uploads/sites/2/2021/08/wine-bottle-lantern-1.jpg 700w, https://dummy.xtemos.com/woodmart2/elementor/wp-content/uploads/sites/2/2021/08/wine-bottle-lantern-1-263x300.jpg 263w, https://dummy.xtemos.com/woodmart2/elementor/wp-content/uploads/sites/2/2021/08/wine-bottle-lantern-1-600x686.jpg 600w, https://dummy.xtemos.com/woodmart2/elementor/wp-content/uploads/sites/2/2021/08/wine-bottle-lantern-1-130x149.jpg 130w, https://dummy.xtemos.com/woodmart2/elementor/wp-content/uploads/sites/2/2021/08/wine-bottle-lantern-1-65x74.jpg 65w" sizes="(max-width: 700px) 100vw, 700px" />		</a>
				<a href="https://dummy.xtemos.com/woodmart2/elementor/product/wine-bottle-lantern/">
					<img width="700" height="800" src="http://dummy.xtemos.com/woodmart2/elementor/wp-content/uploads/sites/2/2021/08/wine-bottle-lantern-2.jpg" alt="" decoding="async" srcset="https://dummy.xtemos.com/woodmart2/elementor/wp-content/uploads/sites/2/2021/08/wine-bottle-lantern-2.jpg 700w, https://dummy.xtemos.com/woodmart2/elementor/wp-content/uploads/sites/2/2021/08/wine-bottle-lantern-2-263x300.jpg 263w, https://dummy.xtemos.com/woodmart2/elementor/wp-content/uploads/sites/2/2021/08/wine-bottle-lantern-2-600x686.jpg 600w, https://dummy.xtemos.com/woodmart2/elementor/wp-content/uploads/sites/2/2021/08/wine-bottle-lantern-2-130x149.jpg 130w" sizes="(max-width: 700px) 100vw, 700px" />				</a>
			<a href="https://dummy.xtemos.com/woodmart2/elementor/compare/" data-id="344" rel="nofollow" data-added-text="Compare products">
				Compare
			</a>
		<h3><a href="https://dummy.xtemos.com/woodmart2/elementor/product/wine-bottle-lantern/">Wine bottle lantern</a></h3>				
			<a href="https://dummy.xtemos.com/woodmart2/elementor/product-category/accessories/" rel="tag">Accessories</a>		
	<bdi>&#36;399.00</bdi>
			Rated <strong>4.00</strong> out of 5		
					Consequat a scelerisque suspendisse vel et eget eu vitae adipiscing nibh scelerisque semper cum adipiscing facilisis adipiscing est accumsan lorem vestibulum. Aliquet mus a aptent ullam corper metus accumsan. Habitasse a purus nec ipsum a urna ac ullamcorper varius metus blandit posuere.				
				<a href="#" rel="nofollow" aria-label="Read more description"></a>
				<a href="https://dummy.xtemos.com/woodmart2/elementor/wishlist/" data-key="f7b7f9ce9c" data-product-id="344" rel="nofollow" data-added-text="Browse Wishlist">
					Add to wishlist
				</a>
					<a href="?add-to-cart=344" data-quantity="1" data-product_id="344" data-product_sku="" aria-label="Add &ldquo;Wine bottle lantern&rdquo; to your cart" aria-describedby="" rel="nofollow">Add to cart</a>									
			<a
				href="https://dummy.xtemos.com/woodmart2/elementor/product/wine-bottle-lantern/"
				class="open-quick-view quick-view-button"
				rel="nofollow"
				data-id="344"
				>Quick view</a>
		<a href="https://dummy.xtemos.com/woodmart2/elementor/product/wooden-single-drawer/">
			<img width="700" height="800" src="http://dummy.xtemos.com/woodmart2/elementor/wp-content/uploads/sites/2/2021/08/wooden-single-drawer-1.jpg" alt="" decoding="async" srcset="https://dummy.xtemos.com/woodmart2/elementor/wp-content/uploads/sites/2/2021/08/wooden-single-drawer-1.jpg 700w, https://dummy.xtemos.com/woodmart2/elementor/wp-content/uploads/sites/2/2021/08/wooden-single-drawer-1-263x300.jpg 263w, https://dummy.xtemos.com/woodmart2/elementor/wp-content/uploads/sites/2/2021/08/wooden-single-drawer-1-600x686.jpg 600w, https://dummy.xtemos.com/woodmart2/elementor/wp-content/uploads/sites/2/2021/08/wooden-single-drawer-1-130x149.jpg 130w, https://dummy.xtemos.com/woodmart2/elementor/wp-content/uploads/sites/2/2021/08/wooden-single-drawer-1-65x74.jpg 65w" sizes="(max-width: 700px) 100vw, 700px" />		</a>
				<a href="https://dummy.xtemos.com/woodmart2/elementor/product/wooden-single-drawer/">
					<img width="700" height="800" src="http://dummy.xtemos.com/woodmart2/elementor/wp-content/uploads/sites/2/2021/08/wooden-single-drawer-2.jpg" alt="" decoding="async" srcset="https://dummy.xtemos.com/woodmart2/elementor/wp-content/uploads/sites/2/2021/08/wooden-single-drawer-2.jpg 700w, https://dummy.xtemos.com/woodmart2/elementor/wp-content/uploads/sites/2/2021/08/wooden-single-drawer-2-263x300.jpg 263w, https://dummy.xtemos.com/woodmart2/elementor/wp-content/uploads/sites/2/2021/08/wooden-single-drawer-2-600x686.jpg 600w, https://dummy.xtemos.com/woodmart2/elementor/wp-content/uploads/sites/2/2021/08/wooden-single-drawer-2-130x149.jpg 130w" sizes="(max-width: 700px) 100vw, 700px" />				</a>
			<a href="https://dummy.xtemos.com/woodmart2/elementor/compare/" data-id="300" rel="nofollow" data-added-text="Compare products">
				Compare
			</a>
		<h3><a href="https://dummy.xtemos.com/woodmart2/elementor/product/wooden-single-drawer/">Wooden single drawer</a></h3>				
			<a href="https://dummy.xtemos.com/woodmart2/elementor/product-category/furniture/" rel="tag">Furniture</a>		
	<bdi>&#36;89.00</bdi> &ndash; <bdi>&#36;299.00</bdi>
					Placerat tempor dolor eu leo ullamcorper et magnis habitant ultrices consectetur arcu nulla mattis fermentum adipiscing a et bibendum sed platea malesuada eget vestibulum tempor dolor eu leo ullamcorper et magnis habitant ultrices consectetur.				
				<a href="#" rel="nofollow" aria-label="Read more description"></a>
				<a href="https://dummy.xtemos.com/woodmart2/elementor/wishlist/" data-key="f7b7f9ce9c" data-product-id="300" rel="nofollow" data-added-text="Browse Wishlist">
					Add to wishlist
				</a>
					<a href="https://dummy.xtemos.com/woodmart2/elementor/product/wooden-single-drawer/" data-quantity="1" data-product_id="300" data-product_sku="" aria-label="View products in the &ldquo;Wooden single drawer&rdquo; group" aria-describedby="" rel="nofollow">View products</a>									
			<a
				href="https://dummy.xtemos.com/woodmart2/elementor/product/wooden-single-drawer/"
				class="open-quick-view quick-view-button"
				rel="nofollow"
				data-id="300"
				>Quick view</a>]]></content:encoded>
															<wp:post_id>11446</wp:post_id>
					<wp:post_date><![CDATA[2021-11-18 12:59:52]]></wp:post_date>
					<wp:post_date_gmt><![CDATA[2021-11-18 12:59:52]]></wp:post_date_gmt>
					<wp:post_modified><![CDATA[2024-01-11 13:22:21]]></wp:post_modified>
					<wp:post_modified_gmt><![CDATA[2024-01-11 13:22:21]]></wp:post_modified_gmt>
					<wp:comment_status><![CDATA[closed]]></wp:comment_status>
					<wp:post_name><![CDATA[products-by-id]]></wp:post_name>
					<wp:status><![CDATA[publish]]></wp:status>
					<wp:post_parent>0</wp:post_parent>
					<wp:menu_order>0</wp:menu_order>
					<wp:post_type><![CDATA[page]]></wp:post_type>
																					<wp:postmeta>
							<wp:meta_key><![CDATA[_woodmart_whb_header]]></wp:meta_key>
							<wp:meta_value><![CDATA[none]]></wp:meta_value>
						</wp:postmeta>
												<wp:postmeta>
							<wp:meta_key><![CDATA[_woodmart_title_image]]></wp:meta_key>
							<wp:meta_value><![CDATA[a:2:{s:3:"url";s:0:"";s:2:"id";s:0:"";}]]></wp:meta_value>
						</wp:postmeta>
												<wp:postmeta>
							<wp:meta_key><![CDATA[_woodmart_page-title-size]]></wp:meta_key>
							<wp:meta_value><![CDATA[inherit]]></wp:meta_value>
						</wp:postmeta>
												<wp:postmeta>
							<wp:meta_key><![CDATA[_woodmart_main_layout]]></wp:meta_key>
							<wp:meta_value><![CDATA[full-width]]></wp:meta_value>
						</wp:postmeta>
												<wp:postmeta>
							<wp:meta_key><![CDATA[_elementor_edit_mode]]></wp:meta_key>
							<wp:meta_value><![CDATA[builder]]></wp:meta_value>
						</wp:postmeta>
												<wp:postmeta>
							<wp:meta_key><![CDATA[_elementor_template_type]]></wp:meta_key>
							<wp:meta_value><![CDATA[wp-page]]></wp:meta_value>
						</wp:postmeta>
												<wp:postmeta>
							<wp:meta_key><![CDATA[_elementor_version]]></wp:meta_key>
							<wp:meta_value><![CDATA[3.18.3]]></wp:meta_value>
						</wp:postmeta>
												<wp:postmeta>
							<wp:meta_key><![CDATA[_wp_page_template]]></wp:meta_key>
							<wp:meta_value><![CDATA[default]]></wp:meta_value>
						</wp:postmeta>
												<wp:postmeta>
							<wp:meta_key><![CDATA[_elementor_data]]></wp:meta_key>
							<wp:meta_value><![CDATA[[{"id":"d6a1f92","elType":"container","settings":{"flex_gap":{"size":30,"column":"30","row":"30","unit":"px","isLinked":true},"container_sticky_offset":50,"scroll_y":-80},"elements":[{"id":"8deb22d","elType":"widget","settings":{"subtitle":"WOOCOMMERCE","after_title":"Products with all positive feedbacks","image_size":"custom","style":"bordered","color":"primary","title":"5 STARS PRODUCTS","scroll_y":"-80"},"elements":[],"widgetType":"wd_title"},{"id":"075b117","elType":"widget","settings":{"post_type":"ids","columns":{"unit":"px","size":"3","sizes":[]},"items_per_page":"6","scroll_y":"-80","include":["334","411","323","300","381","344"],"sync_parent_id":"wd_659feb6c4c771"},"elements":[],"widgetType":"wd_products"}],"isInner":false}]]]></wp:meta_value>
						</wp:postmeta>
												<wp:postmeta>
							<wp:meta_key><![CDATA[_elementor_page_assets]]></wp:meta_key>
							<wp:meta_value><![CDATA[a:0:{}]]></wp:meta_value>
						</wp:postmeta>
												<wp:postmeta>
							<wp:meta_key><![CDATA[_elementor_controls_usage]]></wp:meta_key>
							<wp:meta_value><![CDATA[a:4:{s:8:"wd_title";a:3:{s:5:"count";i:1;s:15:"control_percent";i:3;s:8:"controls";a:3:{s:7:"content";a:1:{s:23:"general_content_section";a:3:{s:8:"subtitle";i:1;s:11:"after_title";i:1;s:5:"title";i:1;}}s:5:"style";a:2:{s:19:"title_style_section";a:1:{s:10:"image_size";i:1;}s:21:"general_style_section";a:2:{s:5:"style";i:1;s:5:"color";i:1;}}s:8:"advanced";a:2:{s:14:"_section_style";a:1:{s:7:"_margin";i:1;}s:8:"wd_extra";a:1:{s:8:"scroll_y";i:1;}}}}s:11:"wd_products";a:3:{s:5:"count";i:1;s:15:"control_percent";i:3;s:8:"controls";a:3:{s:7:"content";a:1:{s:23:"general_content_section";a:2:{s:9:"post_type";i:1;s:7:"include";i:1;}}s:5:"style";a:1:{s:20:"layout_style_section";a:2:{s:7:"columns";i:1;s:14:"items_per_page";i:1;}}s:8:"advanced";a:1:{s:8:"wd_extra";a:1:{s:8:"scroll_y";i:1;}}}}s:6:"column";a:3:{s:5:"count";i:1;s:15:"control_percent";i:1;s:8:"controls";a:1:{s:8:"advanced";a:1:{s:8:"wd_extra";a:2:{s:20:"column_sticky_offset";i:1;s:8:"scroll_y";i:1;}}}}s:7:"section";a:3:{s:5:"count";i:1;s:15:"control_percent";i:0;s:8:"controls";a:0:{}}}]]></wp:meta_value>
						</wp:postmeta>
										</item>
				</channel>
</rss>
	