<?xml version="1.0" encoding="UTF-8" ?>
	<!-- This is a WordPress eXtended RSS file generated by WordPress as an export of your site. -->
	<!-- It contains information about your site's posts, pages, comments, categories, and other content. -->
	<!-- You may use this file to transfer that content from one site to another. -->
	<!-- This file is not intended to serve as a complete backup of your site. -->

	<!-- To import this information into a WordPress site follow these steps: -->
	<!-- 1. Log in to that site as an administrator. -->
	<!-- 2. Go to Tools: Import in the WordPress admin panel. -->
	<!-- 3. Install the "WordPress" importer from the list. -->
	<!-- 4. Activate & Run Importer. -->
	<!-- 5. Upload this file using the form provided on that page. -->
	<!-- 6. You will first be asked to map the authors in this export file to users -->
	<!--    on the site. For each author, you may choose to map to an -->
	<!--    existing user on the site or to create a new user. -->
	<!-- 7. WordPress will then import each of the posts, pages, comments, categories, etc. -->
	<!--    contained in this file into your site. -->

	<!-- generator="WordPress/6.2.3" created="2024-01-08 15:57" -->
<rss version="2.0"
	xmlns:excerpt="http://wordpress.org/export/1.2/excerpt/"
	xmlns:content="http://purl.org/rss/1.0/modules/content/"
	xmlns:wfw="http://wellformedweb.org/CommentAPI/"
	xmlns:dc="http://purl.org/dc/elements/1.1/"
	xmlns:wp="http://wordpress.org/export/1.2/"
>

<channel>
	<title>Elementor 2.0 WoodMart dummy</title>
	<link>https://dummy.xtemos.com/woodmart2/elementor</link>
	<description>Just another WoodMart Dummy 2.0 Sites site</description>
	<pubDate>Mon, 08 Jan 2024 15:57:46 +0000</pubDate>
	<language>en-US</language>
	<wp:wxr_version>1.2</wp:wxr_version>
	<wp:base_site_url>https://dummy.xtemos.com/woodmart2/</wp:base_site_url>
	<wp:base_blog_url>https://dummy.xtemos.com/woodmart2/elementor</wp:base_blog_url>

		<wp:author><wp:author_id>2</wp:author_id><wp:author_login><![CDATA[zakhar]]></wp:author_login><wp:author_email><![CDATA[zak@asda.as]]></wp:author_email><wp:author_display_name><![CDATA[Mr. Mackay]]></wp:author_display_name><wp:author_first_name><![CDATA[sds]]></wp:author_first_name><wp:author_last_name><![CDATA[scssc]]></wp:author_last_name></wp:author>

					<wp:term>
			<wp:term_id>0</wp:term_id>
			<wp:term_taxonomy><![CDATA[]]></wp:term_taxonomy>
			<wp:term_slug><![CDATA[]]></wp:term_slug>
			<wp:term_parent><![CDATA[]]></wp:term_parent>
					</wp:term>
		
	<generator>https://wordpress.org/?v=6.2.3</generator>

					<item>
					<title><![CDATA[old-team-member-1]]></title>
					<link>https://dummy.xtemos.com/woodmart2/elementor/about-us/old-team-member-1/</link>
					<pubDate>Thu, 04 Nov 2021 13:14:23 +0000</pubDate>
					<dc:creator><![CDATA[zakhar]]></dc:creator>
					<guid isPermaLink="false">http://dummy.xtemos.com/woodmart2/elementor/wp-content/uploads/sites/2/2021/11/old-team-member-1.jpg</guid>
															<wp:post_id>8527</wp:post_id>
					<wp:post_date><![CDATA[2021-11-04 13:14:23]]></wp:post_date>
					<wp:post_date_gmt><![CDATA[2021-11-04 13:14:23]]></wp:post_date_gmt>
					<wp:post_modified><![CDATA[2021-11-04 13:14:23]]></wp:post_modified>
					<wp:post_modified_gmt><![CDATA[2021-11-04 13:14:23]]></wp:post_modified_gmt>
					<wp:comment_status><![CDATA[open]]></wp:comment_status>
					<wp:post_name><![CDATA[old-team-member-1]]></wp:post_name>
					<wp:status><![CDATA[inherit]]></wp:status>
					<wp:post_parent>8472</wp:post_parent>
					<wp:menu_order>0</wp:menu_order>
					<wp:post_type><![CDATA[attachment]]></wp:post_type>
											<wp:attachment_url><![CDATA[http://dummy.xtemos.com/woodmart2/elementor/wp-content/uploads/sites/2/2021/11/old-team-member-1.jpg]]></wp:attachment_url>
																					<wp:postmeta>
							<wp:meta_key><![CDATA[_wp_attached_file]]></wp:meta_key>
							<wp:meta_value><![CDATA[2021/11/old-team-member-1.jpg]]></wp:meta_value>
						</wp:postmeta>
										</item>
								<item>
					<title><![CDATA[old-team-member-2]]></title>
					<link>https://dummy.xtemos.com/woodmart2/elementor/about-us/old-team-member-2/</link>
					<pubDate>Thu, 04 Nov 2021 13:14:33 +0000</pubDate>
					<dc:creator><![CDATA[zakhar]]></dc:creator>
					<guid isPermaLink="false">http://dummy.xtemos.com/woodmart2/elementor/wp-content/uploads/sites/2/2021/11/old-team-member-2.jpg</guid>
															<wp:post_id>8528</wp:post_id>
					<wp:post_date><![CDATA[2021-11-04 13:14:33]]></wp:post_date>
					<wp:post_date_gmt><![CDATA[2021-11-04 13:14:33]]></wp:post_date_gmt>
					<wp:post_modified><![CDATA[2021-11-04 13:14:33]]></wp:post_modified>
					<wp:post_modified_gmt><![CDATA[2021-11-04 13:14:33]]></wp:post_modified_gmt>
					<wp:comment_status><![CDATA[open]]></wp:comment_status>
					<wp:post_name><![CDATA[old-team-member-2]]></wp:post_name>
					<wp:status><![CDATA[inherit]]></wp:status>
					<wp:post_parent>8472</wp:post_parent>
					<wp:menu_order>0</wp:menu_order>
					<wp:post_type><![CDATA[attachment]]></wp:post_type>
											<wp:attachment_url><![CDATA[http://dummy.xtemos.com/woodmart2/elementor/wp-content/uploads/sites/2/2021/11/old-team-member-2.jpg]]></wp:attachment_url>
																					<wp:postmeta>
							<wp:meta_key><![CDATA[_wp_attached_file]]></wp:meta_key>
							<wp:meta_value><![CDATA[2021/11/old-team-member-2.jpg]]></wp:meta_value>
						</wp:postmeta>
										</item>
								<item>
					<title><![CDATA[old-team-member-3]]></title>
					<link>https://dummy.xtemos.com/woodmart2/elementor/about-us/old-team-member-3/</link>
					<pubDate>Thu, 04 Nov 2021 13:14:43 +0000</pubDate>
					<dc:creator><![CDATA[zakhar]]></dc:creator>
					<guid isPermaLink="false">http://dummy.xtemos.com/woodmart2/elementor/wp-content/uploads/sites/2/2021/11/old-team-member-3.jpg</guid>
															<wp:post_id>8529</wp:post_id>
					<wp:post_date><![CDATA[2021-11-04 13:14:43]]></wp:post_date>
					<wp:post_date_gmt><![CDATA[2021-11-04 13:14:43]]></wp:post_date_gmt>
					<wp:post_modified><![CDATA[2021-11-04 13:14:43]]></wp:post_modified>
					<wp:post_modified_gmt><![CDATA[2021-11-04 13:14:43]]></wp:post_modified_gmt>
					<wp:comment_status><![CDATA[open]]></wp:comment_status>
					<wp:post_name><![CDATA[old-team-member-3]]></wp:post_name>
					<wp:status><![CDATA[inherit]]></wp:status>
					<wp:post_parent>8472</wp:post_parent>
					<wp:menu_order>0</wp:menu_order>
					<wp:post_type><![CDATA[attachment]]></wp:post_type>
											<wp:attachment_url><![CDATA[http://dummy.xtemos.com/woodmart2/elementor/wp-content/uploads/sites/2/2021/11/old-team-member-3.jpg]]></wp:attachment_url>
																					<wp:postmeta>
							<wp:meta_key><![CDATA[_wp_attached_file]]></wp:meta_key>
							<wp:meta_value><![CDATA[2021/11/old-team-member-3.jpg]]></wp:meta_value>
						</wp:postmeta>
										</item>
								<item>
					<title><![CDATA[old-team-member-4]]></title>
					<link>https://dummy.xtemos.com/woodmart2/elementor/about-us/old-team-member-4/</link>
					<pubDate>Thu, 04 Nov 2021 13:14:51 +0000</pubDate>
					<dc:creator><![CDATA[zakhar]]></dc:creator>
					<guid isPermaLink="false">http://dummy.xtemos.com/woodmart2/elementor/wp-content/uploads/sites/2/2021/11/old-team-member-4.jpg</guid>
															<wp:post_id>8530</wp:post_id>
					<wp:post_date><![CDATA[2021-11-04 13:14:51]]></wp:post_date>
					<wp:post_date_gmt><![CDATA[2021-11-04 13:14:51]]></wp:post_date_gmt>
					<wp:post_modified><![CDATA[2021-11-04 13:14:51]]></wp:post_modified>
					<wp:post_modified_gmt><![CDATA[2021-11-04 13:14:51]]></wp:post_modified_gmt>
					<wp:comment_status><![CDATA[open]]></wp:comment_status>
					<wp:post_name><![CDATA[old-team-member-4]]></wp:post_name>
					<wp:status><![CDATA[inherit]]></wp:status>
					<wp:post_parent>8472</wp:post_parent>
					<wp:menu_order>0</wp:menu_order>
					<wp:post_type><![CDATA[attachment]]></wp:post_type>
											<wp:attachment_url><![CDATA[http://dummy.xtemos.com/woodmart2/elementor/wp-content/uploads/sites/2/2021/11/old-team-member-4.jpg]]></wp:attachment_url>
																					<wp:postmeta>
							<wp:meta_key><![CDATA[_wp_attached_file]]></wp:meta_key>
							<wp:meta_value><![CDATA[2021/11/old-team-member-4.jpg]]></wp:meta_value>
						</wp:postmeta>
										</item>
								<item>
					<title><![CDATA[Old Our team]]></title>
					<link>https://dummy.xtemos.com/woodmart2/elementor/our-team/</link>
					<pubDate>Thu, 04 Nov 2021 13:58:44 +0000</pubDate>
					<dc:creator><![CDATA[zakhar]]></dc:creator>
					<guid isPermaLink="false">http://dummy.xtemos.com/woodmart2/elementor/?page_id=8609</guid>
											<content:encoded><![CDATA[<link rel="stylesheet" id="wd-section-title-css" href="https://dummy.xtemos.com/woodmart2/elementor/wp-content/themes/woodmart/css/parts/el-section-title.min.css?ver=7.4.0" type="text/css" media="all" /> 					
				<h4>There are no secrets to success. It is the result of preparation, hard work, and learning from failure.</h4> 
					By Colin Powell				
					SOME WORDS ABOUT US				
				<h4>PROFESSIONALS ONLY</h4> 
					Convallis ullamcorper aliquet ultrices orci cum vestibulum lobortis erat.				
						<link rel="stylesheet" id="wd-social-icons-css" href="https://dummy.xtemos.com/woodmart2/elementor/wp-content/themes/woodmart/css/parts/el-social-icons.min.css?ver=7.4.0" type="text/css" media="all" /> 						<link rel="stylesheet" id="wd-team-member-css" href="https://dummy.xtemos.com/woodmart2/elementor/wp-content/themes/woodmart/css/parts/el-team-member.min.css?ver=7.4.0" type="text/css" media="all" /> 					
						<img width="400" height="600" src="http://dummy.xtemos.com/woodmart2/elementor/wp-content/uploads/sites/2/2021/11/old-team-member-5-400x600.jpg" alt="" decoding="async" srcset="https://dummy.xtemos.com/woodmart2/elementor/wp-content/uploads/sites/2/2021/11/old-team-member-5.jpg 400w, https://dummy.xtemos.com/woodmart2/elementor/wp-content/uploads/sites/2/2021/11/old-team-member-5-200x300.jpg 200w, https://dummy.xtemos.com/woodmart2/elementor/wp-content/uploads/sites/2/2021/11/old-team-member-5-130x195.jpg 130w" sizes="(max-width: 400px) 100vw, 400px" />					
									<h4>
						MARK JANCE					</h4>
						CEO / FOUNDER					
									<a rel="noopener noreferrer nofollow" href="#">
					</a>
									<a rel="noopener noreferrer nofollow" href="#">
					</a>
									<a rel="noopener noreferrer nofollow" href="#">
					</a>
						<img width="400" height="600" src="http://dummy.xtemos.com/woodmart2/elementor/wp-content/uploads/sites/2/2021/11/old-team-member-2-400x600.jpg" alt="" decoding="async" srcset="https://dummy.xtemos.com/woodmart2/elementor/wp-content/uploads/sites/2/2021/11/old-team-member-2.jpg 400w, https://dummy.xtemos.com/woodmart2/elementor/wp-content/uploads/sites/2/2021/11/old-team-member-2-200x300.jpg 200w, https://dummy.xtemos.com/woodmart2/elementor/wp-content/uploads/sites/2/2021/11/old-team-member-2-130x195.jpg 130w" sizes="(max-width: 400px) 100vw, 400px" />					
									<h4>
						MARK JANCE					</h4>
						CEO / FOUNDER					
									<a rel="noopener noreferrer nofollow" href="#">
					</a>
									<a rel="noopener noreferrer nofollow" href="#">
					</a>
									<a rel="noopener noreferrer nofollow" href="#">
					</a>
						<img width="400" height="600" src="http://dummy.xtemos.com/woodmart2/elementor/wp-content/uploads/sites/2/2021/11/old-team-member-1-400x600.jpg" alt="" decoding="async" srcset="https://dummy.xtemos.com/woodmart2/elementor/wp-content/uploads/sites/2/2021/11/old-team-member-1.jpg 400w, https://dummy.xtemos.com/woodmart2/elementor/wp-content/uploads/sites/2/2021/11/old-team-member-1-200x300.jpg 200w, https://dummy.xtemos.com/woodmart2/elementor/wp-content/uploads/sites/2/2021/11/old-team-member-1-130x195.jpg 130w" sizes="(max-width: 400px) 100vw, 400px" />					
									<h4>
						MARK JANCE					</h4>
						CEO / FOUNDER					
									<a rel="noopener noreferrer nofollow" href="#">
					</a>
									<a rel="noopener noreferrer nofollow" href="#">
					</a>
									<a rel="noopener noreferrer nofollow" href="#">
					</a>
						<img width="400" height="600" src="http://dummy.xtemos.com/woodmart2/elementor/wp-content/uploads/sites/2/2021/11/old-team-member-6-400x600.jpg" alt="" decoding="async" srcset="https://dummy.xtemos.com/woodmart2/elementor/wp-content/uploads/sites/2/2021/11/old-team-member-6.jpg 400w, https://dummy.xtemos.com/woodmart2/elementor/wp-content/uploads/sites/2/2021/11/old-team-member-6-200x300.jpg 200w, https://dummy.xtemos.com/woodmart2/elementor/wp-content/uploads/sites/2/2021/11/old-team-member-6-130x195.jpg 130w" sizes="(max-width: 400px) 100vw, 400px" />					
									<h4>
						MARK JANCE					</h4>
						CEO / FOUNDER					
									<a rel="noopener noreferrer nofollow" href="#">
					</a>
									<a rel="noopener noreferrer nofollow" href="#">
					</a>
									<a rel="noopener noreferrer nofollow" href="#">
					</a>
						<img width="400" height="600" src="http://dummy.xtemos.com/woodmart2/elementor/wp-content/uploads/sites/2/2021/11/old-team-member-3-400x600.jpg" alt="" decoding="async" srcset="https://dummy.xtemos.com/woodmart2/elementor/wp-content/uploads/sites/2/2021/11/old-team-member-3.jpg 400w, https://dummy.xtemos.com/woodmart2/elementor/wp-content/uploads/sites/2/2021/11/old-team-member-3-200x300.jpg 200w, https://dummy.xtemos.com/woodmart2/elementor/wp-content/uploads/sites/2/2021/11/old-team-member-3-130x195.jpg 130w" sizes="(max-width: 400px) 100vw, 400px" />					
									<h4>
						MARK JANCE					</h4>
						CEO / FOUNDER					
									<a rel="noopener noreferrer nofollow" href="#">
					</a>
									<a rel="noopener noreferrer nofollow" href="#">
					</a>
									<a rel="noopener noreferrer nofollow" href="#">
					</a>
						<img width="400" height="600" src="http://dummy.xtemos.com/woodmart2/elementor/wp-content/uploads/sites/2/2021/11/old-team-member-4-400x600.jpg" alt="" decoding="async" srcset="https://dummy.xtemos.com/woodmart2/elementor/wp-content/uploads/sites/2/2021/11/old-team-member-4.jpg 400w, https://dummy.xtemos.com/woodmart2/elementor/wp-content/uploads/sites/2/2021/11/old-team-member-4-200x300.jpg 200w, https://dummy.xtemos.com/woodmart2/elementor/wp-content/uploads/sites/2/2021/11/old-team-member-4-130x195.jpg 130w" sizes="(max-width: 400px) 100vw, 400px" />					
									<h4>
						MARK JANCE					</h4>
						CEO / FOUNDER					
									<a rel="noopener noreferrer nofollow" href="#">
					</a>
									<a rel="noopener noreferrer nofollow" href="#">
					</a>
									<a rel="noopener noreferrer nofollow" href="#">
					</a>
						<img width="400" height="600" src="http://dummy.xtemos.com/woodmart2/elementor/wp-content/uploads/sites/2/2021/11/old-team-member-7-400x600.jpg" alt="" decoding="async" srcset="https://dummy.xtemos.com/woodmart2/elementor/wp-content/uploads/sites/2/2021/11/old-team-member-7.jpg 400w, https://dummy.xtemos.com/woodmart2/elementor/wp-content/uploads/sites/2/2021/11/old-team-member-7-200x300.jpg 200w, https://dummy.xtemos.com/woodmart2/elementor/wp-content/uploads/sites/2/2021/11/old-team-member-7-130x195.jpg 130w" sizes="(max-width: 400px) 100vw, 400px" />					
									<h4>
						MARK JANCE					</h4>
						CEO / FOUNDER					
									<a rel="noopener noreferrer nofollow" href="#">
					</a>
									<a rel="noopener noreferrer nofollow" href="#">
					</a>
									<a rel="noopener noreferrer nofollow" href="#">
					</a>
						<img width="400" height="600" src="http://dummy.xtemos.com/woodmart2/elementor/wp-content/uploads/sites/2/2021/11/old-team-member-8-400x600.jpg" alt="" decoding="async" srcset="https://dummy.xtemos.com/woodmart2/elementor/wp-content/uploads/sites/2/2021/11/old-team-member-8.jpg 400w, https://dummy.xtemos.com/woodmart2/elementor/wp-content/uploads/sites/2/2021/11/old-team-member-8-200x300.jpg 200w, https://dummy.xtemos.com/woodmart2/elementor/wp-content/uploads/sites/2/2021/11/old-team-member-8-130x195.jpg 130w" sizes="(max-width: 400px) 100vw, 400px" />					
									<h4>
						MARK JANCE					</h4>
						CEO / FOUNDER					
									<a rel="noopener noreferrer nofollow" href="#">
					</a>
									<a rel="noopener noreferrer nofollow" href="#">
					</a>
									<a rel="noopener noreferrer nofollow" href="#">
					</a>
					SOME WORDS ABOUT US				
				<h4>AND HOW WE WORK</h4> 
					Convallis ullamcorper aliquet ultrices orci cum vestibulum lobortis erat.				
						<link rel="stylesheet" id="wd-photoswipe-css" href="https://dummy.xtemos.com/woodmart2/elementor/wp-content/themes/woodmart/css/parts/lib-photoswipe.min.css?ver=7.4.0" type="text/css" media="all" /> 						<link rel="stylesheet" id="wd-swiper-css" href="https://dummy.xtemos.com/woodmart2/elementor/wp-content/themes/woodmart/css/parts/lib-swiper.min.css?ver=7.4.0" type="text/css" media="all" /> 						<link rel="stylesheet" id="wd-image-gallery-css" href="https://dummy.xtemos.com/woodmart2/elementor/wp-content/themes/woodmart/css/parts/el-gallery.min.css?ver=7.4.0" type="text/css" media="all" /> 					
													<a  href="http://dummy.xtemos.com/woodmart2/elementor/wp-content/uploads/sites/2/2021/11/old-our-team-image-1.jpg"data-width="600" data-height="500" data-index="1" data-elementor-open-lightbox="no">
						<img src="http://dummy.xtemos.com/woodmart2/elementor/wp-content/uploads/sites/2/2021/11/old-our-team-image-1.jpg"alt="old-our-team-image-1">
													</a>
													<a  href="http://dummy.xtemos.com/woodmart2/elementor/wp-content/uploads/sites/2/2021/11/old-our-team-image-2.jpg"data-width="600" data-height="500" data-index="2" data-elementor-open-lightbox="no">
						<img src="http://dummy.xtemos.com/woodmart2/elementor/wp-content/uploads/sites/2/2021/11/old-our-team-image-2.jpg"alt="old-our-team-image-2">
													</a>
													<a  href="http://dummy.xtemos.com/woodmart2/elementor/wp-content/uploads/sites/2/2021/11/old-our-team-image-3.jpg"data-width="600" data-height="500" data-index="3" data-elementor-open-lightbox="no">
						<img src="http://dummy.xtemos.com/woodmart2/elementor/wp-content/uploads/sites/2/2021/11/old-our-team-image-3.jpg"alt="old-our-team-image-3">
													</a>
													<a  href="http://dummy.xtemos.com/woodmart2/elementor/wp-content/uploads/sites/2/2021/11/old-our-team-image-4.jpg"data-width="600" data-height="500" data-index="4" data-elementor-open-lightbox="no">
						<img src="http://dummy.xtemos.com/woodmart2/elementor/wp-content/uploads/sites/2/2021/11/old-our-team-image-4.jpg"alt="old-our-team-image-4">
													</a>]]></content:encoded>
															<wp:post_id>8609</wp:post_id>
					<wp:post_date><![CDATA[2021-11-04 13:58:44]]></wp:post_date>
					<wp:post_date_gmt><![CDATA[2021-11-04 13:58:44]]></wp:post_date_gmt>
					<wp:post_modified><![CDATA[2024-01-08 15:57:12]]></wp:post_modified>
					<wp:post_modified_gmt><![CDATA[2024-01-08 15:57:12]]></wp:post_modified_gmt>
					<wp:comment_status><![CDATA[closed]]></wp:comment_status>
					<wp:post_name><![CDATA[our-team]]></wp:post_name>
					<wp:status><![CDATA[publish]]></wp:status>
					<wp:post_parent>0</wp:post_parent>
					<wp:menu_order>0</wp:menu_order>
					<wp:post_type><![CDATA[page]]></wp:post_type>
																					<wp:postmeta>
							<wp:meta_key><![CDATA[_woodmart_whb_header]]></wp:meta_key>
							<wp:meta_value><![CDATA[header_764078]]></wp:meta_value>
						</wp:postmeta>
												<wp:postmeta>
							<wp:meta_key><![CDATA[_woodmart_title_off]]></wp:meta_key>
							<wp:meta_value><![CDATA[on]]></wp:meta_value>
						</wp:postmeta>
												<wp:postmeta>
							<wp:meta_key><![CDATA[_woodmart_title_image]]></wp:meta_key>
							<wp:meta_value><![CDATA[a:2:{s:3:"url";s:0:"";s:2:"id";s:0:"";}]]></wp:meta_value>
						</wp:postmeta>
												<wp:postmeta>
							<wp:meta_key><![CDATA[_woodmart_page-title-size]]></wp:meta_key>
							<wp:meta_value><![CDATA[inherit]]></wp:meta_value>
						</wp:postmeta>
												<wp:postmeta>
							<wp:meta_key><![CDATA[_woodmart_main_layout]]></wp:meta_key>
							<wp:meta_value><![CDATA[full-width]]></wp:meta_value>
						</wp:postmeta>
												<wp:postmeta>
							<wp:meta_key><![CDATA[_elementor_edit_mode]]></wp:meta_key>
							<wp:meta_value><![CDATA[builder]]></wp:meta_value>
						</wp:postmeta>
												<wp:postmeta>
							<wp:meta_key><![CDATA[_elementor_template_type]]></wp:meta_key>
							<wp:meta_value><![CDATA[wp-page]]></wp:meta_value>
						</wp:postmeta>
												<wp:postmeta>
							<wp:meta_key><![CDATA[_elementor_version]]></wp:meta_key>
							<wp:meta_value><![CDATA[3.18.3]]></wp:meta_value>
						</wp:postmeta>
												<wp:postmeta>
							<wp:meta_key><![CDATA[_wp_page_template]]></wp:meta_key>
							<wp:meta_value><![CDATA[default]]></wp:meta_value>
						</wp:postmeta>
												<wp:postmeta>
							<wp:meta_key><![CDATA[_elementor_data]]></wp:meta_key>
							<wp:meta_value><![CDATA[[{"id":"9d90a84","elType":"container","settings":{"wd_section_stretch":"stretch","background_background":"classic","background_image":{"id":8617,"url":"http:\/\/dummy.xtemos.com\/woodmart2\/elementor\/wp-content\/uploads\/sites\/2\/2021\/11\/old-our-team-bg-1.jpg","alt":"","source":"library"},"background_size":"cover","background_repeat":"no-repeat","padding":{"unit":"px","top":"285","right":"15","bottom":"330","left":"15","isLinked":false},"padding_tablet":{"unit":"%","top":"31","right":"0","bottom":"35","left":"0","isLinked":""},"background_position":"center center","flex_gap":{"size":null,"column":"","row":"","unit":"px","isLinked":true},"container_sticky_offset":50,"scroll_y":-80},"elements":[{"id":"5b8abdd","elType":"widget","settings":{"subtitle":"","after_title":"By Colin Powell","image_size":"custom","width":{"size":"61","unit":"%"},"color":"white","size":"large","title":"There are no secrets to success. It is the result of preparation, hard work, and learning from failure.","width_tablet":{"unit":"%","size":"77","sizes":[]},"width_mobile":{"unit":"%","size":"100","sizes":[]},"scroll_y":"-80"},"elements":[],"widgetType":"wd_title"}],"isInner":false},{"id":"71c2116","elType":"container","settings":{"background_background":"classic","background_color":"#FFFFFF","margin":{"unit":"px","top":"-110","right":"0","bottom":"80","left":"0","isLinked":""},"margin_tablet":{"unit":"px","top":"0","right":"0","bottom":"60","left":"0","isLinked":""},"padding":{"unit":"%","top":"4","right":"9","bottom":"0","left":"9","isLinked":""},"padding_tablet":{"unit":"%","top":"","right":"","bottom":"","left":"","isLinked":"1"},"flex_gap":{"size":30,"column":"30","row":"30","unit":"px","isLinked":true},"padding_mobile":{"unit":"custom","top":"50px","right":"10%","bottom":"0","left":"10%","isLinked":false},"container_sticky_offset":50,"scroll_y":-80},"elements":[{"id":"6c81884","elType":"widget","settings":{"subtitle":"SOME WORDS ABOUT US","after_title":"Convallis ullamcorper aliquet ultrices orci cum vestibulum lobortis erat.","image_size":"custom","size":"large","title":"PROFESSIONALS ONLY","scroll_y":"-80"},"elements":[],"widgetType":"wd_title"},{"id":"c0bc112","elType":"container","settings":{"flex_gap":{"size":30,"column":"30","row":"30","unit":"px","isLinked":true},"structure":"40","flex_direction":"row","content_width":"full","flex_direction_tablet":"column","container_sticky_offset":50,"scroll_y":-80},"elements":[{"id":"e1f8509","elType":"container","settings":{"_column_size":"25","width_tablet":{"size":100,"unit":"%"},"flex_gap":{"size":"30","column":"30","row":"30","unit":"px"},"column_sticky_offset":"50","scroll_y":"-80","content_width":"full","width":{"unit":"%","size":50,"sizes":[]},"flex_direction_mobile":"column","container_sticky_offset":50},"elements":[{"id":"4d2f999","elType":"container","settings":{"content_width":"full","flex_direction":"row","flex_direction_mobile":"column","flex_gap":{"column":"30","row":"30","isLinked":true,"unit":"px","size":30},"container_sticky_offset":50,"scroll_y":-80},"elements":[{"id":"4df59ed","elType":"widget","settings":{"content":"","name":"MARK JANCE","position":"CEO \/ FOUNDER","image":{"url":"http:\/\/dummy.xtemos.com\/woodmart2\/elementor\/wp-content\/uploads\/sites\/2\/2021\/11\/old-team-member-5.jpg","id":8618,"alt":"","source":"library"},"align":"center","woodmart_color_scheme":"light","layout":"hover","size":"small","style":"colored","img":"1896","facebook":"#","twitter":"#","google_plus":"#","instagram":"#","image_size":"custom","image_custom_dimension":{"width":"400","height":"600"},"linkedin":"","skype":"","scroll_y":"-80","_element_width":"initial","_element_custom_width":{"unit":"%","size":50,"sizes":[]},"_element_custom_width_mobile":{"unit":"%","size":100,"sizes":[]}},"elements":[],"widgetType":"wd_team_member"},{"id":"9514fba","elType":"widget","settings":{"content":"","name":"MARK JANCE","position":"CEO \/ FOUNDER","image":{"url":"http:\/\/dummy.xtemos.com\/woodmart2\/elementor\/wp-content\/uploads\/sites\/2\/2021\/11\/old-team-member-2.jpg","id":8528,"alt":"","source":"library"},"align":"center","woodmart_color_scheme":"light","layout":"hover","size":"small","style":"colored","img":"1896","facebook":"#","twitter":"#","google_plus":"#","instagram":"#","image_size":"custom","image_custom_dimension":{"width":"400","height":"600"},"linkedin":"","skype":"","scroll_y":"-80","_element_width":"initial","_element_custom_width":{"unit":"%","size":50,"sizes":[]},"_element_custom_width_mobile":{"unit":"%","size":100,"sizes":[]}},"elements":[],"widgetType":"wd_team_member"}],"isInner":true},{"id":"d4737c1","elType":"container","settings":{"_column_size":"25","width_tablet":{"size":"","unit":"%"},"flex_gap":{"size":"30","column":"30","row":"30","unit":"px"},"column_sticky_offset":"50","scroll_y":"-80","content_width":"full","flex_direction":"row","flex_direction_mobile":"column","container_sticky_offset":50},"elements":[{"id":"974f6e7","elType":"widget","settings":{"content":"","name":"MARK JANCE","position":"CEO \/ FOUNDER","image":{"url":"http:\/\/dummy.xtemos.com\/woodmart2\/elementor\/wp-content\/uploads\/sites\/2\/2021\/11\/old-team-member-1.jpg","id":8527,"alt":"","source":"library"},"align":"center","woodmart_color_scheme":"light","layout":"hover","size":"small","style":"colored","img":"1896","facebook":"#","twitter":"#","google_plus":"#","instagram":"#","image_size":"custom","image_custom_dimension":{"width":"400","height":"600"},"linkedin":"","skype":"","scroll_y":"-80","_element_width":"initial","_element_custom_width":{"unit":"%","size":50,"sizes":[]},"_element_custom_width_mobile":{"unit":"%","size":100,"sizes":[]}},"elements":[],"widgetType":"wd_team_member"},{"id":"51c2182","elType":"widget","settings":{"content":"","name":"MARK JANCE","position":"CEO \/ FOUNDER","image":{"url":"http:\/\/dummy.xtemos.com\/woodmart2\/elementor\/wp-content\/uploads\/sites\/2\/2021\/11\/old-team-member-6.jpg","id":8619,"alt":"","source":"library"},"align":"center","woodmart_color_scheme":"light","layout":"hover","size":"small","style":"colored","img":"1896","facebook":"#","twitter":"#","google_plus":"#","instagram":"#","image_size":"custom","image_custom_dimension":{"width":"400","height":"600"},"linkedin":"","skype":"","scroll_y":"-80","_element_width":"initial","_element_custom_width":{"unit":"%","size":50,"sizes":[]},"_element_custom_width_mobile":{"unit":"%","size":100,"sizes":[]}},"elements":[],"widgetType":"wd_team_member"}],"isInner":true}],"isInner":true},{"id":"4fabc91","elType":"container","settings":{"_column_size":"25","width_tablet":{"size":100,"unit":"%"},"flex_gap":{"size":"30","column":"30","row":"30","unit":"px"},"column_sticky_offset":"50","scroll_y":"-80","content_width":"full","width":{"unit":"%","size":50,"sizes":[]},"flex_direction_mobile":"column","container_sticky_offset":50},"elements":[{"id":"768a3a3","elType":"container","settings":{"content_width":"full","flex_direction":"row","flex_direction_mobile":"column","flex_gap":{"column":"30","row":"30","isLinked":true,"unit":"px","size":30},"container_sticky_offset":50,"scroll_y":-80},"elements":[{"id":"60b914f","elType":"widget","settings":{"content":"","name":"MARK JANCE","position":"CEO \/ FOUNDER","image":{"url":"http:\/\/dummy.xtemos.com\/woodmart2\/elementor\/wp-content\/uploads\/sites\/2\/2021\/11\/old-team-member-3.jpg","id":8529,"alt":"","source":"library"},"align":"center","woodmart_color_scheme":"light","layout":"hover","size":"small","style":"colored","img":"1896","facebook":"#","twitter":"#","google_plus":"#","instagram":"#","image_size":"custom","image_custom_dimension":{"width":"400","height":"600"},"linkedin":"","skype":"","scroll_y":"-80","_element_width":"initial","_element_custom_width":{"unit":"%","size":50,"sizes":[]},"_element_custom_width_mobile":{"unit":"%","size":100,"sizes":[]}},"elements":[],"widgetType":"wd_team_member"},{"id":"7eb76f4","elType":"widget","settings":{"content":"","name":"MARK JANCE","position":"CEO \/ FOUNDER","image":{"url":"http:\/\/dummy.xtemos.com\/woodmart2\/elementor\/wp-content\/uploads\/sites\/2\/2021\/11\/old-team-member-4.jpg","id":8530,"alt":"","source":"library"},"align":"center","woodmart_color_scheme":"light","layout":"hover","size":"small","style":"colored","img":"1896","facebook":"#","twitter":"#","google_plus":"#","instagram":"#","image_size":"custom","image_custom_dimension":{"width":"400","height":"600"},"linkedin":"","skype":"","scroll_y":"-80","_element_width":"initial","_element_custom_width":{"unit":"%","size":50,"sizes":[]},"_element_custom_width_mobile":{"unit":"%","size":100,"sizes":[]}},"elements":[],"widgetType":"wd_team_member"}],"isInner":true},{"id":"c556897","elType":"container","settings":{"_column_size":"25","width_tablet":{"size":"","unit":"%"},"flex_gap":{"size":"30","column":"30","row":"30","unit":"px"},"column_sticky_offset":"50","scroll_y":"-80","content_width":"full","flex_direction":"row","flex_direction_mobile":"column","container_sticky_offset":50},"elements":[{"id":"1b2db46","elType":"widget","settings":{"content":"","name":"MARK JANCE","position":"CEO \/ FOUNDER","image":{"url":"http:\/\/dummy.xtemos.com\/woodmart2\/elementor\/wp-content\/uploads\/sites\/2\/2021\/11\/old-team-member-7.jpg","id":8620,"alt":"","source":"library"},"align":"center","woodmart_color_scheme":"light","layout":"hover","size":"small","style":"colored","img":"1896","facebook":"#","twitter":"#","google_plus":"#","instagram":"#","image_size":"custom","image_custom_dimension":{"width":"400","height":"600"},"linkedin":"","skype":"","scroll_y":"-80","_element_width":"initial","_element_custom_width":{"unit":"%","size":50,"sizes":[]},"_element_custom_width_mobile":{"unit":"%","size":100,"sizes":[]}},"elements":[],"widgetType":"wd_team_member"},{"id":"75e24b9","elType":"widget","settings":{"content":"","name":"MARK JANCE","position":"CEO \/ FOUNDER","image":{"url":"http:\/\/dummy.xtemos.com\/woodmart2\/elementor\/wp-content\/uploads\/sites\/2\/2021\/11\/old-team-member-8.jpg","id":8621,"alt":"","source":"library"},"align":"center","woodmart_color_scheme":"light","layout":"hover","size":"small","style":"colored","img":"1896","facebook":"#","twitter":"#","google_plus":"#","instagram":"#","image_size":"custom","image_custom_dimension":{"width":"400","height":"600"},"linkedin":"","skype":"","scroll_y":"-80","_element_width":"initial","_element_custom_width":{"unit":"%","size":50,"sizes":[]},"_element_custom_width_mobile":{"unit":"%","size":100,"sizes":[]}},"elements":[],"widgetType":"wd_team_member"}],"isInner":true}],"isInner":true}],"isInner":true}],"isInner":false},{"id":"cf67d18","elType":"container","settings":{"wd_section_stretch":"stretch-content","flex_gap":{"size":30,"column":"30","row":"30","unit":"px","isLinked":true},"margin":{"unit":"px","top":"0","right":"0","bottom":"-40","left":"0","isLinked":""},"padding":{"unit":"px","top":"0","right":"0","bottom":"0","left":"0","isLinked":""},"container_sticky_offset":50,"scroll_y":-80},"elements":[{"id":"919f104","elType":"widget","settings":{"subtitle":"SOME WORDS ABOUT US","after_title":"Convallis ullamcorper aliquet ultrices orci cum vestibulum lobortis erat.","image_size":"custom","size":"large","title":"AND HOW WE WORK","scroll_y":"-80","_padding":{"unit":"px","top":"0","right":"15","bottom":"0","left":"15","isLinked":false}},"elements":[],"widgetType":"wd_title"},{"id":"f351363","elType":"widget","settings":{"ids_size":"full","ids":[{"id":8622,"url":"http:\/\/dummy.xtemos.com\/woodmart2\/elementor\/wp-content\/uploads\/sites\/2\/2021\/11\/old-our-team-image-1.jpg"},{"id":8623,"url":"http:\/\/dummy.xtemos.com\/woodmart2\/elementor\/wp-content\/uploads\/sites\/2\/2021\/11\/old-our-team-image-2.jpg"},{"id":8624,"url":"http:\/\/dummy.xtemos.com\/woodmart2\/elementor\/wp-content\/uploads\/sites\/2\/2021\/11\/old-our-team-image-3.jpg"},{"id":8625,"url":"http:\/\/dummy.xtemos.com\/woodmart2\/elementor\/wp-content\/uploads\/sites\/2\/2021\/11\/old-our-team-image-4.jpg"}],"view":"carousel","slides_per_view":{"size":"4","unit":"px","sizes":[]},"hide_pagination_control":"yes","hide_prev_next_buttons":"yes","caption":"","ids_custom_dimension":[],"scroll_y":"-80","sync_parent_id":"wd_659c18b3eb0e0","slides_per_view_tablet":{"unit":"px","size":3,"sizes":[]},"slides_per_view_mobile":{"unit":"px","size":1,"sizes":[]}},"elements":[],"widgetType":"wd_images_gallery"}],"isInner":false}]]]></wp:meta_value>
						</wp:postmeta>
												<wp:postmeta>
							<wp:meta_key><![CDATA[_elementor_page_assets]]></wp:meta_key>
							<wp:meta_value><![CDATA[a:0:{}]]></wp:meta_value>
						</wp:postmeta>
												<wp:postmeta>
							<wp:meta_key><![CDATA[_elementor_controls_usage]]></wp:meta_key>
							<wp:meta_value><![CDATA[a:5:{s:8:"wd_title";a:3:{s:5:"count";i:3;s:15:"control_percent";i:3;s:8:"controls";a:3:{s:7:"content";a:1:{s:23:"general_content_section";a:3:{s:8:"subtitle";i:3;s:11:"after_title";i:3;s:5:"title";i:3;}}s:5:"style";a:2:{s:19:"title_style_section";a:1:{s:10:"image_size";i:3;}s:21:"general_style_section";a:3:{s:5:"width";i:1;s:5:"color";i:1;s:4:"size";i:3;}}s:8:"advanced";a:1:{s:8:"wd_extra";a:1:{s:8:"scroll_y";i:3;}}}}s:6:"column";a:3:{s:5:"count";i:7;s:15:"control_percent";i:1;s:8:"controls";a:2:{s:8:"advanced";a:2:{s:16:"section_advanced";a:1:{s:7:"padding";i:1;}s:8:"wd_extra";a:2:{s:20:"column_sticky_offset";i:7;s:8:"scroll_y";i:7;}}s:6:"layout";a:1:{s:6:"layout";a:1:{s:21:"space_between_widgets";i:4;}}}}s:7:"section";a:3:{s:5:"count";i:4;s:15:"control_percent";i:2;s:8:"controls";a:3:{s:6:"layout";a:3:{s:15:"wd_extra_layout";a:1:{s:18:"wd_section_stretch";i:2;}s:14:"section_layout";a:1:{s:3:"gap";i:2;}s:17:"section_structure";a:1:{s:9:"structure";i:1;}}s:5:"style";a:1:{s:18:"section_background";a:6:{s:21:"background_background";i:2;s:16:"background_image";i:1;s:15:"background_size";i:1;s:17:"background_repeat";i:1;s:19:"background_position";i:1;s:16:"background_color";i:1;}}s:8:"advanced";a:1:{s:16:"section_advanced";a:2:{s:7:"padding";i:3;s:6:"margin";i:2;}}}}s:14:"wd_team_member";a:3:{s:5:"count";i:8;s:15:"control_percent";i:8;s:8:"controls";a:3:{s:7:"content";a:2:{s:23:"general_content_section";a:6:{s:7:"content";i:8;s:4:"name";i:8;s:8:"position";i:8;s:5:"image";i:8;s:10:"image_size";i:8;s:22:"image_custom_dimension";i:8;}s:21:"links_content_section";a:2:{s:8:"linkedin";i:8;s:5:"skype";i:8;}}s:5:"style";a:2:{s:21:"general_style_section";a:3:{s:5:"align";i:8;s:21:"woodmart_color_scheme";i:8;s:6:"layout";i:8;}s:21:"buttons_style_section";a:2:{s:4:"size";i:8;s:5:"style";i:8;}}s:8:"advanced";a:1:{s:8:"wd_extra";a:1:{s:8:"scroll_y";i:8;}}}}s:17:"wd_images_gallery";a:3:{s:5:"count";i:1;s:15:"control_percent";i:6;s:8:"controls";a:3:{s:7:"content";a:2:{s:23:"general_content_section";a:3:{s:8:"ids_size";i:1;s:3:"ids";i:1;s:20:"ids_custom_dimension";i:1;}s:20:"click_action_section";a:1:{s:7:"caption";i:1;}}s:5:"style";a:2:{s:20:"layout_style_section";a:2:{s:4:"view";i:1;s:7:"spacing";i:1;}s:22:"carousel_style_section";a:3:{s:15:"slides_per_view";i:1;s:23:"hide_pagination_control";i:1;s:22:"hide_prev_next_buttons";i:1;}}s:8:"advanced";a:1:{s:8:"wd_extra";a:1:{s:8:"scroll_y";i:1;}}}}}]]></wp:meta_value>
						</wp:postmeta>
										</item>
								<item>
					<title><![CDATA[old-our-team-bg-1]]></title>
					<link>https://dummy.xtemos.com/woodmart2/elementor/our-team/old-our-team-bg-1/</link>
					<pubDate>Thu, 04 Nov 2021 14:19:51 +0000</pubDate>
					<dc:creator><![CDATA[zakhar]]></dc:creator>
					<guid isPermaLink="false">http://dummy.xtemos.com/woodmart2/elementor/wp-content/uploads/sites/2/2021/11/old-our-team-bg-1.jpg</guid>
															<wp:post_id>8617</wp:post_id>
					<wp:post_date><![CDATA[2021-11-04 14:19:51]]></wp:post_date>
					<wp:post_date_gmt><![CDATA[2021-11-04 14:19:51]]></wp:post_date_gmt>
					<wp:post_modified><![CDATA[2021-11-04 14:19:51]]></wp:post_modified>
					<wp:post_modified_gmt><![CDATA[2021-11-04 14:19:51]]></wp:post_modified_gmt>
					<wp:comment_status><![CDATA[open]]></wp:comment_status>
					<wp:post_name><![CDATA[old-our-team-bg-1]]></wp:post_name>
					<wp:status><![CDATA[inherit]]></wp:status>
					<wp:post_parent>8609</wp:post_parent>
					<wp:menu_order>0</wp:menu_order>
					<wp:post_type><![CDATA[attachment]]></wp:post_type>
											<wp:attachment_url><![CDATA[http://dummy.xtemos.com/woodmart2/elementor/wp-content/uploads/sites/2/2021/11/old-our-team-bg-1.jpg]]></wp:attachment_url>
																					<wp:postmeta>
							<wp:meta_key><![CDATA[_wp_attached_file]]></wp:meta_key>
							<wp:meta_value><![CDATA[2021/11/old-our-team-bg-1.jpg]]></wp:meta_value>
						</wp:postmeta>
										</item>
								<item>
					<title><![CDATA[old-team-member-5]]></title>
					<link>https://dummy.xtemos.com/woodmart2/elementor/our-team/old-team-member-5/</link>
					<pubDate>Thu, 04 Nov 2021 14:20:38 +0000</pubDate>
					<dc:creator><![CDATA[zakhar]]></dc:creator>
					<guid isPermaLink="false">http://dummy.xtemos.com/woodmart2/elementor/wp-content/uploads/sites/2/2021/11/old-team-member-5.jpg</guid>
															<wp:post_id>8618</wp:post_id>
					<wp:post_date><![CDATA[2021-11-04 14:20:38]]></wp:post_date>
					<wp:post_date_gmt><![CDATA[2021-11-04 14:20:38]]></wp:post_date_gmt>
					<wp:post_modified><![CDATA[2021-11-04 14:20:38]]></wp:post_modified>
					<wp:post_modified_gmt><![CDATA[2021-11-04 14:20:38]]></wp:post_modified_gmt>
					<wp:comment_status><![CDATA[open]]></wp:comment_status>
					<wp:post_name><![CDATA[old-team-member-5]]></wp:post_name>
					<wp:status><![CDATA[inherit]]></wp:status>
					<wp:post_parent>8609</wp:post_parent>
					<wp:menu_order>0</wp:menu_order>
					<wp:post_type><![CDATA[attachment]]></wp:post_type>
											<wp:attachment_url><![CDATA[http://dummy.xtemos.com/woodmart2/elementor/wp-content/uploads/sites/2/2021/11/old-team-member-5.jpg]]></wp:attachment_url>
																					<wp:postmeta>
							<wp:meta_key><![CDATA[_wp_attached_file]]></wp:meta_key>
							<wp:meta_value><![CDATA[2021/11/old-team-member-5.jpg]]></wp:meta_value>
						</wp:postmeta>
										</item>
								<item>
					<title><![CDATA[old-team-member-6]]></title>
					<link>https://dummy.xtemos.com/woodmart2/elementor/our-team/old-team-member-6/</link>
					<pubDate>Thu, 04 Nov 2021 14:20:40 +0000</pubDate>
					<dc:creator><![CDATA[zakhar]]></dc:creator>
					<guid isPermaLink="false">http://dummy.xtemos.com/woodmart2/elementor/wp-content/uploads/sites/2/2021/11/old-team-member-6.jpg</guid>
															<wp:post_id>8619</wp:post_id>
					<wp:post_date><![CDATA[2021-11-04 14:20:40]]></wp:post_date>
					<wp:post_date_gmt><![CDATA[2021-11-04 14:20:40]]></wp:post_date_gmt>
					<wp:post_modified><![CDATA[2021-11-04 14:20:40]]></wp:post_modified>
					<wp:post_modified_gmt><![CDATA[2021-11-04 14:20:40]]></wp:post_modified_gmt>
					<wp:comment_status><![CDATA[open]]></wp:comment_status>
					<wp:post_name><![CDATA[old-team-member-6]]></wp:post_name>
					<wp:status><![CDATA[inherit]]></wp:status>
					<wp:post_parent>8609</wp:post_parent>
					<wp:menu_order>0</wp:menu_order>
					<wp:post_type><![CDATA[attachment]]></wp:post_type>
											<wp:attachment_url><![CDATA[http://dummy.xtemos.com/woodmart2/elementor/wp-content/uploads/sites/2/2021/11/old-team-member-6.jpg]]></wp:attachment_url>
																					<wp:postmeta>
							<wp:meta_key><![CDATA[_wp_attached_file]]></wp:meta_key>
							<wp:meta_value><![CDATA[2021/11/old-team-member-6.jpg]]></wp:meta_value>
						</wp:postmeta>
										</item>
								<item>
					<title><![CDATA[old-team-member-7]]></title>
					<link>https://dummy.xtemos.com/woodmart2/elementor/our-team/old-team-member-7/</link>
					<pubDate>Thu, 04 Nov 2021 14:20:41 +0000</pubDate>
					<dc:creator><![CDATA[zakhar]]></dc:creator>
					<guid isPermaLink="false">http://dummy.xtemos.com/woodmart2/elementor/wp-content/uploads/sites/2/2021/11/old-team-member-7.jpg</guid>
															<wp:post_id>8620</wp:post_id>
					<wp:post_date><![CDATA[2021-11-04 14:20:41]]></wp:post_date>
					<wp:post_date_gmt><![CDATA[2021-11-04 14:20:41]]></wp:post_date_gmt>
					<wp:post_modified><![CDATA[2021-11-04 14:20:41]]></wp:post_modified>
					<wp:post_modified_gmt><![CDATA[2021-11-04 14:20:41]]></wp:post_modified_gmt>
					<wp:comment_status><![CDATA[open]]></wp:comment_status>
					<wp:post_name><![CDATA[old-team-member-7]]></wp:post_name>
					<wp:status><![CDATA[inherit]]></wp:status>
					<wp:post_parent>8609</wp:post_parent>
					<wp:menu_order>0</wp:menu_order>
					<wp:post_type><![CDATA[attachment]]></wp:post_type>
											<wp:attachment_url><![CDATA[http://dummy.xtemos.com/woodmart2/elementor/wp-content/uploads/sites/2/2021/11/old-team-member-7.jpg]]></wp:attachment_url>
																					<wp:postmeta>
							<wp:meta_key><![CDATA[_wp_attached_file]]></wp:meta_key>
							<wp:meta_value><![CDATA[2021/11/old-team-member-7.jpg]]></wp:meta_value>
						</wp:postmeta>
										</item>
								<item>
					<title><![CDATA[old-team-member-8]]></title>
					<link>https://dummy.xtemos.com/woodmart2/elementor/our-team/old-team-member-8/</link>
					<pubDate>Thu, 04 Nov 2021 14:20:43 +0000</pubDate>
					<dc:creator><![CDATA[zakhar]]></dc:creator>
					<guid isPermaLink="false">http://dummy.xtemos.com/woodmart2/elementor/wp-content/uploads/sites/2/2021/11/old-team-member-8.jpg</guid>
															<wp:post_id>8621</wp:post_id>
					<wp:post_date><![CDATA[2021-11-04 14:20:43]]></wp:post_date>
					<wp:post_date_gmt><![CDATA[2021-11-04 14:20:43]]></wp:post_date_gmt>
					<wp:post_modified><![CDATA[2021-11-04 14:20:43]]></wp:post_modified>
					<wp:post_modified_gmt><![CDATA[2021-11-04 14:20:43]]></wp:post_modified_gmt>
					<wp:comment_status><![CDATA[open]]></wp:comment_status>
					<wp:post_name><![CDATA[old-team-member-8]]></wp:post_name>
					<wp:status><![CDATA[inherit]]></wp:status>
					<wp:post_parent>8609</wp:post_parent>
					<wp:menu_order>0</wp:menu_order>
					<wp:post_type><![CDATA[attachment]]></wp:post_type>
											<wp:attachment_url><![CDATA[http://dummy.xtemos.com/woodmart2/elementor/wp-content/uploads/sites/2/2021/11/old-team-member-8.jpg]]></wp:attachment_url>
																					<wp:postmeta>
							<wp:meta_key><![CDATA[_wp_attached_file]]></wp:meta_key>
							<wp:meta_value><![CDATA[2021/11/old-team-member-8.jpg]]></wp:meta_value>
						</wp:postmeta>
										</item>
								<item>
					<title><![CDATA[old-our-team-image-1]]></title>
					<link>https://dummy.xtemos.com/woodmart2/elementor/our-team/old-our-team-image-1/</link>
					<pubDate>Thu, 04 Nov 2021 14:21:51 +0000</pubDate>
					<dc:creator><![CDATA[zakhar]]></dc:creator>
					<guid isPermaLink="false">http://dummy.xtemos.com/woodmart2/elementor/wp-content/uploads/sites/2/2021/11/old-our-team-image-1.jpg</guid>
															<wp:post_id>8622</wp:post_id>
					<wp:post_date><![CDATA[2021-11-04 14:21:51]]></wp:post_date>
					<wp:post_date_gmt><![CDATA[2021-11-04 14:21:51]]></wp:post_date_gmt>
					<wp:post_modified><![CDATA[2021-11-04 14:21:51]]></wp:post_modified>
					<wp:post_modified_gmt><![CDATA[2021-11-04 14:21:51]]></wp:post_modified_gmt>
					<wp:comment_status><![CDATA[open]]></wp:comment_status>
					<wp:post_name><![CDATA[old-our-team-image-1]]></wp:post_name>
					<wp:status><![CDATA[inherit]]></wp:status>
					<wp:post_parent>8609</wp:post_parent>
					<wp:menu_order>0</wp:menu_order>
					<wp:post_type><![CDATA[attachment]]></wp:post_type>
											<wp:attachment_url><![CDATA[http://dummy.xtemos.com/woodmart2/elementor/wp-content/uploads/sites/2/2021/11/old-our-team-image-1.jpg]]></wp:attachment_url>
																					<wp:postmeta>
							<wp:meta_key><![CDATA[_wp_attached_file]]></wp:meta_key>
							<wp:meta_value><![CDATA[2021/11/old-our-team-image-1.jpg]]></wp:meta_value>
						</wp:postmeta>
										</item>
								<item>
					<title><![CDATA[old-our-team-image-2]]></title>
					<link>https://dummy.xtemos.com/woodmart2/elementor/our-team/old-our-team-image-2/</link>
					<pubDate>Thu, 04 Nov 2021 14:21:52 +0000</pubDate>
					<dc:creator><![CDATA[zakhar]]></dc:creator>
					<guid isPermaLink="false">http://dummy.xtemos.com/woodmart2/elementor/wp-content/uploads/sites/2/2021/11/old-our-team-image-2.jpg</guid>
															<wp:post_id>8623</wp:post_id>
					<wp:post_date><![CDATA[2021-11-04 14:21:52]]></wp:post_date>
					<wp:post_date_gmt><![CDATA[2021-11-04 14:21:52]]></wp:post_date_gmt>
					<wp:post_modified><![CDATA[2021-11-04 14:21:52]]></wp:post_modified>
					<wp:post_modified_gmt><![CDATA[2021-11-04 14:21:52]]></wp:post_modified_gmt>
					<wp:comment_status><![CDATA[open]]></wp:comment_status>
					<wp:post_name><![CDATA[old-our-team-image-2]]></wp:post_name>
					<wp:status><![CDATA[inherit]]></wp:status>
					<wp:post_parent>8609</wp:post_parent>
					<wp:menu_order>0</wp:menu_order>
					<wp:post_type><![CDATA[attachment]]></wp:post_type>
											<wp:attachment_url><![CDATA[http://dummy.xtemos.com/woodmart2/elementor/wp-content/uploads/sites/2/2021/11/old-our-team-image-2.jpg]]></wp:attachment_url>
																					<wp:postmeta>
							<wp:meta_key><![CDATA[_wp_attached_file]]></wp:meta_key>
							<wp:meta_value><![CDATA[2021/11/old-our-team-image-2.jpg]]></wp:meta_value>
						</wp:postmeta>
										</item>
								<item>
					<title><![CDATA[old-our-team-image-3]]></title>
					<link>https://dummy.xtemos.com/woodmart2/elementor/our-team/old-our-team-image-3/</link>
					<pubDate>Thu, 04 Nov 2021 14:21:53 +0000</pubDate>
					<dc:creator><![CDATA[zakhar]]></dc:creator>
					<guid isPermaLink="false">http://dummy.xtemos.com/woodmart2/elementor/wp-content/uploads/sites/2/2021/11/old-our-team-image-3.jpg</guid>
															<wp:post_id>8624</wp:post_id>
					<wp:post_date><![CDATA[2021-11-04 14:21:53]]></wp:post_date>
					<wp:post_date_gmt><![CDATA[2021-11-04 14:21:53]]></wp:post_date_gmt>
					<wp:post_modified><![CDATA[2021-11-04 14:21:53]]></wp:post_modified>
					<wp:post_modified_gmt><![CDATA[2021-11-04 14:21:53]]></wp:post_modified_gmt>
					<wp:comment_status><![CDATA[open]]></wp:comment_status>
					<wp:post_name><![CDATA[old-our-team-image-3]]></wp:post_name>
					<wp:status><![CDATA[inherit]]></wp:status>
					<wp:post_parent>8609</wp:post_parent>
					<wp:menu_order>0</wp:menu_order>
					<wp:post_type><![CDATA[attachment]]></wp:post_type>
											<wp:attachment_url><![CDATA[http://dummy.xtemos.com/woodmart2/elementor/wp-content/uploads/sites/2/2021/11/old-our-team-image-3.jpg]]></wp:attachment_url>
																					<wp:postmeta>
							<wp:meta_key><![CDATA[_wp_attached_file]]></wp:meta_key>
							<wp:meta_value><![CDATA[2021/11/old-our-team-image-3.jpg]]></wp:meta_value>
						</wp:postmeta>
										</item>
								<item>
					<title><![CDATA[old-our-team-image-4]]></title>
					<link>https://dummy.xtemos.com/woodmart2/elementor/our-team/old-our-team-image-4/</link>
					<pubDate>Thu, 04 Nov 2021 14:21:54 +0000</pubDate>
					<dc:creator><![CDATA[zakhar]]></dc:creator>
					<guid isPermaLink="false">http://dummy.xtemos.com/woodmart2/elementor/wp-content/uploads/sites/2/2021/11/old-our-team-image-4.jpg</guid>
															<wp:post_id>8625</wp:post_id>
					<wp:post_date><![CDATA[2021-11-04 14:21:54]]></wp:post_date>
					<wp:post_date_gmt><![CDATA[2021-11-04 14:21:54]]></wp:post_date_gmt>
					<wp:post_modified><![CDATA[2021-11-04 14:21:54]]></wp:post_modified>
					<wp:post_modified_gmt><![CDATA[2021-11-04 14:21:54]]></wp:post_modified_gmt>
					<wp:comment_status><![CDATA[open]]></wp:comment_status>
					<wp:post_name><![CDATA[old-our-team-image-4]]></wp:post_name>
					<wp:status><![CDATA[inherit]]></wp:status>
					<wp:post_parent>8609</wp:post_parent>
					<wp:menu_order>0</wp:menu_order>
					<wp:post_type><![CDATA[attachment]]></wp:post_type>
											<wp:attachment_url><![CDATA[http://dummy.xtemos.com/woodmart2/elementor/wp-content/uploads/sites/2/2021/11/old-our-team-image-4.jpg]]></wp:attachment_url>
																					<wp:postmeta>
							<wp:meta_key><![CDATA[_wp_attached_file]]></wp:meta_key>
							<wp:meta_value><![CDATA[2021/11/old-our-team-image-4.jpg]]></wp:meta_value>
						</wp:postmeta>
										</item>
				</channel>
</rss>
	