{
    "name": "Header Mobile App Overlap",
    "id": "header_523456",
    "structure": {
        "id": "root",
        "type": "root",
        "content": [
            {
                "id": "top-bar",
                "type": "row",
                "content": [
                    {
                        "id": "column5",
                        "type": "column",
                        "content": []
                    },
                    {
                        "id": "column6",
                        "type": "column",
                        "content": []
                    },
                    {
                        "id": "column7",
                        "type": "column",
                        "content": []
                    },
                    {
                        "id": "column_mobile1",
                        "type": "column",
                        "content": []
                    }
                ],
                "params": {
                    "row_columns": {
                        "id": "row_columns",
                        "value": "3",
                        "type": "selector"
                    },
                    "flex_layout": {
                        "id": "flex_layout",
                        "value": "flex-middle",
                        "type": "selector"
                    },
                    "height": {
                        "id": "height",
                        "value": 40,
                        "type": "slider"
                    },
                    "mobile_height": {
                        "id": "mobile_height",
                        "value": 38,
                        "type": "slider"
                    },
                    "hide_desktop": {
                        "id": "hide_desktop",
                        "value": true,
                        "type": "switcher"
                    },
                    "hide_mobile": {
                        "id": "hide_mobile",
                        "value": true,
                        "type": "switcher"
                    },
                    "sticky": {
                        "id": "sticky",
                        "value": false,
                        "type": "switcher"
                    },
                    "sticky_height": {
                        "id": "sticky_height",
                        "value": 40,
                        "type": "slider"
                    },
                    "color_scheme": {
                        "id": "color_scheme",
                        "value": "light",
                        "type": "selector"
                    },
                    "background": {
                        "id": "background",
                        "value": [],
                        "type": "bg"
                    },
                    "border": {
                        "id": "border",
                        "value": "",
                        "type": "border"
                    },
                    "shadow": {
                        "id": "shadow",
                        "value": false,
                        "type": "switcher"
                    }
                }
            },
            {
                "id": "general-header",
                "type": "row",
                "content": [
                    {
                        "id": "column8",
                        "type": "column",
                        "content": [
                            {
                                "id": "gs8bcnxektjsro21n657",
                                "type": "logo",
                                "params": {
                                    "image": {
                                        "id": "image",
                                        "value": {
                                            "id": 302,
                                            "url": "http:\/\/dummy.xtemos.com\/woodmart2\/wp-content\/uploads\/2017\/06\/wood-logo-white-reserve.svg",
                                            "width": 369,
                                            "height": 53
                                        },
                                        "type": "image"
                                    },
                                    "width": {
                                        "id": "width",
                                        "value": 210,
                                        "type": "slider"
                                    },
                                    "sticky_notice": {
                                        "id": "sticky_notice",
                                        "value": "",
                                        "type": "notice"
                                    },
                                    "sticky_image": {
                                        "id": "sticky_image",
                                        "value": "",
                                        "type": "image"
                                    },
                                    "sticky_width": {
                                        "id": "sticky_width",
                                        "value": 250,
                                        "type": "slider"
                                    },
                                    "width_height": {
                                        "id": "width_height",
                                        "value": true,
                                        "type": "switcher"
                                    }
                                }
                            }
                        ]
                    },
                    {
                        "id": "column9",
                        "type": "column",
                        "content": [
                            {
                                "id": "p2ohnqzt7vyqtiguoc50",
                                "type": "mainmenu",
                                "params": {
                                    "menu_id": {
                                        "id": "menu_id",
                                        "value": "",
                                        "type": "options"
                                    },
                                    "full_screen": {
                                        "id": "full_screen",
                                        "value": false,
                                        "type": "switcher"
                                    },
                                    "style": {
                                        "id": "style",
                                        "value": "text",
                                        "type": "selector"
                                    },
                                    "icon_design": {
                                        "id": "icon_design",
                                        "value": "1",
                                        "type": "selector"
                                    },
                                    "wrap_type": {
                                        "id": "wrap_type",
                                        "value": "icon_only",
                                        "type": "selector"
                                    },
                                    "color": {
                                        "id": "color",
                                        "value": "",
                                        "type": "color"
                                    },
                                    "hover_color": {
                                        "id": "hover_color",
                                        "value": "",
                                        "type": "color"
                                    },
                                    "bg_color": {
                                        "id": "bg_color",
                                        "value": "",
                                        "type": "color"
                                    },
                                    "bg_hover_color": {
                                        "id": "bg_hover_color",
                                        "value": "",
                                        "type": "color"
                                    },
                                    "icon_color": {
                                        "id": "icon_color",
                                        "value": "",
                                        "type": "color"
                                    },
                                    "icon_hover_color": {
                                        "id": "icon_hover_color",
                                        "value": "",
                                        "type": "color"
                                    },
                                    "icon_bg_color": {
                                        "id": "icon_bg_color",
                                        "value": "",
                                        "type": "color"
                                    },
                                    "icon_bg_hover_color": {
                                        "id": "icon_bg_hover_color",
                                        "value": "",
                                        "type": "color"
                                    },
                                    "icon_type": {
                                        "id": "icon_type",
                                        "value": "default",
                                        "type": "selector"
                                    },
                                    "custom_icon": {
                                        "id": "custom_icon",
                                        "value": "",
                                        "type": "image"
                                    },
                                    "menu_style": {
                                        "id": "menu_style",
                                        "value": "default",
                                        "type": "selector"
                                    },
                                    "menu_align": {
                                        "id": "menu_align",
                                        "value": "center",
                                        "type": "selector"
                                    },
                                    "items_gap": {
                                        "id": "items_gap",
                                        "value": "s",
                                        "type": "selector"
                                    },
                                    "bg_overlay": {
                                        "id": "bg_overlay",
                                        "value": false,
                                        "type": "switcher"
                                    },
                                    "inline": {
                                        "id": "inline",
                                        "value": false,
                                        "type": "switcher"
                                    }
                                }
                            }
                        ]
                    },
                    {
                        "id": "column10",
                        "type": "column",
                        "content": [
                            {
                                "id": "pttb93xzimj7npnsu8l2",
                                "type": "social",
                                "params": {
                                    "type": {
                                        "id": "type",
                                        "value": "share",
                                        "type": "selector"
                                    },
                                    "el_class": {
                                        "id": "el_class",
                                        "value": "",
                                        "type": "text"
                                    },
                                    "style": {
                                        "id": "style",
                                        "value": "",
                                        "type": "selector"
                                    },
                                    "form": {
                                        "id": "form",
                                        "value": "circle",
                                        "type": "selector"
                                    },
                                    "size": {
                                        "id": "size",
                                        "value": "small",
                                        "type": "options"
                                    },
                                    "color": {
                                        "id": "color",
                                        "value": "light",
                                        "type": "selector"
                                    }
                                }
                            },
                            {
                                "id": "vjxk3oaz4ho5c50qazck",
                                "type": "button",
                                "params": {
                                    "title": {
                                        "id": "title",
                                        "value": "Support us",
                                        "type": "text"
                                    },
                                    "link": {
                                        "id": "link",
                                        "value": [
                                            "#"
                                        ],
                                        "type": "link"
                                    },
                                    "button_smooth_scroll": {
                                        "id": "button_smooth_scroll",
                                        "value": "",
                                        "type": "switcher"
                                    },
                                    "button_smooth_scroll_time": {
                                        "id": "button_smooth_scroll_time",
                                        "value": "",
                                        "type": "text"
                                    },
                                    "button_smooth_scroll_offset": {
                                        "id": "button_smooth_scroll_offset",
                                        "value": "",
                                        "type": "text"
                                    },
                                    "el_class": {
                                        "id": "el_class",
                                        "value": "",
                                        "type": "text"
                                    },
                                    "style": {
                                        "id": "style",
                                        "value": "round",
                                        "type": "selector"
                                    },
                                    "shape": {
                                        "id": "shape",
                                        "value": "rectangle",
                                        "type": "selector"
                                    },
                                    "size": {
                                        "id": "size",
                                        "value": "default",
                                        "type": "options"
                                    },
                                    "color": {
                                        "id": "color",
                                        "value": "primary",
                                        "type": "options"
                                    },
                                    "bg_color": {
                                        "id": "bg_color",
                                        "value": "",
                                        "type": "color"
                                    },
                                    "bg_color_hover": {
                                        "id": "bg_color_hover",
                                        "value": "",
                                        "type": "color"
                                    },
                                    "color_scheme": {
                                        "id": "color_scheme",
                                        "value": "light",
                                        "type": "selector"
                                    },
                                    "custom_color_scheme": {
                                        "id": "custom_color_scheme",
                                        "value": "",
                                        "type": "color"
                                    },
                                    "color_scheme_divider": {
                                        "id": "color_scheme_divider",
                                        "value": "",
                                        "type": "divider"
                                    },
                                    "color_scheme_hover": {
                                        "id": "color_scheme_hover",
                                        "value": "light",
                                        "type": "selector"
                                    },
                                    "custom_color_scheme_hover": {
                                        "id": "custom_color_scheme_hover",
                                        "value": "",
                                        "type": "color"
                                    },
                                    "icon_library": {
                                        "id": "icon_library",
                                        "value": "fontawesome",
                                        "type": "options"
                                    },
                                    "icon_fontawesome": {
                                        "id": "icon_fontawesome",
                                        "value": "",
                                        "type": "text"
                                    },
                                    "icon_openiconic": {
                                        "id": "icon_openiconic",
                                        "value": "",
                                        "type": "text"
                                    },
                                    "icon_typicons": {
                                        "id": "icon_typicons",
                                        "value": "",
                                        "type": "text"
                                    },
                                    "icon_entypo": {
                                        "id": "icon_entypo",
                                        "value": "",
                                        "type": "text"
                                    },
                                    "icon_linecons": {
                                        "id": "icon_linecons",
                                        "value": "",
                                        "type": "text"
                                    },
                                    "icon_monosocial": {
                                        "id": "icon_monosocial",
                                        "value": "",
                                        "type": "text"
                                    },
                                    "icon_material": {
                                        "id": "icon_material",
                                        "value": "",
                                        "type": "text"
                                    },
                                    "image": {
                                        "id": "image",
                                        "value": "",
                                        "type": "image"
                                    },
                                    "img_size": {
                                        "id": "img_size",
                                        "value": "",
                                        "type": "text"
                                    },
                                    "icon_position": {
                                        "id": "icon_position",
                                        "value": "left",
                                        "type": "selector"
                                    }
                                }
                            }
                        ]
                    },
                    {
                        "id": "column_mobile2",
                        "type": "column",
                        "content": [
                            {
                                "id": "lt7vdqgaccmapftzurvt",
                                "type": "logo",
                                "params": {
                                    "image": {
                                        "id": "image",
                                        "value": {
                                            "id": 302,
                                            "url": "http:\/\/dummy.xtemos.com\/woodmart2\/wp-content\/uploads\/2017\/06\/wood-logo-white-reserve.svg",
                                            "width": 369,
                                            "height": 53
                                        },
                                        "type": "image"
                                    },
                                    "width": {
                                        "id": "width",
                                        "value": 138,
                                        "type": "slider"
                                    },
                                    "sticky_notice": {
                                        "id": "sticky_notice",
                                        "value": "",
                                        "type": "notice"
                                    },
                                    "sticky_image": {
                                        "id": "sticky_image",
                                        "value": "",
                                        "type": "image"
                                    },
                                    "sticky_width": {
                                        "id": "sticky_width",
                                        "value": 150,
                                        "type": "slider"
                                    },
                                    "width_height": {
                                        "id": "width_height",
                                        "value": true,
                                        "type": "switcher"
                                    }
                                }
                            }
                        ]
                    },
                    {
                        "id": "column_mobile3",
                        "type": "column",
                        "content": []
                    },
                    {
                        "id": "column_mobile4",
                        "type": "column",
                        "content": [
                            {
                                "id": "g1k0m1tib7raxrwkm1t3",
                                "type": "burger",
                                "params": {
                                    "close_btn": {
                                        "id": "close_btn",
                                        "value": false,
                                        "type": "switcher"
                                    },
                                    "search_form": {
                                        "id": "search_form",
                                        "value": true,
                                        "type": "switcher"
                                    },
                                    "post_type": {
                                        "id": "post_type",
                                        "value": "product",
                                        "type": "selector"
                                    },
                                    "show_wishlist": {
                                        "id": "show_wishlist",
                                        "value": true,
                                        "type": "switcher"
                                    },
                                    "show_compare": {
                                        "id": "show_compare",
                                        "value": true,
                                        "type": "switcher"
                                    },
                                    "show_account": {
                                        "id": "show_account",
                                        "value": true,
                                        "type": "switcher"
                                    },
                                    "show_html_block": {
                                        "id": "show_html_block",
                                        "value": false,
                                        "type": "switcher"
                                    },
                                    "languages": {
                                        "id": "languages",
                                        "value": false,
                                        "type": "switcher"
                                    },
                                    "show_language_flag": {
                                        "id": "show_language_flag",
                                        "value": true,
                                        "type": "switcher"
                                    },
                                    "categories_menu": {
                                        "id": "categories_menu",
                                        "value": true,
                                        "type": "switcher"
                                    },
                                    "primary_menu_title": {
                                        "id": "primary_menu_title",
                                        "value": "",
                                        "type": "text"
                                    },
                                    "secondary_menu_title": {
                                        "id": "secondary_menu_title",
                                        "value": "",
                                        "type": "text"
                                    },
                                    "menu_id": {
                                        "id": "menu_id",
                                        "value": "mobile-categories",
                                        "type": "options"
                                    },
                                    "tabs_swap": {
                                        "id": "tabs_swap",
                                        "value": false,
                                        "type": "switcher"
                                    },
                                    "menu_layout": {
                                        "id": "menu_layout",
                                        "value": "dropdown",
                                        "type": "selector"
                                    },
                                    "drilldown_animation": {
                                        "id": "drilldown_animation",
                                        "value": "slide",
                                        "type": "selector"
                                    },
                                    "submenu_opening_action": {
                                        "id": "submenu_opening_action",
                                        "value": "only_arrow",
                                        "type": "selector"
                                    },
                                    "position": {
                                        "id": "position",
                                        "value": "left",
                                        "type": "selector"
                                    },
                                    "style": {
                                        "id": "style",
                                        "value": "text",
                                        "type": "selector"
                                    },
                                    "icon_design": {
                                        "id": "icon_design",
                                        "value": "1",
                                        "type": "selector"
                                    },
                                    "wrap_type": {
                                        "id": "wrap_type",
                                        "value": "icon_only",
                                        "type": "selector"
                                    },
                                    "color": {
                                        "id": "color",
                                        "value": "",
                                        "type": "color"
                                    },
                                    "hover_color": {
                                        "id": "hover_color",
                                        "value": "",
                                        "type": "color"
                                    },
                                    "bg_color": {
                                        "id": "bg_color",
                                        "value": "",
                                        "type": "color"
                                    },
                                    "bg_hover_color": {
                                        "id": "bg_hover_color",
                                        "value": "",
                                        "type": "color"
                                    },
                                    "icon_color": {
                                        "id": "icon_color",
                                        "value": "",
                                        "type": "color"
                                    },
                                    "icon_hover_color": {
                                        "id": "icon_hover_color",
                                        "value": "",
                                        "type": "color"
                                    },
                                    "icon_bg_color": {
                                        "id": "icon_bg_color",
                                        "value": "",
                                        "type": "color"
                                    },
                                    "icon_bg_hover_color": {
                                        "id": "icon_bg_hover_color",
                                        "value": "",
                                        "type": "color"
                                    },
                                    "icon_type": {
                                        "id": "icon_type",
                                        "value": "default",
                                        "type": "selector"
                                    },
                                    "custom_icon": {
                                        "id": "custom_icon",
                                        "value": "",
                                        "type": "image"
                                    }
                                }
                            }
                        ]
                    }
                ],
                "params": {
                    "row_columns": {
                        "id": "row_columns",
                        "value": "3",
                        "type": "selector"
                    },
                    "flex_layout": {
                        "id": "flex_layout",
                        "value": "flex-middle",
                        "type": "selector"
                    },
                    "height": {
                        "id": "height",
                        "value": 90,
                        "type": "slider"
                    },
                    "mobile_height": {
                        "id": "mobile_height",
                        "value": 60,
                        "type": "slider"
                    },
                    "hide_desktop": {
                        "id": "hide_desktop",
                        "value": false,
                        "type": "switcher"
                    },
                    "hide_mobile": {
                        "id": "hide_mobile",
                        "value": false,
                        "type": "switcher"
                    },
                    "sticky": {
                        "id": "sticky",
                        "value": true,
                        "type": "switcher"
                    },
                    "sticky_height": {
                        "id": "sticky_height",
                        "value": 60,
                        "type": "slider"
                    },
                    "color_scheme": {
                        "id": "color_scheme",
                        "value": "light",
                        "type": "selector"
                    },
                    "background": {
                        "id": "background",
                        "value": "",
                        "type": "bg"
                    },
                    "border": {
                        "id": "border",
                        "value": {
                            "width": "0",
                            "applyFor": "fullwidth",
                            "style": "solid",
                            "sides": [
                                "bottom"
                            ]
                        },
                        "type": "border"
                    },
                    "shadow": {
                        "id": "shadow",
                        "value": false,
                        "type": "switcher"
                    }
                }
            },
            {
                "id": "header-bottom",
                "type": "row",
                "content": [
                    {
                        "id": "column11",
                        "type": "column",
                        "content": []
                    },
                    {
                        "id": "column12",
                        "type": "column",
                        "content": []
                    },
                    {
                        "id": "column13",
                        "type": "column",
                        "content": []
                    },
                    {
                        "id": "column_mobile5",
                        "type": "column",
                        "content": []
                    }
                ],
                "params": {
                    "row_columns": {
                        "id": "row_columns",
                        "value": "3",
                        "type": "selector"
                    },
                    "flex_layout": {
                        "id": "flex_layout",
                        "value": "flex-middle",
                        "type": "selector"
                    },
                    "height": {
                        "id": "height",
                        "value": 52,
                        "type": "slider"
                    },
                    "mobile_height": {
                        "id": "mobile_height",
                        "value": 52,
                        "type": "slider"
                    },
                    "hide_desktop": {
                        "id": "hide_desktop",
                        "value": false,
                        "type": "switcher"
                    },
                    "hide_mobile": {
                        "id": "hide_mobile",
                        "value": false,
                        "type": "switcher"
                    },
                    "sticky": {
                        "id": "sticky",
                        "value": false,
                        "type": "switcher"
                    },
                    "sticky_height": {
                        "id": "sticky_height",
                        "value": 52,
                        "type": "slider"
                    },
                    "color_scheme": {
                        "id": "color_scheme",
                        "value": "dark",
                        "type": "selector"
                    },
                    "background": {
                        "id": "background",
                        "value": "",
                        "type": "bg"
                    },
                    "border": {
                        "id": "border",
                        "value": {
                            "width": "0",
                            "style": "solid",
                            "applyFor": "fullwidth",
                            "sides": [
                                "bottom"
                            ]
                        },
                        "type": "border"
                    },
                    "shadow": {
                        "id": "shadow",
                        "value": false,
                        "type": "switcher"
                    }
                }
            }
        ]
    },
    "settings": {
        "overlap": {
            "id": "overlap",
            "value": true,
            "type": "switcher"
        },
        "boxed": {
            "id": "boxed",
            "value": false,
            "type": "switcher"
        },
        "full_width": {
            "id": "full_width",
            "value": false,
            "type": "switcher"
        },
        "dropdowns_dark": {
            "id": "dropdowns_dark",
            "value": false,
            "type": "switcher"
        },
        "sticky_shadow": {
            "id": "sticky_shadow",
            "value": true,
            "type": "switcher"
        },
        "hide_on_scroll": {
            "id": "hide_on_scroll",
            "value": false,
            "type": "switcher"
        },
        "sticky_effect": {
            "id": "sticky_effect",
            "value": "stick",
            "type": "selector"
        },
        "sticky_clone": {
            "id": "sticky_clone",
            "value": false,
            "type": "switcher"
        },
        "sticky_height": {
            "id": "sticky_height",
            "value": 60,
            "type": "slider"
        }
    }
}