<?xml version="1.0" encoding="UTF-8" ?>
	<!-- This is a WordPress eXtended RSS file generated by WordPress as an export of your site. -->
	<!-- It contains information about your site's posts, pages, comments, categories, and other content. -->
	<!-- You may use this file to transfer that content from one site to another. -->
	<!-- This file is not intended to serve as a complete backup of your site. -->

	<!-- To import this information into a WordPress site follow these steps: -->
	<!-- 1. Log in to that site as an administrator. -->
	<!-- 2. Go to Tools: Import in the WordPress admin panel. -->
	<!-- 3. Install the "WordPress" importer from the list. -->
	<!-- 4. Activate & Run Importer. -->
	<!-- 5. Upload this file using the form provided on that page. -->
	<!-- 6. You will first be asked to map the authors in this export file to users -->
	<!--    on the site. For each author, you may choose to map to an -->
	<!--    existing user on the site or to create a new user. -->
	<!-- 7. WordPress will then import each of the posts, pages, comments, categories, etc. -->
	<!--    contained in this file into your site. -->

	<!-- generator="WordPress/6.2.3" created="2024-01-09 13:02" -->
<rss version="2.0"
	xmlns:excerpt="http://wordpress.org/export/1.2/excerpt/"
	xmlns:content="http://purl.org/rss/1.0/modules/content/"
	xmlns:wfw="http://wellformedweb.org/CommentAPI/"
	xmlns:dc="http://purl.org/dc/elements/1.1/"
	xmlns:wp="http://wordpress.org/export/1.2/"
>

<channel>
	<title>Elementor 2.0 WoodMart dummy</title>
	<link>https://dummy.xtemos.com/woodmart2/elementor</link>
	<description>Just another WoodMart Dummy 2.0 Sites site</description>
	<pubDate>Tue, 09 Jan 2024 13:02:16 +0000</pubDate>
	<language>en-US</language>
	<wp:wxr_version>1.2</wp:wxr_version>
	<wp:base_site_url>https://dummy.xtemos.com/woodmart2/</wp:base_site_url>
	<wp:base_blog_url>https://dummy.xtemos.com/woodmart2/elementor</wp:base_blog_url>

		<wp:author><wp:author_id>2</wp:author_id><wp:author_login><![CDATA[zakhar]]></wp:author_login><wp:author_email><![CDATA[zak@asda.as]]></wp:author_email><wp:author_display_name><![CDATA[Mr. Mackay]]></wp:author_display_name><wp:author_first_name><![CDATA[sds]]></wp:author_first_name><wp:author_last_name><![CDATA[scssc]]></wp:author_last_name></wp:author>

					<wp:term>
			<wp:term_id>0</wp:term_id>
			<wp:term_taxonomy><![CDATA[]]></wp:term_taxonomy>
			<wp:term_slug><![CDATA[]]></wp:term_slug>
			<wp:term_parent><![CDATA[]]></wp:term_parent>
					</wp:term>
		
	<generator>https://wordpress.org/?v=6.2.3</generator>

					<item>
					<title><![CDATA[Popup with contact form]]></title>
					<link>https://dummy.xtemos.com/woodmart2/elementor/?cms_block=popup-with-contact-form</link>
					<pubDate>Thu, 02 Sep 2021 16:29:47 +0000</pubDate>
					<dc:creator><![CDATA[zakhar]]></dc:creator>
					<guid isPermaLink="false">http://dummy.xtemos.com/woodmart2/elementor/?post_type=cms_block&#038;p=1570</guid>
											<content:encoded><![CDATA[<link rel="stylesheet" id="wd-section-title-css" href="https://dummy.xtemos.com/woodmart2/elementor/wp-content/themes/woodmart/css/parts/el-section-title.min.css?ver=7.3.0" type="text/css" media="all" /> 					
				<h4>SEND US A MESSAGE</h4> 
<p role="status" aria-live="polite" aria-atomic="true"></p> <ul></ul>
<form action="/woodmart2/elementor/wp-admin/admin-ajax.php#wpcf7-f1572-o1" method="post" aria-label="Contact form" novalidate="novalidate" data-status="init">
<input type="hidden" name="_wpcf7" value="1572" />
<input type="hidden" name="_wpcf7_version" value="5.7.7" />
<input type="hidden" name="_wpcf7_locale" value="en_US" />
<input type="hidden" name="_wpcf7_unit_tag" value="wpcf7-f1572-o1" />
<input type="hidden" name="_wpcf7_container_post" value="0" />
<input type="hidden" name="_wpcf7_posted_data_hash" value="" />
	<p><label>Your Name</label><input size="40" aria-required="true" aria-invalid="false" value="" type="text" name="your-name" />
	</p>
	<p><label>Your Email</label><input size="40" aria-required="true" aria-invalid="false" value="" type="email" name="your-email" />
	</p>
	<p><label>Phone Number</label><input size="40" aria-invalid="false" value="" type="tel" name="tel-767" />
	</p>
	<p><label>Company</label><input size="40" aria-invalid="false" value="" type="text" name="text-1" />
	</p>
<p><label>Your Message</label><textarea cols="40" rows="10" aria-invalid="false" name="your-message"></textarea>
</p>
<p><input type="submit" value="ASK A QUESTION" />
</p>
</form>
				<h4>CONTACT INFORMATION</h4> 
						<link rel="stylesheet" id="wd-info-box-css" href="https://dummy.xtemos.com/woodmart2/elementor/wp-content/themes/woodmart/css/parts/el-info-box.min.css?ver=7.3.0" type="text/css" media="all" /> 					
															<svg id="svg-2861" xmlns="http://www.w3.org/2000/svg" xmlns:xlink="http://www.w3.org/1999/xlink" version="1.1" id="svg-3596" x="0px" y="0px" viewBox="0 0 54.757 54.757" style="enable-background:new 0 0 54.757 54.757;" xml:space="preserve"><g><path d="M27.557,12c-3.859,0-7,3.141-7,7s3.141,7,7,7s7-3.141,7-7S31.416,12,27.557,12z M27.557,24c-2.757,0-5-2.243-5-5 s2.243-5,5-5s5,2.243,5,5S30.314,24,27.557,24z" fill="currentColor"></path><path d="M40.94,5.617C37.318,1.995,32.502,0,27.38,0c-5.123,0-9.938,1.995-13.56,5.617c-6.703,6.702-7.536,19.312-1.804,26.952 L27.38,54.757L42.721,32.6C48.476,24.929,47.643,12.319,40.94,5.617z M41.099,31.431L27.38,51.243L13.639,31.4 C8.44,24.468,9.185,13.08,15.235,7.031C18.479,3.787,22.792,2,27.38,2s8.901,1.787,12.146,5.031 C45.576,13.08,46.321,24.468,41.099,31.431z" fill="currentColor"></path></g><g></g><g></g><g></g><g></g><g></g><g></g><g></g><g></g><g></g><g></g><g></g><g></g><g></g><g></g><g></g></svg> 													
					<p>50 East 52nd Street<br />Brooklyn, NY 10022<br />United States</p>
															<svg id="svg-2602" xmlns="http://www.w3.org/2000/svg" xmlns:xlink="http://www.w3.org/1999/xlink" version="1.1" id="svg-5981" x="0px" y="0px" viewBox="0 0 60 60" style="enable-background:new 0 0 60 60;" xml:space="preserve"><g><path d="M42.595,0H17.405C14.977,0,13,1.977,13,4.405v51.189C13,58.023,14.977,60,17.405,60h25.189C45.023,60,47,58.023,47,55.595 V4.405C47,1.977,45.023,0,42.595,0z M15,8h30v38H15V8z M17.405,2h25.189C43.921,2,45,3.079,45,4.405V6H15V4.405 C15,3.079,16.079,2,17.405,2z M42.595,58H17.405C16.079,58,15,56.921,15,55.595V48h30v7.595C45,56.921,43.921,58,42.595,58z" fill="currentColor"></path><path d="M30,49c-2.206,0-4,1.794-4,4s1.794,4,4,4s4-1.794,4-4S32.206,49,30,49z M30,55c-1.103,0-2-0.897-2-2s0.897-2,2-2 s2,0.897,2,2S31.103,55,30,55z" fill="currentColor"></path><path d="M26,5h4c0.553,0,1-0.447,1-1s-0.447-1-1-1h-4c-0.553,0-1,0.447-1,1S25.447,5,26,5z" fill="currentColor"></path><path d="M33,5h1c0.553,0,1-0.447,1-1s-0.447-1-1-1h-1c-0.553,0-1,0.447-1,1S32.447,5,33,5z" fill="currentColor"></path><path d="M56.612,4.569c-0.391-0.391-1.023-0.391-1.414,0s-0.391,1.023,0,1.414c3.736,3.736,3.736,9.815,0,13.552 c-0.391,0.391-0.391,1.023,0,1.414c0.195,0.195,0.451,0.293,0.707,0.293s0.512-0.098,0.707-0.293 C61.128,16.434,61.128,9.085,56.612,4.569z" fill="currentColor"></path><path d="M52.401,6.845c-0.391-0.391-1.023-0.391-1.414,0s-0.391,1.023,0,1.414c1.237,1.237,1.918,2.885,1.918,4.639 s-0.681,3.401-1.918,4.638c-0.391,0.391-0.391,1.023,0,1.414c0.195,0.195,0.451,0.293,0.707,0.293s0.512-0.098,0.707-0.293 c1.615-1.614,2.504-3.764,2.504-6.052S54.017,8.459,52.401,6.845z" fill="currentColor"></path><path d="M4.802,5.983c0.391-0.391,0.391-1.023,0-1.414s-1.023-0.391-1.414,0c-4.516,4.516-4.516,11.864,0,16.38 c0.195,0.195,0.451,0.293,0.707,0.293s0.512-0.098,0.707-0.293c0.391-0.391,0.391-1.023,0-1.414 C1.065,15.799,1.065,9.72,4.802,5.983z" fill="currentColor"></path><path d="M9.013,6.569c-0.391-0.391-1.023-0.391-1.414,0c-1.615,1.614-2.504,3.764-2.504,6.052s0.889,4.438,2.504,6.053 c0.195,0.195,0.451,0.293,0.707,0.293s0.512-0.098,0.707-0.293c0.391-0.391,0.391-1.023,0-1.414 c-1.237-1.237-1.918-2.885-1.918-4.639S7.775,9.22,9.013,7.983C9.403,7.593,9.403,6.96,9.013,6.569z" fill="currentColor"></path></g><g></g><g></g><g></g><g></g><g></g><g></g><g></g><g></g><g></g><g></g><g></g><g></g><g></g><g></g><g></g></svg> 													
					<p>+1322224332<br />+4643758533</p>
															<svg id="svg-5511" xmlns="http://www.w3.org/2000/svg" xmlns:xlink="http://www.w3.org/1999/xlink" version="1.1" id="svg-8111" x="0px" y="0px" viewBox="0 0 60.062 60.062" style="enable-background:new 0 0 60.062 60.062;" xml:space="preserve"><path d="M60.046,11.196c0.004-0.024,0.011-0.048,0.013-0.072c0.007-0.074-0.001-0.149-0.01-0.224 c-0.002-0.019,0.001-0.037-0.002-0.056c-0.018-0.099-0.051-0.196-0.1-0.289c-0.008-0.016-0.019-0.031-0.028-0.047 c-0.002-0.002-0.002-0.005-0.003-0.008c-0.001-0.002-0.004-0.003-0.005-0.006c-0.007-0.011-0.013-0.023-0.02-0.033 c-0.062-0.091-0.137-0.166-0.221-0.23c-0.019-0.014-0.041-0.022-0.061-0.035c-0.074-0.049-0.152-0.089-0.236-0.116 c-0.037-0.012-0.074-0.018-0.112-0.025c-0.073-0.015-0.146-0.022-0.222-0.02c-0.04,0.001-0.078,0.003-0.118,0.009 c-0.026,0.004-0.051,0-0.077,0.006L0.798,22.046c-0.413,0.086-0.729,0.421-0.788,0.839s0.15,0.828,0.523,1.025l16.632,8.773 l2.917,16.187c-0.002,0.012,0.001,0.025,0,0.037c-0.01,0.08-0.011,0.158-0.001,0.237c0.005,0.04,0.01,0.078,0.02,0.117 c0.023,0.095,0.06,0.184,0.11,0.268c0.01,0.016,0.01,0.035,0.021,0.051c0.003,0.005,0.008,0.009,0.012,0.013 c0.013,0.019,0.031,0.034,0.046,0.053c0.047,0.058,0.096,0.111,0.152,0.156c0.009,0.007,0.015,0.018,0.025,0.025 c0.015,0.011,0.032,0.014,0.047,0.024c0.061,0.04,0.124,0.073,0.191,0.099c0.027,0.01,0.052,0.022,0.08,0.03 c0.09,0.026,0.183,0.044,0.277,0.044c0.001,0,0.002,0,0.003,0h0c0,0,0,0,0,0c0.004,0,0.008-0.002,0.012-0.002 c0.017,0.001,0.034,0.002,0.051,0.002c0.277,0,0.527-0.124,0.712-0.315l11.079-7.386l11.6,7.54c0.164,0.106,0.354,0.161,0.545,0.161 c0.105,0,0.212-0.017,0.315-0.051c0.288-0.096,0.518-0.318,0.623-0.604l13.996-37.989c0.013-0.034,0.024-0.069,0.033-0.105 c0.004-0.015,0.005-0.03,0.008-0.044C60.042,11.22,60.044,11.208,60.046,11.196z M48.464,17.579L24.471,35.22 c-0.039,0.029-0.07,0.065-0.104,0.099c-0.013,0.012-0.026,0.022-0.037,0.035c-0.021,0.023-0.04,0.046-0.059,0.071 c-0.018,0.024-0.032,0.049-0.048,0.074c-0.037,0.06-0.068,0.122-0.092,0.188c-0.005,0.013-0.013,0.023-0.017,0.036 c-0.001,0.004-0.005,0.006-0.006,0.01l-2.75,8.937l-2.179-12.091L48.464,17.579z M22.908,46.594l2.726-9.004l4.244,2.759 l1.214,0.789l-4.124,2.749L22.908,46.594z M52.044,13.498L18.071,30.899l-14.14-7.458L52.044,13.498z M44.559,47.504L29.154,37.492 l-2.333-1.517l30.154-22.172L44.559,47.504z" fill="currentColor"></path><g></g><g></g><g></g><g></g><g></g><g></g><g></g><g></g><g></g><g></g><g></g><g></g><g></g><g></g><g></g></svg> 													
					<p>info@google.com<br />support@google.com</p>
		<p>Do you have questions about how we can help your company? Send us an email and we’ll get in touch shortly.</p>		
						<link rel="stylesheet" id="wd-social-icons-css" href="https://dummy.xtemos.com/woodmart2/elementor/wp-content/themes/woodmart/css/parts/el-social-icons.min.css?ver=7.3.0" type="text/css" media="all" /> 			
									<a rel="noopener noreferrer nofollow" href="https://www.facebook.com/sharer/sharer.php?u=https://dummy.xtemos.com/woodmart2/elementor/?cms_block=popup-with-contact-form" target="_blank" aria-label="Facebook social link">
											</a>
									<a rel="noopener noreferrer nofollow" href="https://x.com/share?url=https://dummy.xtemos.com/woodmart2/elementor/?cms_block=popup-with-contact-form" target="_blank" aria-label="X social link">
											</a>
									<a rel="noopener noreferrer nofollow" href="https://pinterest.com/pin/create/button/?url=https://dummy.xtemos.com/woodmart2/elementor/?cms_block=popup-with-contact-form&media=https://dummy.xtemos.com/woodmart2/elementor/wp-includes/images/media/default.png&description=Popup+with+contact+form" target="_blank" aria-label="Pinterest social link">
											</a>
									<a rel="noopener noreferrer nofollow" href="https://www.linkedin.com/shareArticle?mini=true&url=https://dummy.xtemos.com/woodmart2/elementor/?cms_block=popup-with-contact-form" target="_blank" aria-label="Linkedin social link">
											</a>
									<a rel="noopener noreferrer nofollow" href="https://telegram.me/share/url?url=https://dummy.xtemos.com/woodmart2/elementor/?cms_block=popup-with-contact-form" target="_blank" aria-label="Telegram social link">
											</a>]]></content:encoded>
															<wp:post_id>1570</wp:post_id>
					<wp:post_date><![CDATA[2021-09-02 16:29:47]]></wp:post_date>
					<wp:post_date_gmt><![CDATA[2021-09-02 16:29:47]]></wp:post_date_gmt>
					<wp:post_modified><![CDATA[2023-12-07 15:10:12]]></wp:post_modified>
					<wp:post_modified_gmt><![CDATA[2023-12-07 15:10:12]]></wp:post_modified_gmt>
					<wp:comment_status><![CDATA[closed]]></wp:comment_status>
					<wp:post_name><![CDATA[popup-with-contact-form]]></wp:post_name>
					<wp:status><![CDATA[publish]]></wp:status>
					<wp:post_parent>0</wp:post_parent>
					<wp:menu_order>0</wp:menu_order>
					<wp:post_type><![CDATA[cms_block]]></wp:post_type>
																					<wp:postmeta>
							<wp:meta_key><![CDATA[_wp_page_template]]></wp:meta_key>
							<wp:meta_value><![CDATA[default]]></wp:meta_value>
						</wp:postmeta>
												<wp:postmeta>
							<wp:meta_key><![CDATA[_elementor_edit_mode]]></wp:meta_key>
							<wp:meta_value><![CDATA[builder]]></wp:meta_value>
						</wp:postmeta>
												<wp:postmeta>
							<wp:meta_key><![CDATA[_elementor_template_type]]></wp:meta_key>
							<wp:meta_value><![CDATA[wp-post]]></wp:meta_value>
						</wp:postmeta>
												<wp:postmeta>
							<wp:meta_key><![CDATA[_elementor_version]]></wp:meta_key>
							<wp:meta_value><![CDATA[3.16.6]]></wp:meta_value>
						</wp:postmeta>
												<wp:postmeta>
							<wp:meta_key><![CDATA[_elementor_data]]></wp:meta_key>
							<wp:meta_value><![CDATA[[{"id":"f25d21b","elType":"container","settings":{"structure":"20","margin":{"unit":"px","top":"","right":"","bottom":"","left":"","isLinked":"1"},"flex_direction":"row","flex_gap":{"size":0,"column":"0","row":"0","unit":"px","isLinked":true},"container_sticky_offset":50,"scroll_y":-80},"elements":[{"id":"4438063","elType":"container","settings":{"_column_size":"50","width":{"size":66,"unit":"%"},"column_sticky_offset":"50","scroll_y":"-80","padding":{"unit":"px","top":"30","right":"30","bottom":"15","left":"30","isLinked":""},"width_tablet":{"size":"100","unit":"%"},"padding_tablet":{"unit":"px","top":"30","right":"30","bottom":"15","left":"30","isLinked":""},"content_width":"full","container_sticky_offset":50},"elements":[{"id":"1d71615","elType":"widget","settings":{"subtitle":"","title":"SEND US A MESSAGE","after_title":"","align":"left","scroll_y":"-80","size":"small","title_typography_typography":"custom"},"elements":[],"widgetType":"wd_title"},{"id":"cdccc72","elType":"widget","settings":{"form_id":"1572","scroll_y":"-80"},"elements":[],"widgetType":"wd_contact_form_7"}],"isInner":true},{"id":"702dc34","elType":"container","settings":{"_column_size":"50","width":{"size":34,"unit":"%"},"column_sticky_offset":"50","scroll_y":"-80","background_background":"classic","background_color":"#333333","padding":{"unit":"px","top":"30","right":"30","bottom":"30","left":"30","isLinked":"1"},"width_tablet":{"size":"100","unit":"%"},"wd_color_scheme":"light","content_width":"full","container_sticky_offset":50},"elements":[{"id":"8346027","elType":"widget","settings":{"subtitle":"","title":"CONTACT INFORMATION","after_title":"","color":"white","align":"left","scroll_y":"-80","size":"small"},"elements":[],"widgetType":"wd_title"},{"id":"794b471","elType":"widget","settings":{"subtitle":"","title":"","content":"<p>50 East 52nd Street<br \/>Brooklyn, NY 10022<br \/>United States<\/p>","btn_text":"","icon_type":"icon","icon_text":"53","image":{"url":"http:\/\/dummy.xtemos.com\/woodmart2\/elementor\/wp-content\/uploads\/sites\/2\/2021\/09\/wd-pointer.svg","id":1576,"alt":"","source":"library"},"image_size":"custom","image_custom_dimension":{"width":"30","height":"30"},"alignment":"left","image_alignment":"left","custom_text_color":"rgba(255, 255, 255, 0.8)","scroll_y":"-80"},"elements":[],"widgetType":"wd_infobox"},{"id":"29edaba","elType":"widget","settings":{"subtitle":"","title":"","content":"<p>+1322224332<br \/>+4643758533<\/p>","btn_text":"","icon_type":"icon","icon_text":"53","image":{"url":"http:\/\/dummy.xtemos.com\/woodmart2\/elementor\/wp-content\/uploads\/sites\/2\/2021\/09\/wd-mobile.svg","id":1574,"alt":"","source":"library"},"image_size":"custom","image_custom_dimension":{"width":"30","height":"30"},"alignment":"left","image_alignment":"left","custom_text_color":"rgba(255, 255, 255, 0.8)","scroll_y":"-80"},"elements":[],"widgetType":"wd_infobox"},{"id":"f93fe75","elType":"widget","settings":{"subtitle":"","title":"","content":"<p>info@google.com<br \/>support@google.com<\/p>","btn_text":"","icon_type":"icon","icon_text":"53","image":{"url":"http:\/\/dummy.xtemos.com\/woodmart2\/elementor\/wp-content\/uploads\/sites\/2\/2021\/09\/wd-paper-plane.svg","id":1575,"alt":"","source":"library"},"image_size":"custom","image_custom_dimension":{"width":"30","height":"30"},"alignment":"left","image_alignment":"left","custom_text_color":"rgba(255, 255, 255, 0.8)","scroll_y":"-80","_padding":{"unit":"px","top":"0","right":"0","bottom":"20","left":"0","isLinked":false},"_border_border":"solid","_border_width":{"unit":"px","top":"0","right":"0","bottom":"1","left":"0","isLinked":false},"_border_color":"#FFFFFF26"},"elements":[],"widgetType":"wd_infobox"},{"id":"b63ac0c","elType":"widget","settings":{"editor":"<p>Do you have questions about how we can help your company? Send us an email and we\u2019ll get in touch shortly.<\/p>","wd_color_scheme":"light","scroll_y":"-80"},"elements":[],"widgetType":"text-editor"},{"id":"8d60138","elType":"widget","settings":{"size":"small","align":"left","style":"colored","scroll_y":"-80","label_text":"Share: ","fb_link":"#","twitter_link":"#","isntagram_link":"#","pinterest_link":"#","youtube_link":"#"},"elements":[],"widgetType":"wd_social_buttons"}],"isInner":true}],"isInner":false}]]]></wp:meta_value>
						</wp:postmeta>
												<wp:postmeta>
							<wp:meta_key><![CDATA[_elementor_page_assets]]></wp:meta_key>
							<wp:meta_value><![CDATA[a:0:{}]]></wp:meta_value>
						</wp:postmeta>
												<wp:postmeta>
							<wp:meta_key><![CDATA[_elementor_controls_usage]]></wp:meta_key>
							<wp:meta_value><![CDATA[a:7:{s:8:"wd_title";a:3:{s:5:"count";i:2;s:15:"control_percent";i:4;s:8:"controls";a:3:{s:7:"content";a:1:{s:23:"general_content_section";a:3:{s:8:"subtitle";i:2;s:5:"title";i:2;s:11:"after_title";i:2;}}s:5:"style";a:4:{s:21:"general_style_section";a:3:{s:5:"align";i:2;s:4:"size";i:2;s:5:"color";i:1;}s:19:"title_style_section";a:2:{s:27:"title_typography_typography";i:1;s:28:"title_typography_line_height";i:2;}s:22:"subtitle_style_section";a:1:{s:31:"subtitle_typography_line_height";i:2;}s:18:"text_style_section";a:1:{s:27:"text_typography_line_height";i:2;}}s:8:"advanced";a:1:{s:8:"wd_extra";a:1:{s:8:"scroll_y";i:2;}}}}s:17:"wd_contact_form_7";a:3:{s:5:"count";i:1;s:15:"control_percent";i:1;s:8:"controls";a:2:{s:7:"content";a:1:{s:23:"general_content_section";a:1:{s:7:"form_id";i:1;}}s:8:"advanced";a:1:{s:8:"wd_extra";a:1:{s:8:"scroll_y";i:1;}}}}s:6:"column";a:3:{s:5:"count";i:2;s:15:"control_percent";i:3;s:8:"controls";a:3:{s:6:"layout";a:1:{s:6:"layout";a:1:{s:12:"_inline_size";i:2;}}s:8:"advanced";a:2:{s:8:"wd_extra";a:2:{s:20:"column_sticky_offset";i:2;s:8:"scroll_y";i:2;}s:16:"section_advanced";a:1:{s:7:"padding";i:2;}}s:5:"style";a:2:{s:13:"section_style";a:2:{s:21:"background_background";i:1;s:16:"background_color";i:1;}s:14:"wd_extra_style";a:1:{s:15:"wd_color_scheme";i:1;}}}}s:10:"wd_infobox";a:3:{s:5:"count";i:3;s:15:"control_percent";i:7;s:8:"controls";a:3:{s:7:"content";a:2:{s:15:"content_section";a:4:{s:8:"subtitle";i:3;s:5:"title";i:3;s:7:"content";i:3;s:8:"btn_text";i:3;}s:20:"icon_content_section";a:4:{s:9:"icon_type";i:3;s:5:"image";i:3;s:10:"image_size";i:3;s:22:"image_custom_dimension";i:3;}}s:5:"style";a:4:{s:21:"general_style_section";a:2:{s:9:"alignment";i:3;s:15:"image_alignment";i:3;}s:21:"content_style_section";a:2:{s:17:"custom_text_color";i:3;s:30:"content_typography_line_height";i:3;}s:22:"subtitle_style_section";a:1:{s:31:"subtitle_typography_line_height";i:3;}s:19:"title_style_section";a:1:{s:28:"title_typography_line_height";i:3;}}s:8:"advanced";a:3:{s:8:"wd_extra";a:1:{s:8:"scroll_y";i:3;}s:14:"_section_style";a:2:{s:7:"_margin";i:1;s:8:"_padding";i:1;}s:15:"_section_border";a:3:{s:14:"_border_border";i:1;s:13:"_border_width";i:1;s:13:"_border_color";i:1;}}}}s:11:"text-editor";a:3:{s:5:"count";i:1;s:15:"control_percent";i:3;s:8:"controls";a:3:{s:7:"content";a:1:{s:14:"section_editor";a:1:{s:6:"editor";i:1;}}s:5:"style";a:2:{s:13:"section_style";a:2:{s:15:"wd_color_scheme";i:1;s:22:"typography_line_height";i:1;}s:16:"section_drop_cap";a:1:{s:31:"drop_cap_typography_line_height";i:1;}}s:8:"advanced";a:1:{s:8:"wd_extra";a:1:{s:8:"scroll_y";i:1;}}}}s:17:"wd_social_buttons";a:3:{s:5:"count";i:1;s:15:"control_percent";i:3;s:8:"controls";a:2:{s:5:"style";a:1:{s:21:"general_style_section";a:3:{s:4:"size";i:1;s:5:"align";i:1;s:5:"style";i:1;}}s:8:"advanced";a:1:{s:8:"wd_extra";a:1:{s:8:"scroll_y";i:1;}}}}s:7:"section";a:3:{s:5:"count";i:1;s:15:"control_percent";i:1;s:8:"controls";a:2:{s:6:"layout";a:1:{s:17:"section_structure";a:1:{s:9:"structure";i:1;}}s:8:"advanced";a:1:{s:16:"section_advanced";a:1:{s:6:"margin";i:1;}}}}}]]></wp:meta_value>
						</wp:postmeta>
										</item>
								<item>
					<title><![CDATA[Contact form alternative]]></title>
					<link>https://dummy.xtemos.com/woodmart2/elementor/?post_type=wpcf7_contact_form&#038;p=1572</link>
					<pubDate>Thu, 02 Sep 2021 16:32:01 +0000</pubDate>
					<dc:creator><![CDATA[zakhar]]></dc:creator>
					<guid isPermaLink="false">http://dummy.xtemos.com/woodmart2/elementor/?post_type=wpcf7_contact_form&#038;p=1572</guid>
											<content:encoded><![CDATA[<div class="row">
<p class="col-md-6"><label>Your Name</label>[text* your-name]</p>
<p class="col-md-6"><label>Your Email</label>[email* your-email]</p>
</div>
<div class="row">
<p class="col-md-6"><label>Phone Number</label>[tel tel-767]</p>
<p class="col-md-6"><label>Company</label>[text text-1]</p>
</div>
<p><label>Your Message</label>[textarea your-message]</p>
<p>[submit class:btn-color-black "ASK A QUESTION"]</p>
1
[_site_title] "[your-subject]"
[_site_title] <wordpress@dummy.xtemos.com>
[_site_admin_email]
From: [your-name] <[your-email]>
Subject: [your-subject]

Message Body:
[your-message]

-- 
This e-mail was sent from a contact form on [_site_title] ([_site_url])
Reply-To: [your-email]




[_site_title] "[your-subject]"
[_site_title] <wordpress@dummy.xtemos.com>
[your-email]
Message Body:
[your-message]

-- 
This e-mail was sent from a contact form on [_site_title] ([_site_url])
Reply-To: [_site_admin_email]



Thank you for your message. It has been sent.
There was an error trying to send your message. Please try again later.
One or more fields have an error. Please check and try again.
There was an error trying to send your message. Please try again later.
You must accept the terms and conditions before sending your message.
The field is required.
The field is too long.
The field is too short.
There was an unknown error uploading the file.
You are not allowed to upload files of this type.
The file is too big.
There was an error uploading the file.
The date format is incorrect.
The date is before the earliest one allowed.
The date is after the latest one allowed.
The number format is invalid.
The number is smaller than the minimum allowed.
The number is larger than the maximum allowed.
The answer to the quiz is incorrect.
The e-mail address entered is invalid.
The URL is invalid.
The telephone number is invalid.]]></content:encoded>
															<wp:post_id>1572</wp:post_id>
					<wp:post_date><![CDATA[2021-09-02 16:32:01]]></wp:post_date>
					<wp:post_date_gmt><![CDATA[2021-09-02 16:32:01]]></wp:post_date_gmt>
					<wp:post_modified><![CDATA[2022-06-20 13:59:05]]></wp:post_modified>
					<wp:post_modified_gmt><![CDATA[2022-06-20 13:59:05]]></wp:post_modified_gmt>
					<wp:comment_status><![CDATA[closed]]></wp:comment_status>
					<wp:post_name><![CDATA[contact-form-alternative]]></wp:post_name>
					<wp:status><![CDATA[publish]]></wp:status>
					<wp:post_parent>0</wp:post_parent>
					<wp:menu_order>0</wp:menu_order>
					<wp:post_type><![CDATA[wpcf7_contact_form]]></wp:post_type>
																					<wp:postmeta>
							<wp:meta_key><![CDATA[_form]]></wp:meta_key>
							<wp:meta_value><![CDATA[<div class="row">
<p class="col-md-6"><label>Your Name</label>[text* your-name]</p>
<p class="col-md-6"><label>Your Email</label>[email* your-email]</p>
</div>
<div class="row">
<p class="col-md-6"><label>Phone Number</label>[tel tel-767]</p>
<p class="col-md-6"><label>Company</label>[text text-1]</p>
</div>
<p><label>Your Message</label>[textarea your-message]</p>
<p>[submit class:btn-color-black "ASK A QUESTION"]</p>]]></wp:meta_value>
						</wp:postmeta>
												<wp:postmeta>
							<wp:meta_key><![CDATA[_mail]]></wp:meta_key>
							<wp:meta_value><![CDATA[a:9:{s:6:"active";b:1;s:7:"subject";s:30:"[_site_title] "[your-subject]"";s:6:"sender";s:42:"[_site_title] <wordpress@dummy.xtemos.com>";s:9:"recipient";s:19:"[_site_admin_email]";s:4:"body";s:163:"From: [your-name] <[your-email]>
Subject: [your-subject]

Message Body:
[your-message]

-- 
This e-mail was sent from a contact form on [_site_title] ([_site_url])";s:18:"additional_headers";s:22:"Reply-To: [your-email]";s:11:"attachments";s:0:"";s:8:"use_html";b:0;s:13:"exclude_blank";b:0;}]]></wp:meta_value>
						</wp:postmeta>
												<wp:postmeta>
							<wp:meta_key><![CDATA[_mail_2]]></wp:meta_key>
							<wp:meta_value><![CDATA[a:9:{s:6:"active";b:0;s:7:"subject";s:30:"[_site_title] "[your-subject]"";s:6:"sender";s:42:"[_site_title] <wordpress@dummy.xtemos.com>";s:9:"recipient";s:12:"[your-email]";s:4:"body";s:105:"Message Body:
[your-message]

-- 
This e-mail was sent from a contact form on [_site_title] ([_site_url])";s:18:"additional_headers";s:29:"Reply-To: [_site_admin_email]";s:11:"attachments";s:0:"";s:8:"use_html";b:0;s:13:"exclude_blank";b:0;}]]></wp:meta_value>
						</wp:postmeta>
												<wp:postmeta>
							<wp:meta_key><![CDATA[_messages]]></wp:meta_key>
							<wp:meta_value><![CDATA[a:22:{s:12:"mail_sent_ok";s:45:"Thank you for your message. It has been sent.";s:12:"mail_sent_ng";s:71:"There was an error trying to send your message. Please try again later.";s:16:"validation_error";s:61:"One or more fields have an error. Please check and try again.";s:4:"spam";s:71:"There was an error trying to send your message. Please try again later.";s:12:"accept_terms";s:69:"You must accept the terms and conditions before sending your message.";s:16:"invalid_required";s:22:"The field is required.";s:16:"invalid_too_long";s:22:"The field is too long.";s:17:"invalid_too_short";s:23:"The field is too short.";s:13:"upload_failed";s:46:"There was an unknown error uploading the file.";s:24:"upload_file_type_invalid";s:49:"You are not allowed to upload files of this type.";s:21:"upload_file_too_large";s:20:"The file is too big.";s:23:"upload_failed_php_error";s:38:"There was an error uploading the file.";s:12:"invalid_date";s:29:"The date format is incorrect.";s:14:"date_too_early";s:44:"The date is before the earliest one allowed.";s:13:"date_too_late";s:41:"The date is after the latest one allowed.";s:14:"invalid_number";s:29:"The number format is invalid.";s:16:"number_too_small";s:47:"The number is smaller than the minimum allowed.";s:16:"number_too_large";s:46:"The number is larger than the maximum allowed.";s:23:"quiz_answer_not_correct";s:36:"The answer to the quiz is incorrect.";s:13:"invalid_email";s:38:"The e-mail address entered is invalid.";s:11:"invalid_url";s:19:"The URL is invalid.";s:11:"invalid_tel";s:32:"The telephone number is invalid.";}]]></wp:meta_value>
						</wp:postmeta>
												<wp:postmeta>
							<wp:meta_key><![CDATA[_locale]]></wp:meta_key>
							<wp:meta_value><![CDATA[en_US]]></wp:meta_value>
						</wp:postmeta>
												<wp:postmeta>
							<wp:meta_key><![CDATA[_form]]></wp:meta_key>
							<wp:meta_value><![CDATA[<div class="row">
<p class="col-md-6"><label>Your Name</label>[text* your-name]</p>
<p class="col-md-6"><label>Your Email</label>[email* your-email]</p>
</div>
<div class="row">
<p class="col-md-6"><label>Phone Number</label>[tel tel-767]</p>
<p class="col-md-6"><label>Company</label>[text text-1]</p>
</div>
<p><label>Your Message</label>[textarea your-message]</p>
<p>[submit class:btn-color-black "ASK A QUESTION"]</p>]]></wp:meta_value>
						</wp:postmeta>
												<wp:postmeta>
							<wp:meta_key><![CDATA[_messages]]></wp:meta_key>
							<wp:meta_value><![CDATA[a:22:{s:12:"mail_sent_ok";s:45:"Thank you for your message. It has been sent.";s:12:"mail_sent_ng";s:71:"There was an error trying to send your message. Please try again later.";s:16:"validation_error";s:61:"One or more fields have an error. Please check and try again.";s:4:"spam";s:71:"There was an error trying to send your message. Please try again later.";s:12:"accept_terms";s:69:"You must accept the terms and conditions before sending your message.";s:16:"invalid_required";s:22:"The field is required.";s:16:"invalid_too_long";s:22:"The field is too long.";s:17:"invalid_too_short";s:23:"The field is too short.";s:13:"upload_failed";s:46:"There was an unknown error uploading the file.";s:24:"upload_file_type_invalid";s:49:"You are not allowed to upload files of this type.";s:21:"upload_file_too_large";s:20:"The file is too big.";s:23:"upload_failed_php_error";s:38:"There was an error uploading the file.";s:12:"invalid_date";s:29:"The date format is incorrect.";s:14:"date_too_early";s:44:"The date is before the earliest one allowed.";s:13:"date_too_late";s:41:"The date is after the latest one allowed.";s:14:"invalid_number";s:29:"The number format is invalid.";s:16:"number_too_small";s:47:"The number is smaller than the minimum allowed.";s:16:"number_too_large";s:46:"The number is larger than the maximum allowed.";s:23:"quiz_answer_not_correct";s:36:"The answer to the quiz is incorrect.";s:13:"invalid_email";s:38:"The e-mail address entered is invalid.";s:11:"invalid_url";s:19:"The URL is invalid.";s:11:"invalid_tel";s:32:"The telephone number is invalid.";}]]></wp:meta_value>
						</wp:postmeta>
												<wp:postmeta>
							<wp:meta_key><![CDATA[_locale]]></wp:meta_key>
							<wp:meta_value><![CDATA[en_US]]></wp:meta_value>
						</wp:postmeta>
												<wp:postmeta>
							<wp:meta_key><![CDATA[_hash]]></wp:meta_key>
							<wp:meta_value><![CDATA[8fc84039148ef05b5416e03626501598233468f7]]></wp:meta_value>
						</wp:postmeta>
										</item>
								<item>
					<title><![CDATA[wd-mobile]]></title>
					<link>https://dummy.xtemos.com/woodmart2/elementor/wd-mobile/</link>
					<pubDate>Thu, 02 Sep 2021 16:32:11 +0000</pubDate>
					<dc:creator><![CDATA[zakhar]]></dc:creator>
					<guid isPermaLink="false">http://dummy.xtemos.com/woodmart2/elementor/wp-content/uploads/sites/2/2021/09/wd-mobile.svg</guid>
															<wp:post_id>1574</wp:post_id>
					<wp:post_date><![CDATA[2021-09-02 16:32:11]]></wp:post_date>
					<wp:post_date_gmt><![CDATA[2021-09-02 16:32:11]]></wp:post_date_gmt>
					<wp:post_modified><![CDATA[2021-09-02 16:32:11]]></wp:post_modified>
					<wp:post_modified_gmt><![CDATA[2021-09-02 16:32:11]]></wp:post_modified_gmt>
					<wp:comment_status><![CDATA[open]]></wp:comment_status>
					<wp:post_name><![CDATA[wd-mobile]]></wp:post_name>
					<wp:status><![CDATA[inherit]]></wp:status>
					<wp:post_parent>0</wp:post_parent>
					<wp:menu_order>0</wp:menu_order>
					<wp:post_type><![CDATA[attachment]]></wp:post_type>
											<wp:attachment_url><![CDATA[http://dummy.xtemos.com/woodmart2/elementor/wp-content/uploads/sites/2/2021/09/wd-mobile.svg]]></wp:attachment_url>
																					<wp:postmeta>
							<wp:meta_key><![CDATA[_wp_attached_file]]></wp:meta_key>
							<wp:meta_value><![CDATA[2021/09/wd-mobile.svg]]></wp:meta_value>
						</wp:postmeta>
										</item>
								<item>
					<title><![CDATA[wd-paper-plane]]></title>
					<link>https://dummy.xtemos.com/woodmart2/elementor/wd-paper-plane/</link>
					<pubDate>Thu, 02 Sep 2021 16:32:12 +0000</pubDate>
					<dc:creator><![CDATA[zakhar]]></dc:creator>
					<guid isPermaLink="false">http://dummy.xtemos.com/woodmart2/elementor/wp-content/uploads/sites/2/2021/09/wd-paper-plane.svg</guid>
															<wp:post_id>1575</wp:post_id>
					<wp:post_date><![CDATA[2021-09-02 16:32:12]]></wp:post_date>
					<wp:post_date_gmt><![CDATA[2021-09-02 16:32:12]]></wp:post_date_gmt>
					<wp:post_modified><![CDATA[2021-09-02 16:32:12]]></wp:post_modified>
					<wp:post_modified_gmt><![CDATA[2021-09-02 16:32:12]]></wp:post_modified_gmt>
					<wp:comment_status><![CDATA[open]]></wp:comment_status>
					<wp:post_name><![CDATA[wd-paper-plane]]></wp:post_name>
					<wp:status><![CDATA[inherit]]></wp:status>
					<wp:post_parent>0</wp:post_parent>
					<wp:menu_order>0</wp:menu_order>
					<wp:post_type><![CDATA[attachment]]></wp:post_type>
											<wp:attachment_url><![CDATA[http://dummy.xtemos.com/woodmart2/elementor/wp-content/uploads/sites/2/2021/09/wd-paper-plane.svg]]></wp:attachment_url>
																					<wp:postmeta>
							<wp:meta_key><![CDATA[_wp_attached_file]]></wp:meta_key>
							<wp:meta_value><![CDATA[2021/09/wd-paper-plane.svg]]></wp:meta_value>
						</wp:postmeta>
										</item>
								<item>
					<title><![CDATA[wd-pointer]]></title>
					<link>https://dummy.xtemos.com/woodmart2/elementor/wd-pointer/</link>
					<pubDate>Thu, 02 Sep 2021 16:32:13 +0000</pubDate>
					<dc:creator><![CDATA[zakhar]]></dc:creator>
					<guid isPermaLink="false">http://dummy.xtemos.com/woodmart2/elementor/wp-content/uploads/sites/2/2021/09/wd-pointer.svg</guid>
															<wp:post_id>1576</wp:post_id>
					<wp:post_date><![CDATA[2021-09-02 16:32:13]]></wp:post_date>
					<wp:post_date_gmt><![CDATA[2021-09-02 16:32:13]]></wp:post_date_gmt>
					<wp:post_modified><![CDATA[2021-09-02 16:32:13]]></wp:post_modified>
					<wp:post_modified_gmt><![CDATA[2021-09-02 16:32:13]]></wp:post_modified_gmt>
					<wp:comment_status><![CDATA[open]]></wp:comment_status>
					<wp:post_name><![CDATA[wd-pointer]]></wp:post_name>
					<wp:status><![CDATA[inherit]]></wp:status>
					<wp:post_parent>0</wp:post_parent>
					<wp:menu_order>0</wp:menu_order>
					<wp:post_type><![CDATA[attachment]]></wp:post_type>
											<wp:attachment_url><![CDATA[http://dummy.xtemos.com/woodmart2/elementor/wp-content/uploads/sites/2/2021/09/wd-pointer.svg]]></wp:attachment_url>
																					<wp:postmeta>
							<wp:meta_key><![CDATA[_wp_attached_file]]></wp:meta_key>
							<wp:meta_value><![CDATA[2021/09/wd-pointer.svg]]></wp:meta_value>
						</wp:postmeta>
										</item>
								<item>
					<title><![CDATA[faqs-page-title]]></title>
					<link>https://dummy.xtemos.com/woodmart2/elementor/faqs/faqs-page-title/</link>
					<pubDate>Mon, 13 Sep 2021 11:32:55 +0000</pubDate>
					<dc:creator><![CDATA[zakhar]]></dc:creator>
					<guid isPermaLink="false">http://dummy.xtemos.com/woodmart2/elementor/wp-content/uploads/sites/2/2021/09/faqs-page-title.jpg</guid>
															<wp:post_id>3690</wp:post_id>
					<wp:post_date><![CDATA[2021-09-13 11:32:55]]></wp:post_date>
					<wp:post_date_gmt><![CDATA[2021-09-13 11:32:55]]></wp:post_date_gmt>
					<wp:post_modified><![CDATA[2021-09-13 11:32:55]]></wp:post_modified>
					<wp:post_modified_gmt><![CDATA[2021-09-13 11:32:55]]></wp:post_modified_gmt>
					<wp:comment_status><![CDATA[open]]></wp:comment_status>
					<wp:post_name><![CDATA[faqs-page-title]]></wp:post_name>
					<wp:status><![CDATA[inherit]]></wp:status>
					<wp:post_parent>3682</wp:post_parent>
					<wp:menu_order>0</wp:menu_order>
					<wp:post_type><![CDATA[attachment]]></wp:post_type>
											<wp:attachment_url><![CDATA[http://dummy.xtemos.com/woodmart2/elementor/wp-content/uploads/sites/2/2021/09/faqs-page-title.jpg]]></wp:attachment_url>
																					<wp:postmeta>
							<wp:meta_key><![CDATA[_wp_attached_file]]></wp:meta_key>
							<wp:meta_value><![CDATA[2021/09/faqs-page-title.jpg]]></wp:meta_value>
						</wp:postmeta>
										</item>
								<item>
					<title><![CDATA[FAQs 2]]></title>
					<link>https://dummy.xtemos.com/woodmart2/elementor/faqs-2/</link>
					<pubDate>Thu, 04 Nov 2021 15:53:19 +0000</pubDate>
					<dc:creator><![CDATA[zakhar]]></dc:creator>
					<guid isPermaLink="false">http://dummy.xtemos.com/woodmart2/elementor/?page_id=8806</guid>
											<content:encoded><![CDATA[<link rel="stylesheet" id="wd-section-title-css" href="https://dummy.xtemos.com/woodmart2/elementor/wp-content/themes/woodmart/css/parts/el-section-title.min.css?ver=7.4.0" type="text/css" media="all" /> 					
				<h4>Questions &amp; Answers</h4> 
					<p>Write us an e-mail via the form, or just send us an e-mail directly at.</p>				
						<link rel="stylesheet" id="wd-mfp-popup-css" href="https://dummy.xtemos.com/woodmart2/elementor/wp-content/themes/woodmart/css/parts/lib-magnific-popup.min.css?ver=7.4.0" type="text/css" media="all" /> 							
			<a  href="#contact-form-popup">
					CONTACT US				
							</a>
					<style>.elementor-1570 .elementor-element.elementor-element-f25d21b{--display:flex;--flex-direction:row;--container-widget-width:initial;--container-widget-height:100%;--container-widget-flex-grow:1;--container-widget-align-self:stretch;--gap:0px 0px;--background-transition:0.3s;}.elementor-1570 .elementor-element.elementor-element-4438063{--display:flex;--background-transition:0.3s;--padding-block-start:30px;--padding-block-end:15px;--padding-inline-start:30px;--padding-inline-end:30px;}.elementor-1570 .elementor-element.elementor-element-702dc34{--display:flex;--background-transition:0.3s;--padding-block-start:30px;--padding-block-end:30px;--padding-inline-start:30px;--padding-inline-end:30px;}.elementor-1570 .elementor-element.elementor-element-702dc34:not(.elementor-motion-effects-element-type-background), .elementor-1570 .elementor-element.elementor-element-702dc34 > .elementor-motion-effects-container > .elementor-motion-effects-layer{background-color:#333333;}.elementor-1570 .elementor-element.elementor-element-702dc34, .elementor-1570 .elementor-element.elementor-element-702dc34::before{--border-transition:0.3s;}.elementor-1570 .elementor-element.elementor-element-794b471 .info-box-inner{color:rgba(255, 255, 255, 0.8);}.elementor-1570 .elementor-element.elementor-element-29edaba .info-box-inner{color:rgba(255, 255, 255, 0.8);}.elementor-1570 .elementor-element.elementor-element-f93fe75 .info-box-inner{color:rgba(255, 255, 255, 0.8);}.elementor-1570 .elementor-element.elementor-element-f93fe75 > .elementor-widget-container{padding:0px 0px 20px 0px;border-style:solid;border-width:0px 0px 1px 0px;border-color:#FFFFFF26;}@media(max-width:1024px){.elementor-1570 .elementor-element.elementor-element-4438063{--padding-block-start:30px;--padding-block-end:15px;--padding-inline-start:30px;--padding-inline-end:30px;}}@media(min-width:768px){.elementor-1570 .elementor-element.elementor-element-4438063{--width:66%;}.elementor-1570 .elementor-element.elementor-element-702dc34{--width:34%;}}@media(max-width:1024px) and (min-width:768px){.elementor-1570 .elementor-element.elementor-element-4438063{--width:100%;}.elementor-1570 .elementor-element.elementor-element-702dc34{--width:100%;}}</style>		
				<h4>SEND US A MESSAGE</h4> 
<p role="status" aria-live="polite" aria-atomic="true"></p> <ul></ul>
<form action="/woodmart2/elementor/wp-admin/admin-ajax.php#wpcf7-f1572-o1" method="post" aria-label="Contact form" novalidate="novalidate" data-status="init">
<input type="hidden" name="_wpcf7" value="1572" />
<input type="hidden" name="_wpcf7_version" value="5.8.5" />
<input type="hidden" name="_wpcf7_locale" value="en_US" />
<input type="hidden" name="_wpcf7_unit_tag" value="wpcf7-f1572-o1" />
<input type="hidden" name="_wpcf7_container_post" value="0" />
<input type="hidden" name="_wpcf7_posted_data_hash" value="" />
	<p><label>Your Name</label><input size="40" aria-required="true" aria-invalid="false" value="" type="text" name="your-name" />
	</p>
	<p><label>Your Email</label><input size="40" aria-required="true" aria-invalid="false" value="" type="email" name="your-email" />
	</p>
	<p><label>Phone Number</label><input size="40" aria-invalid="false" value="" type="tel" name="tel-767" />
	</p>
	<p><label>Company</label><input size="40" aria-invalid="false" value="" type="text" name="text-1" />
	</p>
<p><label>Your Message</label><textarea cols="40" rows="10" aria-invalid="false" name="your-message"></textarea>
</p>
<p><input type="submit" value="ASK A QUESTION" />
</p>
</form>
				<h4>CONTACT INFORMATION</h4> 
						<link rel="stylesheet" id="wd-info-box-css" href="https://dummy.xtemos.com/woodmart2/elementor/wp-content/themes/woodmart/css/parts/el-info-box.min.css?ver=7.4.0" type="text/css" media="all" /> 					
															<svg id="svg-2732" xmlns="http://www.w3.org/2000/svg" xmlns:xlink="http://www.w3.org/1999/xlink" version="1.1" id="svg-3596" x="0px" y="0px" viewBox="0 0 54.757 54.757" style="enable-background:new 0 0 54.757 54.757;" xml:space="preserve"><g><path d="M27.557,12c-3.859,0-7,3.141-7,7s3.141,7,7,7s7-3.141,7-7S31.416,12,27.557,12z M27.557,24c-2.757,0-5-2.243-5-5 s2.243-5,5-5s5,2.243,5,5S30.314,24,27.557,24z" fill="currentColor"></path><path d="M40.94,5.617C37.318,1.995,32.502,0,27.38,0c-5.123,0-9.938,1.995-13.56,5.617c-6.703,6.702-7.536,19.312-1.804,26.952 L27.38,54.757L42.721,32.6C48.476,24.929,47.643,12.319,40.94,5.617z M41.099,31.431L27.38,51.243L13.639,31.4 C8.44,24.468,9.185,13.08,15.235,7.031C18.479,3.787,22.792,2,27.38,2s8.901,1.787,12.146,5.031 C45.576,13.08,46.321,24.468,41.099,31.431z" fill="currentColor"></path></g><g></g><g></g><g></g><g></g><g></g><g></g><g></g><g></g><g></g><g></g><g></g><g></g><g></g><g></g><g></g></svg> 													
					<p>50 East 52nd Street<br />Brooklyn, NY 10022<br />United States</p>
									<a href="#" aria-label="Infobox link"></a>
															<svg id="svg-9569" xmlns="http://www.w3.org/2000/svg" xmlns:xlink="http://www.w3.org/1999/xlink" version="1.1" id="svg-5981" x="0px" y="0px" viewBox="0 0 60 60" style="enable-background:new 0 0 60 60;" xml:space="preserve"><g><path d="M42.595,0H17.405C14.977,0,13,1.977,13,4.405v51.189C13,58.023,14.977,60,17.405,60h25.189C45.023,60,47,58.023,47,55.595 V4.405C47,1.977,45.023,0,42.595,0z M15,8h30v38H15V8z M17.405,2h25.189C43.921,2,45,3.079,45,4.405V6H15V4.405 C15,3.079,16.079,2,17.405,2z M42.595,58H17.405C16.079,58,15,56.921,15,55.595V48h30v7.595C45,56.921,43.921,58,42.595,58z" fill="currentColor"></path><path d="M30,49c-2.206,0-4,1.794-4,4s1.794,4,4,4s4-1.794,4-4S32.206,49,30,49z M30,55c-1.103,0-2-0.897-2-2s0.897-2,2-2 s2,0.897,2,2S31.103,55,30,55z" fill="currentColor"></path><path d="M26,5h4c0.553,0,1-0.447,1-1s-0.447-1-1-1h-4c-0.553,0-1,0.447-1,1S25.447,5,26,5z" fill="currentColor"></path><path d="M33,5h1c0.553,0,1-0.447,1-1s-0.447-1-1-1h-1c-0.553,0-1,0.447-1,1S32.447,5,33,5z" fill="currentColor"></path><path d="M56.612,4.569c-0.391-0.391-1.023-0.391-1.414,0s-0.391,1.023,0,1.414c3.736,3.736,3.736,9.815,0,13.552 c-0.391,0.391-0.391,1.023,0,1.414c0.195,0.195,0.451,0.293,0.707,0.293s0.512-0.098,0.707-0.293 C61.128,16.434,61.128,9.085,56.612,4.569z" fill="currentColor"></path><path d="M52.401,6.845c-0.391-0.391-1.023-0.391-1.414,0s-0.391,1.023,0,1.414c1.237,1.237,1.918,2.885,1.918,4.639 s-0.681,3.401-1.918,4.638c-0.391,0.391-0.391,1.023,0,1.414c0.195,0.195,0.451,0.293,0.707,0.293s0.512-0.098,0.707-0.293 c1.615-1.614,2.504-3.764,2.504-6.052S54.017,8.459,52.401,6.845z" fill="currentColor"></path><path d="M4.802,5.983c0.391-0.391,0.391-1.023,0-1.414s-1.023-0.391-1.414,0c-4.516,4.516-4.516,11.864,0,16.38 c0.195,0.195,0.451,0.293,0.707,0.293s0.512-0.098,0.707-0.293c0.391-0.391,0.391-1.023,0-1.414 C1.065,15.799,1.065,9.72,4.802,5.983z" fill="currentColor"></path><path d="M9.013,6.569c-0.391-0.391-1.023-0.391-1.414,0c-1.615,1.614-2.504,3.764-2.504,6.052s0.889,4.438,2.504,6.053 c0.195,0.195,0.451,0.293,0.707,0.293s0.512-0.098,0.707-0.293c0.391-0.391,0.391-1.023,0-1.414 c-1.237-1.237-1.918-2.885-1.918-4.639S7.775,9.22,9.013,7.983C9.403,7.593,9.403,6.96,9.013,6.569z" fill="currentColor"></path></g><g></g><g></g><g></g><g></g><g></g><g></g><g></g><g></g><g></g><g></g><g></g><g></g><g></g><g></g><g></g></svg> 													
					<p>+1322224332<br />+4643758533</p>
									<a href="#" aria-label="Infobox link"></a>
															<svg id="svg-8363" xmlns="http://www.w3.org/2000/svg" xmlns:xlink="http://www.w3.org/1999/xlink" version="1.1" id="svg-8111" x="0px" y="0px" viewBox="0 0 60.062 60.062" style="enable-background:new 0 0 60.062 60.062;" xml:space="preserve"><path d="M60.046,11.196c0.004-0.024,0.011-0.048,0.013-0.072c0.007-0.074-0.001-0.149-0.01-0.224 c-0.002-0.019,0.001-0.037-0.002-0.056c-0.018-0.099-0.051-0.196-0.1-0.289c-0.008-0.016-0.019-0.031-0.028-0.047 c-0.002-0.002-0.002-0.005-0.003-0.008c-0.001-0.002-0.004-0.003-0.005-0.006c-0.007-0.011-0.013-0.023-0.02-0.033 c-0.062-0.091-0.137-0.166-0.221-0.23c-0.019-0.014-0.041-0.022-0.061-0.035c-0.074-0.049-0.152-0.089-0.236-0.116 c-0.037-0.012-0.074-0.018-0.112-0.025c-0.073-0.015-0.146-0.022-0.222-0.02c-0.04,0.001-0.078,0.003-0.118,0.009 c-0.026,0.004-0.051,0-0.077,0.006L0.798,22.046c-0.413,0.086-0.729,0.421-0.788,0.839s0.15,0.828,0.523,1.025l16.632,8.773 l2.917,16.187c-0.002,0.012,0.001,0.025,0,0.037c-0.01,0.08-0.011,0.158-0.001,0.237c0.005,0.04,0.01,0.078,0.02,0.117 c0.023,0.095,0.06,0.184,0.11,0.268c0.01,0.016,0.01,0.035,0.021,0.051c0.003,0.005,0.008,0.009,0.012,0.013 c0.013,0.019,0.031,0.034,0.046,0.053c0.047,0.058,0.096,0.111,0.152,0.156c0.009,0.007,0.015,0.018,0.025,0.025 c0.015,0.011,0.032,0.014,0.047,0.024c0.061,0.04,0.124,0.073,0.191,0.099c0.027,0.01,0.052,0.022,0.08,0.03 c0.09,0.026,0.183,0.044,0.277,0.044c0.001,0,0.002,0,0.003,0h0c0,0,0,0,0,0c0.004,0,0.008-0.002,0.012-0.002 c0.017,0.001,0.034,0.002,0.051,0.002c0.277,0,0.527-0.124,0.712-0.315l11.079-7.386l11.6,7.54c0.164,0.106,0.354,0.161,0.545,0.161 c0.105,0,0.212-0.017,0.315-0.051c0.288-0.096,0.518-0.318,0.623-0.604l13.996-37.989c0.013-0.034,0.024-0.069,0.033-0.105 c0.004-0.015,0.005-0.03,0.008-0.044C60.042,11.22,60.044,11.208,60.046,11.196z M48.464,17.579L24.471,35.22 c-0.039,0.029-0.07,0.065-0.104,0.099c-0.013,0.012-0.026,0.022-0.037,0.035c-0.021,0.023-0.04,0.046-0.059,0.071 c-0.018,0.024-0.032,0.049-0.048,0.074c-0.037,0.06-0.068,0.122-0.092,0.188c-0.005,0.013-0.013,0.023-0.017,0.036 c-0.001,0.004-0.005,0.006-0.006,0.01l-2.75,8.937l-2.179-12.091L48.464,17.579z M22.908,46.594l2.726-9.004l4.244,2.759 l1.214,0.789l-4.124,2.749L22.908,46.594z M52.044,13.498L18.071,30.899l-14.14-7.458L52.044,13.498z M44.559,47.504L29.154,37.492 l-2.333-1.517l30.154-22.172L44.559,47.504z" fill="currentColor"></path><g></g><g></g><g></g><g></g><g></g><g></g><g></g><g></g><g></g><g></g><g></g><g></g><g></g><g></g><g></g></svg> 													
					<p>info@google.com<br />support@google.com</p>
									<a href="#" aria-label="Infobox link"></a>
			<style>/*! elementor - v3.18.0 - 20-12-2023 */
.elementor-widget-text-editor.elementor-drop-cap-view-stacked .elementor-drop-cap{background-color:#69727d;color:#fff}.elementor-widget-text-editor.elementor-drop-cap-view-framed .elementor-drop-cap{color:#69727d;border:3px solid;background-color:transparent}.elementor-widget-text-editor:not(.elementor-drop-cap-view-default) .elementor-drop-cap{margin-top:8px}.elementor-widget-text-editor:not(.elementor-drop-cap-view-default) .elementor-drop-cap-letter{width:1em;height:1em}.elementor-widget-text-editor .elementor-drop-cap{float:left;text-align:center;line-height:1;font-size:50px}.elementor-widget-text-editor .elementor-drop-cap-letter{display:inline-block}</style>				<p>Do you have questions about how we can help your company? Send us an email and we’ll get in touch shortly.</p>						
						<link rel="stylesheet" id="wd-social-icons-css" href="https://dummy.xtemos.com/woodmart2/elementor/wp-content/themes/woodmart/css/parts/el-social-icons.min.css?ver=7.4.0" type="text/css" media="all" /> 			
									<a rel="noopener noreferrer nofollow" href="https://www.facebook.com/sharer/sharer.php?u=https://dummy.xtemos.com/woodmart2/elementor/faqs-2/" target="_blank" aria-label="Facebook social link">
											</a>
									<a rel="noopener noreferrer nofollow" href="https://x.com/share?url=https://dummy.xtemos.com/woodmart2/elementor/faqs-2/" target="_blank" aria-label="X social link">
											</a>
									<a rel="noopener noreferrer nofollow" href="https://pinterest.com/pin/create/button/?url=https://dummy.xtemos.com/woodmart2/elementor/faqs-2/&media=https://dummy.xtemos.com/woodmart2/elementor/wp-includes/images/media/default.png&description=FAQs+2" target="_blank" aria-label="Pinterest social link">
											</a>
									<a rel="noopener noreferrer nofollow" href="https://www.linkedin.com/shareArticle?mini=true&url=https://dummy.xtemos.com/woodmart2/elementor/faqs-2/" target="_blank" aria-label="Linkedin social link">
											</a>
									<a rel="noopener noreferrer nofollow" href="https://telegram.me/share/url?url=https://dummy.xtemos.com/woodmart2/elementor/faqs-2/" target="_blank" aria-label="Telegram social link">
											</a>
						<link rel="stylesheet" id="wd-section-title-style-under-and-over-css" href="https://dummy.xtemos.com/woodmart2/elementor/wp-content/themes/woodmart/css/parts/el-section-title-style-under-and-over.min.css?ver=7.4.0" type="text/css" media="all" /> 					
				<h4>SHOPPING INFORMATION</h4> 
						<link rel="stylesheet" id="wd-text-block-css" href="https://dummy.xtemos.com/woodmart2/elementor/wp-content/themes/woodmart/css/parts/el-text-block.min.css?ver=7.4.0" type="text/css" media="all" /> 					
			<h5>Delivery charges for orders from the Online Shop?</h5><p>Torquent posuere vel id sagittis urna placerat ridiculus odio vestibulum donec tristique a nisl eros conubia condimentum nunc quisque nibh adipiscing habitasse parturient suspendisse proin a pharetra commodo leo tincidunt lobortis lacinia sem parturient dapibus.</p><p>Ad vivamus nullam scelerisque a neque suspendisse consectetur fringilla a suspendisse proin senectus lobortis lacinia sem parturient dapibus ad aliquet maecenas dis neque.</p>
			<h5>How long will delivery take?</h5><p>Ad vivamus nullam scelerisque a neque suspendisse consectetur fringilla a suspendisse proin senectus lobortis lacinia sem parturient dapibus ad aliquet maecenas dis neque.</p><p>Torquent posuere vel id sagittis urna placerat ridiculus odio vestibulum donec tristique a nisl eros conubia condimentum nunc quisque nibh adipiscing habitasse parturient suspendisse proin a pharetra commodo leo tincidunt lobortis lacinia sem parturient dapibus.</p>
			<h5>What exactly happens after ordering?</h5><p>Torquent posuere vel id sagittis urna placerat ridiculus odio vestibulum donec tristique a nisl eros conubia condimentum nunc quisque nibh adipiscing habitasse parturient suspendisse proin a pharetra commodo leo tincidunt lobortis lacinia sem parturient dapibus.</p><p>Ad vivamus nullam scelerisque a neque suspendisse consectetur fringilla a suspendisse proin senectus lobortis lacinia sem parturient dapibus ad aliquet maecenas dis neque.</p>
			<h5>Where can I view my sales receipt?</h5><p>Ad vivamus nullam scelerisque a neque suspendisse consectetur fringilla a suspendisse proin senectus lobortis lacinia sem parturient dapibus ad aliquet maecenas dis neque.</p><p>Torquent posuere vel id sagittis urna placerat ridiculus odio vestibulum donec tristique a nisl eros conubia condimentum nunc quisque nibh adipiscing habitasse parturient suspendisse proin a pharetra commodo leo tincidunt lobortis lacinia sem parturient dapibus.</p>
			<h5>How do I add a gift receipt to an order?</h5><p>Torquent posuere vel id sagittis urna placerat ridiculus odio vestibulum donec tristique a nisl eros conubia condimentum nunc quisque nibh adipiscing habitasse parturient suspendisse proin a pharetra commodo leo tincidunt lobortis lacinia sem parturient dapibus.</p><p>Ad vivamus nullam scelerisque a neque suspendisse consectetur fringilla a suspendisse proin senectus lobortis lacinia sem parturient dapibus ad aliquet maecenas dis neque.</p>
			<h5>How long do I have to return an order?</h5><p>Ad vivamus nullam scelerisque a neque suspendisse consectetur fringilla a suspendisse proin senectus lobortis lacinia sem parturient dapibus ad aliquet maecenas dis neque.</p><p>Torquent posuere vel id sagittis urna placerat ridiculus odio vestibulum donec tristique a nisl eros conubia condimentum nunc quisque nibh adipiscing habitasse parturient suspendisse proin a pharetra commodo leo tincidunt lobortis lacinia sem parturient dapibus.</p>
				<h4>PAYMENT INFORMATION</h4> 
			<h5>How is the recipient reimbursed?</h5><p>Ad vivamus nullam scelerisque a neque suspendisse consectetur fringilla a suspendisse proin senectus lobortis lacinia sem parturient dapibus ad aliquet maecenas dis neque.</p><p>Torquent posuere vel id sagittis urna placerat ridiculus odio vestibulum donec tristique a nisl eros conubia condimentum nunc quisque nibh adipiscing habitasse parturient suspendisse proin a pharetra commodo leo tincidunt lobortis lacinia sem parturient dapibus.</p>
			<h5>Can I be reimbursed through the original payment method?</h5><p>Torquent posuere vel id sagittis urna placerat ridiculus odio vestibulum donec tristique a nisl eros conubia condimentum nunc quisque nibh adipiscing habitasse parturient suspendisse proin a pharetra commodo leo tincidunt lobortis lacinia sem parturient dapibus.</p><p>Ad vivamus nullam scelerisque a neque suspendisse consectetur fringilla a suspendisse proin senectus lobortis lacinia sem parturient dapibus ad aliquet maecenas dis neque.</p>
			<h5>Can the country receiving the shipment be different than the country of purchase?</h5><p>Ad vivamus nullam scelerisque a neque suspendisse consectetur fringilla a suspendisse proin senectus lobortis lacinia sem parturient dapibus ad aliquet maecenas dis neque.</p><p>Torquent posuere vel id sagittis urna placerat ridiculus odio vestibulum donec tristique a nisl eros conubia condimentum nunc quisque nibh adipiscing habitasse parturient suspendisse proin a pharetra commodo leo tincidunt lobortis lacinia sem parturient dapibus.</p>
			<h5>How can I return an item?</h5><p>Torquent posuere vel id sagittis urna placerat ridiculus odio vestibulum donec tristique a nisl eros conubia condimentum nunc quisque nibh adipiscing habitasse parturient suspendisse proin a pharetra commodo leo tincidunt lobortis lacinia sem parturient dapibus.</p><p>Ad vivamus nullam scelerisque a neque suspendisse consectetur fringilla a suspendisse proin senectus lobortis lacinia sem parturient dapibus ad aliquet maecenas dis neque.</p>
			<h5>Will I receive the same product that I see in the picture?</h5><p>Ad vivamus nullam scelerisque a neque suspendisse consectetur fringilla a suspendisse proin senectus lobortis lacinia sem parturient dapibus ad aliquet maecenas dis neque.</p><p>Torquent posuere vel id sagittis urna placerat ridiculus odio vestibulum donec tristique a nisl eros conubia condimentum nunc quisque nibh adipiscing habitasse parturient suspendisse proin a pharetra commodo leo tincidunt lobortis lacinia sem parturient dapibus.</p>
			<h5>Will you restock items indicated as “out of stock?”</h5><p>Torquent posuere vel id sagittis urna placerat ridiculus odio vestibulum donec tristique a nisl eros conubia condimentum nunc quisque nibh adipiscing habitasse parturient suspendisse proin a pharetra commodo leo tincidunt lobortis lacinia sem parturient dapibus.</p><p>Ad vivamus nullam scelerisque a neque suspendisse consectetur fringilla a suspendisse proin senectus lobortis lacinia sem parturient dapibus ad aliquet maecenas dis neque.</p>
				<h4>ORDERS AND RETURNS</h4> 
			<h5>Delivery charges for orders from the Online Shop?</h5><p>Torquent posuere vel id sagittis urna placerat ridiculus odio vestibulum donec tristique a nisl eros conubia condimentum nunc quisque nibh adipiscing habitasse parturient suspendisse proin a pharetra commodo leo tincidunt lobortis lacinia sem parturient dapibus.</p><p>Ad vivamus nullam scelerisque a neque suspendisse consectetur fringilla a suspendisse proin senectus lobortis lacinia sem parturient dapibus ad aliquet maecenas dis neque.</p>
			<h5>How long will delivery take?</h5><p>Ad vivamus nullam scelerisque a neque suspendisse consectetur fringilla a suspendisse proin senectus lobortis lacinia sem parturient dapibus ad aliquet maecenas dis neque.</p><p>Torquent posuere vel id sagittis urna placerat ridiculus odio vestibulum donec tristique a nisl eros conubia condimentum nunc quisque nibh adipiscing habitasse parturient suspendisse proin a pharetra commodo leo tincidunt lobortis lacinia sem parturient dapibus.</p>
			<h5>What exactly happens after ordering?</h5><p>Torquent posuere vel id sagittis urna placerat ridiculus odio vestibulum donec tristique a nisl eros conubia condimentum nunc quisque nibh adipiscing habitasse parturient suspendisse proin a pharetra commodo leo tincidunt lobortis lacinia sem parturient dapibus.</p><p>Ad vivamus nullam scelerisque a neque suspendisse consectetur fringilla a suspendisse proin senectus lobortis lacinia sem parturient dapibus ad aliquet maecenas dis neque.</p>
			<h5>How long does the delivery take and how much does it cost?</h5><p>Ad vivamus nullam scelerisque a neque suspendisse consectetur fringilla a suspendisse proin senectus lobortis lacinia sem parturient dapibus ad aliquet maecenas dis neque.</p><p>Torquent posuere vel id sagittis urna placerat ridiculus odio vestibulum donec tristique a nisl eros conubia condimentum nunc quisque nibh adipiscing habitasse parturient suspendisse proin a pharetra commodo leo tincidunt lobortis lacinia sem parturient dapibus.</p>
			<h5>Which browser is best to use the site?</h5><p>Torquent posuere vel id sagittis urna placerat ridiculus odio vestibulum donec tristique a nisl eros conubia condimentum nunc quisque nibh adipiscing habitasse parturient suspendisse proin a pharetra commodo leo tincidunt lobortis lacinia sem parturient dapibus.</p><p>Ad vivamus nullam scelerisque a neque suspendisse consectetur fringilla a suspendisse proin senectus lobortis lacinia sem parturient dapibus ad aliquet maecenas dis neque.</p>
			<h5>How do I subscribe to the newsletter?</h5><p>Ad vivamus nullam scelerisque a neque suspendisse consectetur fringilla a suspendisse proin senectus lobortis lacinia sem parturient dapibus ad aliquet maecenas dis neque.</p><p>Torquent posuere vel id sagittis urna placerat ridiculus odio vestibulum donec tristique a nisl eros conubia condimentum nunc quisque nibh adipiscing habitasse parturient suspendisse proin a pharetra commodo leo tincidunt lobortis lacinia sem parturient dapibus.</p>]]></content:encoded>
															<wp:post_id>8806</wp:post_id>
					<wp:post_date><![CDATA[2021-11-04 15:53:19]]></wp:post_date>
					<wp:post_date_gmt><![CDATA[2021-11-04 15:53:19]]></wp:post_date_gmt>
					<wp:post_modified><![CDATA[2024-01-09 13:01:19]]></wp:post_modified>
					<wp:post_modified_gmt><![CDATA[2024-01-09 13:01:19]]></wp:post_modified_gmt>
					<wp:comment_status><![CDATA[closed]]></wp:comment_status>
					<wp:post_name><![CDATA[faqs-2]]></wp:post_name>
					<wp:status><![CDATA[publish]]></wp:status>
					<wp:post_parent>0</wp:post_parent>
					<wp:menu_order>0</wp:menu_order>
					<wp:post_type><![CDATA[page]]></wp:post_type>
																					<wp:postmeta>
							<wp:meta_key><![CDATA[_woodmart_whb_header]]></wp:meta_key>
							<wp:meta_value><![CDATA[header_764078]]></wp:meta_value>
						</wp:postmeta>
												<wp:postmeta>
							<wp:meta_key><![CDATA[_woodmart_title_off]]></wp:meta_key>
							<wp:meta_value><![CDATA[on]]></wp:meta_value>
						</wp:postmeta>
												<wp:postmeta>
							<wp:meta_key><![CDATA[_woodmart_title_image]]></wp:meta_key>
							<wp:meta_value><![CDATA[a:2:{s:3:"url";s:0:"";s:2:"id";s:0:"";}]]></wp:meta_value>
						</wp:postmeta>
												<wp:postmeta>
							<wp:meta_key><![CDATA[_woodmart_page-title-size]]></wp:meta_key>
							<wp:meta_value><![CDATA[inherit]]></wp:meta_value>
						</wp:postmeta>
												<wp:postmeta>
							<wp:meta_key><![CDATA[_woodmart_main_layout]]></wp:meta_key>
							<wp:meta_value><![CDATA[full-width]]></wp:meta_value>
						</wp:postmeta>
												<wp:postmeta>
							<wp:meta_key><![CDATA[_elementor_edit_mode]]></wp:meta_key>
							<wp:meta_value><![CDATA[builder]]></wp:meta_value>
						</wp:postmeta>
												<wp:postmeta>
							<wp:meta_key><![CDATA[_elementor_template_type]]></wp:meta_key>
							<wp:meta_value><![CDATA[wp-page]]></wp:meta_value>
						</wp:postmeta>
												<wp:postmeta>
							<wp:meta_key><![CDATA[_elementor_version]]></wp:meta_key>
							<wp:meta_value><![CDATA[3.18.3]]></wp:meta_value>
						</wp:postmeta>
												<wp:postmeta>
							<wp:meta_key><![CDATA[_wp_page_template]]></wp:meta_key>
							<wp:meta_value><![CDATA[default]]></wp:meta_value>
						</wp:postmeta>
												<wp:postmeta>
							<wp:meta_key><![CDATA[_elementor_data]]></wp:meta_key>
							<wp:meta_value><![CDATA[[{"id":"d8a8174","elType":"container","settings":{"wd_section_stretch":"stretch","background_background":"classic","background_image":{"id":3690,"url":"http:\/\/dummy.xtemos.com\/woodmart2\/elementor\/wp-content\/uploads\/sites\/2\/2021\/09\/faqs-page-title.jpg","alt":"","source":"library"},"background_size":"cover","background_repeat":"no-repeat","custom_height":{"unit":"vh","size":"64","sizes":[]},"background_position":"center center","margin":{"unit":"px","top":"0","right":"0","bottom":"80","left":"0","isLinked":""},"margin_mobile":{"unit":"px","top":"0","right":"0","bottom":"60","left":"0","isLinked":false},"padding":{"unit":"px","top":"270","right":"15","bottom":"210","left":"15","isLinked":false},"flex_gap":{"size":null,"column":"","row":"","unit":"px","isLinked":true},"container_sticky_offset":50,"scroll_y":-80},"elements":[{"id":"180c074","elType":"widget","settings":{"subtitle":"","after_title":"<p>Write us an e-mail via the form, or just send us an e-mail directly at.<\/p>","image_size":"custom","title":"Questions &amp; Answers","font_container":"tag:h1|font_size:52|text_align:center|color:%23ffffff|line_height:1.1","use_theme_fonts":"yes","color":"white","title_typography_typography":"custom","title_typography_font_size":{"unit":"px","size":"52","sizes":[]},"title_typography_line_height":{"unit":"em","size":"1.1","sizes":[]},"text_typography_typography":"custom","text_typography_font_size":{"unit":"px","size":"16","sizes":[]},"scroll_y":"-80"},"elements":[],"widgetType":"wd_title"},{"id":"46bae87","elType":"widget","settings":{"color":"white","style":"link","size":"extra-large","popup_id":"contact-form-popup","text":"CONTACT US","content":"1570","scroll_y":"-80","width":{"unit":"px","size":"900","sizes":[]},"padding":{"unit":"px","size":0,"sizes":[]}},"elements":[],"widgetType":"wd_popup"}],"isInner":false},{"id":"8191dfb","elType":"container","settings":{"flex_gap":{"size":40,"column":"40","row":"60","unit":"px","isLinked":false},"margin":{"unit":"px","top":"0","right":"0","bottom":"20","left":"0","isLinked":false},"container_sticky_offset":50,"scroll_y":-80},"elements":[{"id":"3f4671f","elType":"container","settings":{"_column_size":"100","column_sticky_offset":"50","scroll_y":"-80","content_width":"full","flex_gap":{"column":"30","row":"30","isLinked":true,"unit":"px","size":30},"container_sticky_offset":50},"elements":[{"id":"4338cff","elType":"widget","settings":{"subtitle":"","after_title":"","image_size":"custom","style":"underlined","align":"left","title":"SHOPPING INFORMATION","scroll_y":"-80"},"elements":[],"widgetType":"wd_title"},{"id":"ac344ba","elType":"container","settings":{"flex_gap":{"size":30,"column":"30","row":"35","unit":"px","isLinked":false},"structure":"20","flex_direction":"row","content_width":"full","flex_direction_mobile":"column","container_sticky_offset":50,"scroll_y":-80},"elements":[{"id":"c344325","elType":"container","settings":{"_column_size":"50","column_sticky_offset":"50","scroll_y":"-80","content_width":"full","width":{"unit":"%","size":50,"sizes":[]},"flex_gap":{"column":"35","row":"35","isLinked":true,"unit":"px","size":35},"container_sticky_offset":50},"elements":[{"id":"799cde2","elType":"widget","settings":{"text":"<h5>Delivery charges for orders from the Online Shop?<\/h5><p>Torquent posuere vel id sagittis urna placerat ridiculus odio vestibulum donec tristique a nisl eros conubia condimentum nunc quisque nibh adipiscing habitasse parturient suspendisse proin a pharetra commodo leo tincidunt lobortis lacinia sem parturient dapibus.<\/p><p>Ad vivamus nullam scelerisque a neque suspendisse consectetur fringilla a suspendisse proin senectus lobortis lacinia sem parturient dapibus ad aliquet maecenas dis neque.<\/p>","scroll_y":-80},"elements":[],"widgetType":"wd_text_block"},{"id":"cc9ebae","elType":"widget","settings":{"text":"<h5>How long will delivery take?<\/h5><p>Ad vivamus nullam scelerisque a neque suspendisse consectetur fringilla a suspendisse proin senectus lobortis lacinia sem parturient dapibus ad aliquet maecenas dis neque.<\/p><p>Torquent posuere vel id sagittis urna placerat ridiculus odio vestibulum donec tristique a nisl eros conubia condimentum nunc quisque nibh adipiscing habitasse parturient suspendisse proin a pharetra commodo leo tincidunt lobortis lacinia sem parturient dapibus.<\/p>","scroll_y":-80},"elements":[],"widgetType":"wd_text_block"},{"id":"94a02e4","elType":"widget","settings":{"text":"<h5>What exactly happens after ordering?<\/h5><p>Torquent posuere vel id sagittis urna placerat ridiculus odio vestibulum donec tristique a nisl eros conubia condimentum nunc quisque nibh adipiscing habitasse parturient suspendisse proin a pharetra commodo leo tincidunt lobortis lacinia sem parturient dapibus.<\/p><p>Ad vivamus nullam scelerisque a neque suspendisse consectetur fringilla a suspendisse proin senectus lobortis lacinia sem parturient dapibus ad aliquet maecenas dis neque.<\/p>","scroll_y":-80},"elements":[],"widgetType":"wd_text_block"}],"isInner":true},{"id":"acb343e","elType":"container","settings":{"_column_size":"50","column_sticky_offset":"50","scroll_y":"-80","content_width":"full","width":{"unit":"%","size":50,"sizes":[]},"flex_gap":{"column":"35","row":"35","isLinked":true,"unit":"px","size":35},"container_sticky_offset":50},"elements":[{"id":"7dd8508","elType":"widget","settings":{"text":"<h5>Where can I view my sales receipt?<\/h5><p>Ad vivamus nullam scelerisque a neque suspendisse consectetur fringilla a suspendisse proin senectus lobortis lacinia sem parturient dapibus ad aliquet maecenas dis neque.<\/p><p>Torquent posuere vel id sagittis urna placerat ridiculus odio vestibulum donec tristique a nisl eros conubia condimentum nunc quisque nibh adipiscing habitasse parturient suspendisse proin a pharetra commodo leo tincidunt lobortis lacinia sem parturient dapibus.<\/p>","scroll_y":-80},"elements":[],"widgetType":"wd_text_block"},{"id":"0ac499b","elType":"widget","settings":{"text":"<h5>How do I add a gift receipt to an order?<\/h5><p>Torquent posuere vel id sagittis urna placerat ridiculus odio vestibulum donec tristique a nisl eros conubia condimentum nunc quisque nibh adipiscing habitasse parturient suspendisse proin a pharetra commodo leo tincidunt lobortis lacinia sem parturient dapibus.<\/p><p>Ad vivamus nullam scelerisque a neque suspendisse consectetur fringilla a suspendisse proin senectus lobortis lacinia sem parturient dapibus ad aliquet maecenas dis neque.<\/p>","scroll_y":-80},"elements":[],"widgetType":"wd_text_block"},{"id":"0a74cef","elType":"widget","settings":{"text":"<h5>How long do I have to return an order?<\/h5><p>Ad vivamus nullam scelerisque a neque suspendisse consectetur fringilla a suspendisse proin senectus lobortis lacinia sem parturient dapibus ad aliquet maecenas dis neque.<\/p><p>Torquent posuere vel id sagittis urna placerat ridiculus odio vestibulum donec tristique a nisl eros conubia condimentum nunc quisque nibh adipiscing habitasse parturient suspendisse proin a pharetra commodo leo tincidunt lobortis lacinia sem parturient dapibus.<\/p>","scroll_y":-80},"elements":[],"widgetType":"wd_text_block"}],"isInner":true}],"isInner":true}],"isInner":true},{"id":"3c8d5b5","elType":"container","settings":{"_column_size":"100","column_sticky_offset":"50","scroll_y":"-80","content_width":"full","flex_gap":{"column":"30","row":"30","isLinked":true,"unit":"px","size":30},"container_sticky_offset":50},"elements":[{"id":"26249d0","elType":"widget","settings":{"subtitle":"","after_title":"","image_size":"custom","style":"underlined","align":"left","title":"PAYMENT INFORMATION","scroll_y":"-80"},"elements":[],"widgetType":"wd_title"},{"id":"a5ea917","elType":"container","settings":{"flex_gap":{"size":30,"column":"30","row":"35","unit":"px","isLinked":false},"structure":"20","flex_direction":"row","content_width":"full","flex_direction_mobile":"column","container_sticky_offset":50,"scroll_y":-80},"elements":[{"id":"524829a","elType":"container","settings":{"_column_size":"50","column_sticky_offset":"50","scroll_y":"-80","content_width":"full","width":{"unit":"%","size":50,"sizes":[]},"flex_gap":{"column":"35","row":"35","isLinked":true,"unit":"px","size":35},"container_sticky_offset":50},"elements":[{"id":"d9333e5","elType":"widget","settings":{"text":"<h5>How is the recipient reimbursed?<\/h5><p>Ad vivamus nullam scelerisque a neque suspendisse consectetur fringilla a suspendisse proin senectus lobortis lacinia sem parturient dapibus ad aliquet maecenas dis neque.<\/p><p>Torquent posuere vel id sagittis urna placerat ridiculus odio vestibulum donec tristique a nisl eros conubia condimentum nunc quisque nibh adipiscing habitasse parturient suspendisse proin a pharetra commodo leo tincidunt lobortis lacinia sem parturient dapibus.<\/p>","scroll_y":-80},"elements":[],"widgetType":"wd_text_block"},{"id":"45be319","elType":"widget","settings":{"text":"<h5>Can I be reimbursed through the original payment method?<\/h5><p>Torquent posuere vel id sagittis urna placerat ridiculus odio vestibulum donec tristique a nisl eros conubia condimentum nunc quisque nibh adipiscing habitasse parturient suspendisse proin a pharetra commodo leo tincidunt lobortis lacinia sem parturient dapibus.<\/p><p>Ad vivamus nullam scelerisque a neque suspendisse consectetur fringilla a suspendisse proin senectus lobortis lacinia sem parturient dapibus ad aliquet maecenas dis neque.<\/p>","scroll_y":-80},"elements":[],"widgetType":"wd_text_block"},{"id":"f4a4bcd","elType":"widget","settings":{"text":"<h5>Can the country receiving the shipment be different than the country of purchase?<\/h5><p>Ad vivamus nullam scelerisque a neque suspendisse consectetur fringilla a suspendisse proin senectus lobortis lacinia sem parturient dapibus ad aliquet maecenas dis neque.<\/p><p>Torquent posuere vel id sagittis urna placerat ridiculus odio vestibulum donec tristique a nisl eros conubia condimentum nunc quisque nibh adipiscing habitasse parturient suspendisse proin a pharetra commodo leo tincidunt lobortis lacinia sem parturient dapibus.<\/p>","scroll_y":-80},"elements":[],"widgetType":"wd_text_block"}],"isInner":true},{"id":"6635e3a","elType":"container","settings":{"_column_size":"50","column_sticky_offset":"50","scroll_y":"-80","content_width":"full","width":{"unit":"%","size":50,"sizes":[]},"flex_gap":{"column":"35","row":"35","isLinked":true,"unit":"px","size":35},"container_sticky_offset":50},"elements":[{"id":"d4f6aa8","elType":"widget","settings":{"text":"<h5>How can I return an item?<\/h5><p>Torquent posuere vel id sagittis urna placerat ridiculus odio vestibulum donec tristique a nisl eros conubia condimentum nunc quisque nibh adipiscing habitasse parturient suspendisse proin a pharetra commodo leo tincidunt lobortis lacinia sem parturient dapibus.<\/p><p>Ad vivamus nullam scelerisque a neque suspendisse consectetur fringilla a suspendisse proin senectus lobortis lacinia sem parturient dapibus ad aliquet maecenas dis neque.<\/p>","scroll_y":-80},"elements":[],"widgetType":"wd_text_block"},{"id":"9d8d125","elType":"widget","settings":{"text":"<h5>Will I receive the same product that I see in the picture?<\/h5><p>Ad vivamus nullam scelerisque a neque suspendisse consectetur fringilla a suspendisse proin senectus lobortis lacinia sem parturient dapibus ad aliquet maecenas dis neque.<\/p><p>Torquent posuere vel id sagittis urna placerat ridiculus odio vestibulum donec tristique a nisl eros conubia condimentum nunc quisque nibh adipiscing habitasse parturient suspendisse proin a pharetra commodo leo tincidunt lobortis lacinia sem parturient dapibus.<\/p>","scroll_y":-80},"elements":[],"widgetType":"wd_text_block"},{"id":"1290d2b","elType":"widget","settings":{"text":"<h5>Will you restock items indicated as \u201cout of stock?\u201d<\/h5><p>Torquent posuere vel id sagittis urna placerat ridiculus odio vestibulum donec tristique a nisl eros conubia condimentum nunc quisque nibh adipiscing habitasse parturient suspendisse proin a pharetra commodo leo tincidunt lobortis lacinia sem parturient dapibus.<\/p><p>Ad vivamus nullam scelerisque a neque suspendisse consectetur fringilla a suspendisse proin senectus lobortis lacinia sem parturient dapibus ad aliquet maecenas dis neque.<\/p>","scroll_y":-80},"elements":[],"widgetType":"wd_text_block"}],"isInner":true}],"isInner":true}],"isInner":true},{"id":"999f612","elType":"container","settings":{"_column_size":"100","column_sticky_offset":"50","scroll_y":"-80","content_width":"full","flex_gap":{"column":"30","row":"30","isLinked":true,"unit":"px","size":30},"container_sticky_offset":50},"elements":[{"id":"dbb53eb","elType":"widget","settings":{"subtitle":"","after_title":"","image_size":"custom","style":"underlined","align":"left","title":"ORDERS AND RETURNS","scroll_y":"-80"},"elements":[],"widgetType":"wd_title"},{"id":"1319dca","elType":"container","settings":{"flex_gap":{"size":30,"column":"30","row":"35","unit":"px"},"structure":"20","flex_direction":"row","content_width":"full","flex_direction_mobile":"column","container_sticky_offset":50,"scroll_y":-80},"elements":[{"id":"9528d8b","elType":"container","settings":{"_column_size":"50","column_sticky_offset":"50","scroll_y":"-80","content_width":"full","width":{"unit":"%","size":50,"sizes":[]},"flex_gap":{"column":"35","row":"35","isLinked":true,"unit":"px","size":35},"container_sticky_offset":50},"elements":[{"id":"7ab4e9f","elType":"widget","settings":{"text":"<h5>Delivery charges for orders from the Online Shop?<\/h5><p>Torquent posuere vel id sagittis urna placerat ridiculus odio vestibulum donec tristique a nisl eros conubia condimentum nunc quisque nibh adipiscing habitasse parturient suspendisse proin a pharetra commodo leo tincidunt lobortis lacinia sem parturient dapibus.<\/p><p>Ad vivamus nullam scelerisque a neque suspendisse consectetur fringilla a suspendisse proin senectus lobortis lacinia sem parturient dapibus ad aliquet maecenas dis neque.<\/p>","scroll_y":-80},"elements":[],"widgetType":"wd_text_block"},{"id":"7a7c4f2","elType":"widget","settings":{"text":"<h5>How long will delivery take?<\/h5><p>Ad vivamus nullam scelerisque a neque suspendisse consectetur fringilla a suspendisse proin senectus lobortis lacinia sem parturient dapibus ad aliquet maecenas dis neque.<\/p><p>Torquent posuere vel id sagittis urna placerat ridiculus odio vestibulum donec tristique a nisl eros conubia condimentum nunc quisque nibh adipiscing habitasse parturient suspendisse proin a pharetra commodo leo tincidunt lobortis lacinia sem parturient dapibus.<\/p>","scroll_y":-80},"elements":[],"widgetType":"wd_text_block"},{"id":"14f6622","elType":"widget","settings":{"text":"<h5>What exactly happens after ordering?<\/h5><p>Torquent posuere vel id sagittis urna placerat ridiculus odio vestibulum donec tristique a nisl eros conubia condimentum nunc quisque nibh adipiscing habitasse parturient suspendisse proin a pharetra commodo leo tincidunt lobortis lacinia sem parturient dapibus.<\/p><p>Ad vivamus nullam scelerisque a neque suspendisse consectetur fringilla a suspendisse proin senectus lobortis lacinia sem parturient dapibus ad aliquet maecenas dis neque.<\/p>","scroll_y":-80},"elements":[],"widgetType":"wd_text_block"}],"isInner":true},{"id":"80f48bd","elType":"container","settings":{"_column_size":"50","column_sticky_offset":"50","scroll_y":"-80","content_width":"full","width":{"unit":"%","size":50,"sizes":[]},"flex_gap":{"column":"35","row":"35","isLinked":true,"unit":"px","size":35},"container_sticky_offset":50},"elements":[{"id":"f13252c","elType":"widget","settings":{"text":"<h5>How long does the delivery take and how much does it cost?<\/h5><p>Ad vivamus nullam scelerisque a neque suspendisse consectetur fringilla a suspendisse proin senectus lobortis lacinia sem parturient dapibus ad aliquet maecenas dis neque.<\/p><p>Torquent posuere vel id sagittis urna placerat ridiculus odio vestibulum donec tristique a nisl eros conubia condimentum nunc quisque nibh adipiscing habitasse parturient suspendisse proin a pharetra commodo leo tincidunt lobortis lacinia sem parturient dapibus.<\/p>","scroll_y":-80},"elements":[],"widgetType":"wd_text_block"},{"id":"cdd8797","elType":"widget","settings":{"text":"<h5>Which browser is best to use the site?<\/h5><p>Torquent posuere vel id sagittis urna placerat ridiculus odio vestibulum donec tristique a nisl eros conubia condimentum nunc quisque nibh adipiscing habitasse parturient suspendisse proin a pharetra commodo leo tincidunt lobortis lacinia sem parturient dapibus.<\/p><p>Ad vivamus nullam scelerisque a neque suspendisse consectetur fringilla a suspendisse proin senectus lobortis lacinia sem parturient dapibus ad aliquet maecenas dis neque.<\/p>","scroll_y":-80},"elements":[],"widgetType":"wd_text_block"},{"id":"007f2e7","elType":"widget","settings":{"text":"<h5>How do I subscribe to the newsletter?<\/h5><p>Ad vivamus nullam scelerisque a neque suspendisse consectetur fringilla a suspendisse proin senectus lobortis lacinia sem parturient dapibus ad aliquet maecenas dis neque.<\/p><p>Torquent posuere vel id sagittis urna placerat ridiculus odio vestibulum donec tristique a nisl eros conubia condimentum nunc quisque nibh adipiscing habitasse parturient suspendisse proin a pharetra commodo leo tincidunt lobortis lacinia sem parturient dapibus.<\/p>","scroll_y":-80},"elements":[],"widgetType":"wd_text_block"}],"isInner":true}],"isInner":true}],"isInner":true}],"isInner":false}]]]></wp:meta_value>
						</wp:postmeta>
												<wp:postmeta>
							<wp:meta_key><![CDATA[_elementor_page_assets]]></wp:meta_key>
							<wp:meta_value><![CDATA[a:0:{}]]></wp:meta_value>
						</wp:postmeta>
												<wp:postmeta>
							<wp:meta_key><![CDATA[_elementor_controls_usage]]></wp:meta_key>
							<wp:meta_value><![CDATA[a:10:{s:8:"wd_title";a:3:{s:5:"count";i:6;s:15:"control_percent";i:3;s:8:"controls";a:3:{s:7:"content";a:1:{s:23:"general_content_section";a:3:{s:8:"subtitle";i:6;s:11:"after_title";i:6;s:5:"title";i:6;}}s:5:"style";a:3:{s:19:"title_style_section";a:4:{s:10:"image_size";i:6;s:27:"title_typography_typography";i:1;s:26:"title_typography_font_size";i:1;s:28:"title_typography_line_height";i:1;}s:21:"general_style_section";a:4:{s:5:"color";i:2;s:4:"size";i:2;s:5:"align";i:5;s:5:"style";i:3;}s:18:"text_style_section";a:2:{s:26:"text_typography_typography";i:1;s:25:"text_typography_font_size";i:1;}}s:8:"advanced";a:2:{s:14:"_section_style";a:1:{s:7:"_margin";i:1;}s:8:"wd_extra";a:1:{s:8:"scroll_y";i:6;}}}}s:17:"wd_contact_form_7";a:3:{s:5:"count";i:1;s:15:"control_percent";i:1;s:8:"controls";a:2:{s:7:"content";a:1:{s:23:"general_content_section";a:1:{s:7:"form_id";i:1;}}s:8:"advanced";a:1:{s:8:"wd_extra";a:1:{s:8:"scroll_y";i:1;}}}}s:6:"column";a:3:{s:5:"count";i:12;s:15:"control_percent";i:1;s:8:"controls";a:2:{s:8:"advanced";a:1:{s:8:"wd_extra";a:2:{s:20:"column_sticky_offset";i:12;s:8:"scroll_y";i:12;}}s:6:"layout";a:1:{s:6:"layout";a:1:{s:5:"align";i:1;}}}}s:10:"wd_infobox";a:3:{s:5:"count";i:3;s:15:"control_percent";i:4;s:8:"controls";a:3:{s:7:"content";a:2:{s:20:"icon_content_section";a:4:{s:9:"icon_type";i:3;s:10:"image_size";i:3;s:5:"image";i:3;s:22:"image_custom_dimension";i:3;}s:15:"content_section";a:4:{s:8:"btn_text";i:3;s:8:"subtitle";i:3;s:5:"title";i:3;s:7:"content";i:3;}}s:5:"style";a:2:{s:21:"general_style_section";a:3:{s:9:"alignment";i:3;s:15:"image_alignment";i:3;s:21:"woodmart_color_scheme";i:3;}s:22:"button_content_section";a:1:{s:12:"btn_position";i:3;}}s:8:"advanced";a:1:{s:8:"wd_extra";a:1:{s:8:"scroll_y";i:3;}}}}s:7:"divider";a:3:{s:5:"count";i:1;s:15:"control_percent";i:1;s:8:"controls";a:2:{s:5:"style";a:1:{s:21:"section_divider_style";a:1:{s:5:"color";i:1;}}s:8:"advanced";a:1:{s:8:"wd_extra";a:1:{s:8:"scroll_y";i:1;}}}}s:11:"text-editor";a:3:{s:5:"count";i:1;s:15:"control_percent";i:2;s:8:"controls";a:3:{s:5:"style";a:1:{s:13:"section_style";a:2:{s:21:"typography_typography";i:1;s:5:"align";i:1;}}s:7:"content";a:1:{s:14:"section_editor";a:1:{s:6:"editor";i:1;}}s:8:"advanced";a:1:{s:8:"wd_extra";a:1:{s:8:"scroll_y";i:1;}}}}s:17:"wd_social_buttons";a:3:{s:5:"count";i:1;s:15:"control_percent";i:3;s:8:"controls";a:2:{s:5:"style";a:1:{s:21:"general_style_section";a:3:{s:4:"size";i:1;s:5:"style";i:1;s:5:"align";i:1;}}s:8:"advanced";a:1:{s:8:"wd_extra";a:1:{s:8:"scroll_y";i:1;}}}}s:7:"section";a:3:{s:5:"count";i:8;s:15:"control_percent";i:0;s:8:"controls";a:3:{s:6:"layout";a:3:{s:17:"section_structure";a:1:{s:9:"structure";i:4;}s:15:"wd_extra_layout";a:1:{s:18:"wd_section_stretch";i:1;}s:14:"section_layout";a:2:{s:13:"custom_height";i:1;s:3:"gap";i:3;}}s:5:"style";a:1:{s:18:"section_background";a:5:{s:21:"background_background";i:1;s:16:"background_image";i:1;s:15:"background_size";i:1;s:17:"background_repeat";i:1;s:19:"background_position";i:1;}}s:8:"advanced";a:1:{s:16:"section_advanced";a:2:{s:6:"margin";i:3;s:7:"padding";i:1;}}}}s:8:"wd_popup";a:3:{s:5:"count";i:1;s:15:"control_percent";i:5;s:8:"controls";a:3:{s:5:"style";a:2:{s:20:"button_style_section";a:3:{s:5:"color";i:1;s:5:"style";i:1;s:4:"size";i:1;}s:21:"general_style_section";a:1:{s:5:"width";i:1;}}s:7:"content";a:2:{s:23:"general_content_section";a:2:{s:8:"popup_id";i:1;s:7:"content";i:1;}s:22:"button_content_section";a:1:{s:4:"text";i:1;}}s:8:"advanced";a:1:{s:8:"wd_extra";a:1:{s:8:"scroll_y";i:1;}}}}s:13:"wd_text_block";a:3:{s:5:"count";i:18;s:15:"control_percent";i:1;s:8:"controls";a:2:{s:7:"content";a:1:{s:23:"general_content_section";a:1:{s:4:"text";i:18;}}s:8:"advanced";a:1:{s:14:"_section_style";a:1:{s:7:"_margin";i:18;}}}}}]]></wp:meta_value>
						</wp:postmeta>
										</item>
				</channel>
</rss>
	