<?xml version="1.0" encoding="UTF-8" ?>
	<!-- This is a WordPress eXtended RSS file generated by WordPress as an export of your site. -->
	<!-- It contains information about your site's posts, pages, comments, categories, and other content. -->
	<!-- You may use this file to transfer that content from one site to another. -->
	<!-- This file is not intended to serve as a complete backup of your site. -->

	<!-- To import this information into a WordPress site follow these steps: -->
	<!-- 1. Log in to that site as an administrator. -->
	<!-- 2. Go to Tools: Import in the WordPress admin panel. -->
	<!-- 3. Install the "WordPress" importer from the list. -->
	<!-- 4. Activate & Run Importer. -->
	<!-- 5. Upload this file using the form provided on that page. -->
	<!-- 6. You will first be asked to map the authors in this export file to users -->
	<!--    on the site. For each author, you may choose to map to an -->
	<!--    existing user on the site or to create a new user. -->
	<!-- 7. WordPress will then import each of the posts, pages, comments, categories, etc. -->
	<!--    contained in this file into your site. -->

	<!-- generator="WordPress/5.8.2" created="2021-11-16 16:00" -->
<rss version="2.0"
	xmlns:excerpt="http://wordpress.org/export/1.2/excerpt/"
	xmlns:content="http://purl.org/rss/1.0/modules/content/"
	xmlns:wfw="http://wellformedweb.org/CommentAPI/"
	xmlns:dc="http://purl.org/dc/elements/1.1/"
	xmlns:wp="http://wordpress.org/export/1.2/"
>

<channel>
	<title>admin</title>
	<link>http://dummy.xtemos.com/woodmart2</link>
	<description>Just another WordPress site</description>
	<pubDate>Tue, 16 Nov 2021 16:00:55 +0000</pubDate>
	<language>en-US</language>
	<wp:wxr_version>1.2</wp:wxr_version>
	<wp:base_site_url>http://dummy.xtemos.com/woodmart2/</wp:base_site_url>
	<wp:base_blog_url>http://dummy.xtemos.com/woodmart2</wp:base_blog_url>

		<wp:author><wp:author_id>2</wp:author_id><wp:author_login><![CDATA[zakhar]]></wp:author_login><wp:author_email><![CDATA[zak@asda.as]]></wp:author_email><wp:author_display_name><![CDATA[Mr. Mackay]]></wp:author_display_name><wp:author_first_name><![CDATA[sds]]></wp:author_first_name><wp:author_last_name><![CDATA[scssc]]></wp:author_last_name></wp:author>

					<wp:term>
			<wp:term_id>0</wp:term_id>
			<wp:term_taxonomy><![CDATA[]]></wp:term_taxonomy>
			<wp:term_slug><![CDATA[]]></wp:term_slug>
			<wp:term_parent><![CDATA[]]></wp:term_parent>
					</wp:term>
		
	<generator>https://wordpress.org/?v=5.8.2</generator>

					<item>
					<title><![CDATA[testimonials-elements-bg]]></title>
					<link>http://dummy.xtemos.com/woodmart2/testimonials/testimonials-elements-bg/</link>
					<pubDate>Thu, 11 Nov 2021 18:11:27 +0000</pubDate>
					<dc:creator><![CDATA[zakhar]]></dc:creator>
					<guid isPermaLink="false">http://dummy.xtemos.com/woodmart2/wp-content/uploads/2021/11/testimonials-elements-bg.jpg</guid>
															<wp:post_id>7671</wp:post_id>
					<wp:post_date><![CDATA[2021-11-11 18:11:27]]></wp:post_date>
					<wp:post_date_gmt><![CDATA[2021-11-11 18:11:27]]></wp:post_date_gmt>
					<wp:post_modified><![CDATA[2021-11-11 18:11:27]]></wp:post_modified>
					<wp:post_modified_gmt><![CDATA[2021-11-11 18:11:27]]></wp:post_modified_gmt>
					<wp:comment_status><![CDATA[open]]></wp:comment_status>
					<wp:post_name><![CDATA[testimonials-elements-bg]]></wp:post_name>
					<wp:status><![CDATA[inherit]]></wp:status>
					<wp:post_parent>7666</wp:post_parent>
					<wp:menu_order>0</wp:menu_order>
					<wp:post_type><![CDATA[attachment]]></wp:post_type>
											<wp:attachment_url><![CDATA[http://dummy.xtemos.com/woodmart2/wp-content/uploads/2021/11/testimonials-elements-bg.jpg]]></wp:attachment_url>
																					<wp:postmeta>
							<wp:meta_key><![CDATA[_wp_attached_file]]></wp:meta_key>
							<wp:meta_value><![CDATA[2021/11/testimonials-elements-bg.jpg]]></wp:meta_value>
						</wp:postmeta>
										</item>
								<item>
					<title><![CDATA[List element]]></title>
					<link>http://dummy.xtemos.com/woodmart2/list-element/</link>
					<pubDate>Sun, 14 Nov 2021 09:13:09 +0000</pubDate>
					<dc:creator><![CDATA[zakhar]]></dc:creator>
					<guid isPermaLink="false">http://dummy.xtemos.com/woodmart2/?page_id=7863</guid>
											<content:encoded><![CDATA[[vc_row css=".vc_custom_1636881406644{margin-bottom: 60px !important;}" woodmart_css_id="6190d3fb58465" responsive_spacing="eyJwYXJhbV90eXBlIjoid29vZG1hcnRfcmVzcG9uc2l2ZV9zcGFjaW5nIiwic2VsZWN0b3JfaWQiOiI2MTkwZDNmYjU4NDY1Iiwic2hvcnRjb2RlIjoidmNfcm93IiwiZGF0YSI6eyJ0YWJsZXQiOnt9LCJtb2JpbGUiOnt9fX0=" mobile_bg_img_hidden="no" tablet_bg_img_hidden="no" woodmart_parallax="0" woodmart_gradient_switch="no" woodmart_box_shadow="no" wd_z_index="no" woodmart_disable_overflow="0" row_reverse_mobile="0" row_reverse_tablet="0"][vc_column][woodmart_title color="primary" style="bordered" title="ORDERED AND UNORDERED LISTS" subtitle="XTEMOS ELEMENTS" css=".vc_custom_1636881217742{margin-bottom: 20px !important;}" woodmart_css_id="6190d33d9d9dc" responsive_spacing="eyJwYXJhbV90eXBlIjoid29vZG1hcnRfcmVzcG9uc2l2ZV9zcGFjaW5nIiwic2VsZWN0b3JfaWQiOiI2MTkwZDMzZDlkOWRjIiwic2hvcnRjb2RlIjoid29vZG1hcnRfdGl0bGUiLCJkYXRhIjp7InRhYmxldCI6e30sIm1vYmlsZSI6e319fQ=="][/vc_column][vc_column width="1/3"][woodmart_list list_type="unordered" list="%5B%7B%22list-content%22%3A%22Far%20far%20away%2C%20behind%20the%20word%20mountains%2C%20far%20las.%22%7D%2C%7B%22list-content%22%3A%22Vokalia%20and%20Consonantia%2C%20there%20live%20the%20blind%20tex.%22%7D%2C%7B%22list-content%22%3A%22Separated%20they%20live%20in%20Bookmarksgrove%20right%20attr.%22%7D%2C%7B%22list-content%22%3A%22Of%20the%20Semantics%2C%20a%20large%20language%20ocean%20and%20sa.%5Cn%22%7D%2C%7B%22list-content%22%3A%22Named%20duden%20flows%20by%20their%20place%20and%20supp%20lies.%22%7D%5D" icons_color="eyJwYXJhbV90eXBlIjoid29vZG1hcnRfY29sb3JwaWNrZXIiLCJjc3NfYXJncyI6eyJjb2xvciI6WyIgLmxpc3QtaWNvbiJdfSwic2VsZWN0b3JfaWQiOiI2MTBkMDAwODY1YzUwIiwiZGF0YSI6eyJkZXNrdG9wIjoiIzJiOWNiZiJ9fQ==" woodmart_css_id="610d000865c50" el_class="custom-list"][/vc_column][vc_column width="1/3"][woodmart_list list_type="ordered" list="%5B%7B%22list-content%22%3A%22Far%20far%20away%2C%20behind%20the%20word%20mountains%2C%20far%20las.%5Cn%22%7D%2C%7B%22list-content%22%3A%22Vokalia%20and%20Consonantia%2C%20there%20live%20the%20blind%20tex.%22%7D%2C%7B%22list-content%22%3A%22%5CnSeparated%20they%20live%20in%20Bookmarksgrove%20right%20attr.%22%7D%2C%7B%22list-content%22%3A%22Of%20the%20Semantics%2C%20a%20large%20language%20ocean%20and%20sa.%22%7D%2C%7B%22list-content%22%3A%22Named%20duden%20flows%20by%20their%20place%20and%20supp%20lies.%22%7D%5D"][/vc_column][vc_column width="1/3"][woodmart_list list_type="ordered" list="%5B%7B%22list-content%22%3A%22Far%20far%20away%2C%20behind%20the%20word%20mountains%2C%20far%20las.%22%7D%2C%7B%22list-content%22%3A%22Vokalia%20and%20Consonantia%2C%20there%20live%20the%20blind%20tex.%22%7D%2C%7B%22list-content%22%3A%22%5CnSeparated%20they%20live%20in%20Bookmarksgrove%20right%20attr.%22%7D%2C%7B%22list-content%22%3A%22%5CnOf%20the%20Semantics%2C%20a%20large%20language%20ocean%20and%20sa.%22%7D%2C%7B%22list-content%22%3A%22Named%20duden%20flows%20by%20their%20place%20and%20supp%20lies.%22%7D%5D" icons_color="#d18b30"][/vc_column][/vc_row][vc_row css=".vc_custom_1636881411507{margin-bottom: 60px !important;}" woodmart_css_id="6190d400a7907" responsive_spacing="eyJwYXJhbV90eXBlIjoid29vZG1hcnRfcmVzcG9uc2l2ZV9zcGFjaW5nIiwic2VsZWN0b3JfaWQiOiI2MTkwZDQwMGE3OTA3Iiwic2hvcnRjb2RlIjoidmNfcm93IiwiZGF0YSI6eyJ0YWJsZXQiOnt9LCJtb2JpbGUiOnt9fX0=" mobile_bg_img_hidden="no" tablet_bg_img_hidden="no" woodmart_parallax="0" woodmart_gradient_switch="no" woodmart_box_shadow="no" wd_z_index="no" woodmart_disable_overflow="0" row_reverse_mobile="0" row_reverse_tablet="0"][vc_column][woodmart_title color="primary" style="bordered" title="LIST WITH CUSTOM ICON" subtitle="XTEMOS ELEMENTS" css=".vc_custom_1636881225359{margin-bottom: 20px !important;}" woodmart_css_id="6190d345c0b1f" responsive_spacing="eyJwYXJhbV90eXBlIjoid29vZG1hcnRfcmVzcG9uc2l2ZV9zcGFjaW5nIiwic2VsZWN0b3JfaWQiOiI2MTkwZDM0NWMwYjFmIiwic2hvcnRjb2RlIjoid29vZG1hcnRfdGl0bGUiLCJkYXRhIjp7InRhYmxldCI6e30sIm1vYmlsZSI6e319fQ=="][/vc_column][vc_column width="1/3"][woodmart_list icon_fontawesome="fa fa-check" list="%5B%7B%22list-content%22%3A%22Far%20far%20away%2C%20behind%20the%20word%20mountains%2C%20far%20las.%22%7D%2C%7B%22list-content%22%3A%22Vokalia%20and%20Consonantia%2C%20there%20live%20the%20blind%20tex.%22%7D%2C%7B%22list-content%22%3A%22Separated%20they%20live%20in%20Bookmarksgrove%20right%20attr.%22%7D%2C%7B%22list-content%22%3A%22Of%20the%20Semantics%2C%20a%20large%20language%20ocean%20and%20sa.%22%7D%2C%7B%22list-content%22%3A%22Named%20duden%20flows%20by%20their%20place%20and%20supp%20lies.%22%7D%5D"][/vc_column][vc_column width="1/3"][woodmart_list icon_fontawesome="fa fa-plus" list="%5B%7B%22list-content%22%3A%22Far%20far%20away%2C%20behind%20the%20word%20mountains%2C%20far%20las.%22%7D%2C%7B%22list-content%22%3A%22Vokalia%20and%20Consonantia%2C%20there%20live%20the%20blind%20tex.%22%7D%2C%7B%22list-content%22%3A%22Separated%20they%20live%20in%20Bookmarksgrove%20right%20attr.%22%7D%2C%7B%22list-content%22%3A%22%5CnOf%20the%20Semantics%2C%20a%20large%20language%20ocean%20and%20sa.%22%7D%2C%7B%22list-content%22%3A%22Named%20duden%20flows%20by%20their%20place%20and%20supp%20lies.%22%7D%5D"][/vc_column][vc_column width="1/3"][woodmart_list icon_fontawesome="fa fa-life-ring" list="%5B%7B%22list-content%22%3A%22Far%20far%20away%2C%20behind%20the%20word%20mountains%2C%20far%20las.%22%7D%2C%7B%22list-content%22%3A%22Vokalia%20and%20Consonantia%2C%20there%20live%20the%20blind%20tex.%22%7D%2C%7B%22list-content%22%3A%22%5CnSeparated%20they%20live%20in%20Bookmarksgrove%20right%20attr.%22%7D%2C%7B%22list-content%22%3A%22Of%20the%20Semantics%2C%20a%20large%20language%20ocean%20and%20sa.%22%7D%2C%7B%22list-content%22%3A%22Named%20duden%20flows%20by%20their%20place%20and%20supp%20lies.%22%7D%5D"][/vc_column][/vc_row][vc_row css=".vc_custom_1636881416908{margin-bottom: 60px !important;}" woodmart_css_id="6190d405c85b7" responsive_spacing="eyJwYXJhbV90eXBlIjoid29vZG1hcnRfcmVzcG9uc2l2ZV9zcGFjaW5nIiwic2VsZWN0b3JfaWQiOiI2MTkwZDQwNWM4NWI3Iiwic2hvcnRjb2RlIjoidmNfcm93IiwiZGF0YSI6eyJ0YWJsZXQiOnt9LCJtb2JpbGUiOnt9fX0=" mobile_bg_img_hidden="no" tablet_bg_img_hidden="no" woodmart_parallax="0" woodmart_gradient_switch="no" woodmart_box_shadow="no" wd_z_index="no" woodmart_disable_overflow="0" row_reverse_mobile="0" row_reverse_tablet="0"][vc_column][woodmart_title color="primary" style="bordered" title="LIST WITH CUSTOM COLORED ICON" subtitle="XTEMOS ELEMENTS" css=".vc_custom_1636881231767{margin-bottom: 20px !important;}" woodmart_css_id="6190d34bd0c3f" responsive_spacing="eyJwYXJhbV90eXBlIjoid29vZG1hcnRfcmVzcG9uc2l2ZV9zcGFjaW5nIiwic2VsZWN0b3JfaWQiOiI2MTkwZDM0YmQwYzNmIiwic2hvcnRjb2RlIjoid29vZG1hcnRfdGl0bGUiLCJkYXRhIjp7InRhYmxldCI6e30sIm1vYmlsZSI6e319fQ=="][/vc_column][vc_column width="1/3"][woodmart_list icon_fontawesome="fa fa-plus-circle" list="%5B%7B%22list-content%22%3A%22Far%20far%20away%2C%20behind%20the%20word%20mountains%2C%20far%20las.%22%7D%2C%7B%22list-content%22%3A%22Vokalia%20and%20Consonantia%2C%20there%20live%20the%20blind%20tex.%22%7D%2C%7B%22list-content%22%3A%22Separated%20they%20live%20in%20Bookmarksgrove%20right%20attr.%22%7D%2C%7B%22list-content%22%3A%22Of%20the%20Semantics%2C%20a%20large%20language%20ocean%20and%20sa.%22%7D%2C%7B%22list-content%22%3A%22Named%20duden%20flows%20by%20their%20place%20and%20supp%20lies.%22%7D%5D" icons_color="#468c2b"][/vc_column][vc_column width="1/3"][woodmart_list icon_fontawesome="fa fa-check-square" list="%5B%7B%22list-content%22%3A%22Far%20far%20away%2C%20behind%20the%20word%20mountains%2C%20far%20las.%22%7D%2C%7B%22list-content%22%3A%22Vokalia%20and%20Consonantia%2C%20there%20live%20the%20blind%20tex.%22%7D%2C%7B%22list-content%22%3A%22Separated%20they%20live%20in%20Bookmarksgrove%20right%20attr.%22%7D%2C%7B%22list-content%22%3A%22Of%20the%20Semantics%2C%20a%20large%20language%20ocean%20and%20sa.%22%7D%2C%7B%22list-content%22%3A%22Named%20duden%20flows%20by%20their%20place%20and%20supp%20lies.%22%7D%5D" icons_color="#c6472d"][/vc_column][vc_column width="1/3"][woodmart_list icon_fontawesome="fa fa-chevron-circle-right" list="%5B%7B%22list-content%22%3A%22Far%20far%20away%2C%20behind%20the%20word%20mountains%2C%20far%20las.%22%7D%2C%7B%22list-content%22%3A%22Vokalia%20and%20Consonantia%2C%20there%20live%20the%20blind%20tex.%22%7D%2C%7B%22list-content%22%3A%22Separated%20they%20live%20in%20Bookmarksgrove%20right%20attr.%22%7D%2C%7B%22list-content%22%3A%22Of%20the%20Semantics%2C%20a%20large%20language%20ocean%20and%20sa.%22%7D%2C%7B%22list-content%22%3A%22Named%20duden%20flows%20by%20their%20place%20and%20supp%20lies.%22%7D%5D" icons_color="#1d71ba"][/vc_column][/vc_row][vc_row css=".vc_custom_1636881421035{margin-bottom: 60px !important;}" woodmart_css_id="6190d40a93db8" responsive_spacing="eyJwYXJhbV90eXBlIjoid29vZG1hcnRfcmVzcG9uc2l2ZV9zcGFjaW5nIiwic2VsZWN0b3JfaWQiOiI2MTkwZDQwYTkzZGI4Iiwic2hvcnRjb2RlIjoidmNfcm93IiwiZGF0YSI6eyJ0YWJsZXQiOnt9LCJtb2JpbGUiOnt9fX0=" mobile_bg_img_hidden="no" tablet_bg_img_hidden="no" woodmart_parallax="0" woodmart_gradient_switch="no" woodmart_box_shadow="no" wd_z_index="no" woodmart_disable_overflow="0" row_reverse_mobile="0" row_reverse_tablet="0"][vc_column][woodmart_title color="primary" style="bordered" title="LIST ELEMENTS ALIGNMENT" subtitle="XTEMOS ELEMENTS" css=".vc_custom_1636881238061{margin-bottom: 20px !important;}" woodmart_css_id="6190d35227988" responsive_spacing="eyJwYXJhbV90eXBlIjoid29vZG1hcnRfcmVzcG9uc2l2ZV9zcGFjaW5nIiwic2VsZWN0b3JfaWQiOiI2MTkwZDM1MjI3OTg4Iiwic2hvcnRjb2RlIjoid29vZG1hcnRfdGl0bGUiLCJkYXRhIjp7InRhYmxldCI6e30sIm1vYmlsZSI6e319fQ=="][/vc_column][vc_column width="1/3" woodmart_css_id="6190d44790aba" parallax_scroll="no" woodmart_sticky_column="false" wd_collapsible_content_switcher="no" mobile_bg_img_hidden="no" tablet_bg_img_hidden="no" woodmart_parallax="0" woodmart_box_shadow="no" mobile_reset_margin="no" tablet_reset_margin="no" wd_z_index="no" responsive_spacing="eyJwYXJhbV90eXBlIjoid29vZG1hcnRfcmVzcG9uc2l2ZV9zcGFjaW5nIiwic2VsZWN0b3JfaWQiOiI2MTkwZDQ0NzkwYWJhIiwic2hvcnRjb2RlIjoidmNfY29sdW1uIiwiZGF0YSI6eyJ0YWJsZXQiOnt9LCJtb2JpbGUiOnt9fX0="][woodmart_list color_scheme="custom" list_type="without" list="%5B%7B%22link%22%3A%22url%3A%2523%22%2C%22list-content%22%3A%22Far%20far%20away%2C%20behind%20the%20word%20mountains.%22%7D%2C%7B%22link%22%3A%22url%3A%2523%22%2C%22list-content%22%3A%22Vokalia%20and%20Consonantia%2C%20there%20live%20the%20blind%20tex.%22%7D%2C%7B%22link%22%3A%22url%3A%2523%22%2C%22list-content%22%3A%22Separated%20they%20live%20in%20Bookmarksgrove%20right%20attr.%22%7D%2C%7B%22link%22%3A%22url%3A%2523%22%2C%22list-content%22%3A%22Of%20the%20Semantics%2C%20a%20large%20language%20ocean.%22%7D%2C%7B%22link%22%3A%22url%3A%2523%22%2C%22list-content%22%3A%22Named%20duden%20flows%20by%20their%20place.%22%7D%5D" woodmart_css_id="60cb7a8692921" text_color_hover="eyJwYXJhbV90eXBlIjoid29vZG1hcnRfY29sb3JwaWNrZXIiLCJjc3NfYXJncyI6eyJjb2xvciI6WyIgbGk6aG92ZXIiXX0sInNlbGVjdG9yX2lkIjoiNjBjYjdhODY5MjkyMSIsImRhdGEiOnsiZGVza3RvcCI6IiMzMzMzMzMifX0="][/vc_column][vc_column width="1/3"][woodmart_list color_scheme="custom" align="center" list_type="without" list="%5B%7B%22link%22%3A%22url%3A%2523%22%2C%22list-content%22%3A%22Far%20far%20away%2C%20behind%20the%20word%20mountains.%22%7D%2C%7B%22link%22%3A%22url%3A%2523%22%2C%22list-content%22%3A%22Vokalia%20and%20Consonantia%2C%20there%20live%20the%20blind%20tex.%22%7D%2C%7B%22link%22%3A%22url%3A%2523%22%2C%22list-content%22%3A%22Separated%20they%20live%20in%20Bookmarksgrove%20right%20attr.%22%7D%2C%7B%22link%22%3A%22url%3A%2523%22%2C%22list-content%22%3A%22Of%20the%20Semantics%2C%20a%20large%20language%20ocean.%22%7D%2C%7B%22link%22%3A%22url%3A%2523%22%2C%22list-content%22%3A%22Named%20duden%20flows%20by%20their%20place.%22%7D%5D" woodmart_css_id="60cb7a9d00cab" text_color_hover="eyJwYXJhbV90eXBlIjoid29vZG1hcnRfY29sb3JwaWNrZXIiLCJjc3NfYXJncyI6eyJjb2xvciI6WyIgbGk6aG92ZXIiXX0sInNlbGVjdG9yX2lkIjoiNjBjYjdhOWQwMGNhYiIsImRhdGEiOnsiZGVza3RvcCI6IiMzMzMzMzMifX0="][/vc_column][vc_column width="1/3"][woodmart_list color_scheme="custom" align="right" list_type="without" list="%5B%7B%22link%22%3A%22url%3A%2523%22%2C%22list-content%22%3A%22Far%20far%20away%2C%20behind%20the%20word%20mountains.%22%7D%2C%7B%22link%22%3A%22url%3A%2523%22%2C%22list-content%22%3A%22Vokalia%20and%20Consonantia%2C%20there%20live%20the%20blind%20tex.%22%7D%2C%7B%22link%22%3A%22url%3A%2523%22%2C%22list-content%22%3A%22Separated%20they%20live%20in%20Bookmarksgrove%20right%20attr.%22%7D%2C%7B%22link%22%3A%22url%3A%2523%22%2C%22list-content%22%3A%22Of%20the%20Semantics%2C%20a%20large%20language%20ocean.%22%7D%2C%7B%22link%22%3A%22url%3A%2523%22%2C%22list-content%22%3A%22Named%20duden%20flows%20by%20their%20place.%22%7D%5D" woodmart_css_id="60cb7aa615eeb" text_color_hover="eyJwYXJhbV90eXBlIjoid29vZG1hcnRfY29sb3JwaWNrZXIiLCJjc3NfYXJncyI6eyJjb2xvciI6WyIgbGk6aG92ZXIiXX0sInNlbGVjdG9yX2lkIjoiNjBjYjdhYTYxNWVlYiIsImRhdGEiOnsiZGVza3RvcCI6IiMzMzMzMzMifX0="][/vc_column][/vc_row][vc_row css=".vc_custom_1636881426050{margin-bottom: 60px !important;}" woodmart_css_id="6190d40f7552e" responsive_spacing="eyJwYXJhbV90eXBlIjoid29vZG1hcnRfcmVzcG9uc2l2ZV9zcGFjaW5nIiwic2VsZWN0b3JfaWQiOiI2MTkwZDQwZjc1NTJlIiwic2hvcnRjb2RlIjoidmNfcm93IiwiZGF0YSI6eyJ0YWJsZXQiOnt9LCJtb2JpbGUiOnt9fX0=" mobile_bg_img_hidden="no" tablet_bg_img_hidden="no" woodmart_parallax="0" woodmart_gradient_switch="no" woodmart_box_shadow="no" wd_z_index="no" woodmart_disable_overflow="0" row_reverse_mobile="0" row_reverse_tablet="0"][vc_column][woodmart_title color="primary" style="bordered" title="LIST WITH ROUND BACKGROUND" subtitle="XTEMOS ELEMENTS" css=".vc_custom_1636881244310{margin-bottom: 20px !important;}" woodmart_css_id="6190d358795d4" responsive_spacing="eyJwYXJhbV90eXBlIjoid29vZG1hcnRfcmVzcG9uc2l2ZV9zcGFjaW5nIiwic2VsZWN0b3JfaWQiOiI2MTkwZDM1ODc5NWQ0Iiwic2hvcnRjb2RlIjoid29vZG1hcnRfdGl0bGUiLCJkYXRhIjp7InRhYmxldCI6e30sIm1vYmlsZSI6e319fQ=="][/vc_column][vc_column width="1/3"][woodmart_list list_style="rounded" icon_library="linecons" list="%5B%7B%22list-content%22%3A%22Far%20far%20away%2C%20behind%20the%20word%20mountains%2C%20farl.%22%7D%2C%7B%22list-content%22%3A%22Vokalia%20and%20Consonantia%2C%20there%20live%20the%20blindte.%22%7D%2C%7B%22list-content%22%3A%22Separated%20they%20live%20in%20Bookmarksgrove%20right%20at.%22%7D%2C%7B%22list-content%22%3A%22Of%20the%20Semantics%2C%20a%20large%20language%20ocean%20ands.%22%7D%2C%7B%22list-content%22%3A%22Named%20duden%20flows%20by%20their%20place%20and%20supplie.%22%7D%5D" icons_color="#ffffff" icons_bg_color="#f2884b" icon_linecons="vc_li vc_li-bulb"][/vc_column][vc_column width="1/3"][woodmart_list list_type="unordered" list_style="rounded" list="%5B%7B%22list-content%22%3A%22%5CnFar%20far%20away%2C%20behind%20the%20word%20mountains%2C%20farl.%22%7D%2C%7B%22list-content%22%3A%22%5CnVokalia%20and%20Consonantia%2C%20there%20live%20the%20blindte.%22%7D%2C%7B%22list-content%22%3A%22Separated%20they%20live%20in%20Bookmarksgrove%20right%20at.%22%7D%2C%7B%22list-content%22%3A%22Of%20the%20Semantics%2C%20a%20large%20language%20ocean%20ands.%22%7D%2C%7B%22list-content%22%3A%22Named%20duden%20flows%20by%20their%20place%20and%20supplie.%22%7D%5D" icons_color="#beffdf" icons_bg_color="#2dc4ba"][/vc_column][vc_column width="1/3"][woodmart_list list_style="rounded" icon_library="linecons" list="%5B%7B%22list-content%22%3A%22%5CnFar%20far%20away%2C%20behind%20the%20word%20mountains%2C%20farl.%22%7D%2C%7B%22list-content%22%3A%22%5CnVokalia%20and%20Consonantia%2C%20there%20live%20the%20blindte.%22%7D%2C%7B%22list-content%22%3A%22%5CnSeparated%20they%20live%20in%20Bookmarksgrove%20right%20at.%22%7D%2C%7B%22list-content%22%3A%22Of%20the%20Semantics%2C%20a%20large%20language%20ocean%20ands.%22%7D%2C%7B%22list-content%22%3A%22%5CnNamed%20duden%20flows%20by%20their%20place%20and%20supplie.%22%7D%5D" icons_color="#e87035" icons_bg_color="#000000" icon_linecons="vc_li vc_li-fire"][/vc_column][/vc_row][vc_row css=".vc_custom_1636881429985{margin-bottom: 60px !important;}" woodmart_css_id="6190d413b1b39" responsive_spacing="eyJwYXJhbV90eXBlIjoid29vZG1hcnRfcmVzcG9uc2l2ZV9zcGFjaW5nIiwic2VsZWN0b3JfaWQiOiI2MTkwZDQxM2IxYjM5Iiwic2hvcnRjb2RlIjoidmNfcm93IiwiZGF0YSI6eyJ0YWJsZXQiOnt9LCJtb2JpbGUiOnt9fX0=" mobile_bg_img_hidden="no" tablet_bg_img_hidden="no" woodmart_parallax="0" woodmart_gradient_switch="no" woodmart_box_shadow="no" wd_z_index="no" woodmart_disable_overflow="0" row_reverse_mobile="0" row_reverse_tablet="0"][vc_column][woodmart_title color="primary" style="bordered" title="LIST WITH SQUARE BACKGROUND" subtitle="XTEMOS ELEMENTS" css=".vc_custom_1636881250092{margin-bottom: 20px !important;}" woodmart_css_id="6190d35e99f58" responsive_spacing="eyJwYXJhbV90eXBlIjoid29vZG1hcnRfcmVzcG9uc2l2ZV9zcGFjaW5nIiwic2VsZWN0b3JfaWQiOiI2MTkwZDM1ZTk5ZjU4Iiwic2hvcnRjb2RlIjoid29vZG1hcnRfdGl0bGUiLCJkYXRhIjp7InRhYmxldCI6e30sIm1vYmlsZSI6e319fQ=="][/vc_column][vc_column width="1/3"][woodmart_list list_style="square" icon_library="monosocial" list="%5B%7B%22list-content%22%3A%22Far%20far%20away%2C%20behind%20the%20word%20mountains%2C%20farl.%22%7D%2C%7B%22list-content%22%3A%22Vokalia%20and%20Consonantia%2C%20there%20live%20the%20blindte.%22%7D%2C%7B%22list-content%22%3A%22Separated%20they%20live%20in%20Bookmarksgrove%20right%20at.%22%7D%2C%7B%22list-content%22%3A%22%5CnOf%20the%20Semantics%2C%20a%20large%20language%20ocean%20ands.%22%7D%2C%7B%22list-content%22%3A%22Named%20duden%20flows%20by%20their%20place%20and%20supplie.%22%7D%5D" icons_color="#ffffff" icons_bg_color="#dd3333" icon_monosocial="vc-mono vc-mono-youtube"][/vc_column][vc_column width="1/3"][woodmart_list list_style="square" icon_library="entypo" list="%5B%7B%22list-content%22%3A%22Far%20far%20away%2C%20behind%20the%20word%20mountains%2C%20farl.%22%7D%2C%7B%22list-content%22%3A%22%5CnVokalia%20and%20Consonantia%2C%20there%20live%20the%20blindte.%22%7D%2C%7B%22list-content%22%3A%22Separated%20they%20live%20in%20Bookmarksgrove%20right%20at.%22%7D%2C%7B%22list-content%22%3A%22Of%20the%20Semantics%2C%20a%20large%20language%20ocean%20ands.%22%7D%2C%7B%22list-content%22%3A%22Named%20duden%20flows%20by%20their%20place%20and%20supplie.%22%7D%5D" icons_color="#3346dd" icons_bg_color="#d1d1d1" icon_entypo="entypo-icon entypo-icon-rocket"][/vc_column][vc_column width="1/3"][woodmart_list list_type="ordered" list_style="square" list="%5B%7B%22list-content%22%3A%22Far%20far%20away%2C%20behind%20the%20word%20mountains%2C%20farl.%22%7D%2C%7B%22list-content%22%3A%22Vokalia%20and%20Consonantia%2C%20there%20live%20the%20blindte.%22%7D%2C%7B%22list-content%22%3A%22Separated%20they%20live%20in%20Bookmarksgrove%20right%20at.%22%7D%2C%7B%22list-content%22%3A%22%5CnOf%20the%20Semantics%2C%20a%20large%20language%20ocean%20ands.%22%7D%2C%7B%22list-content%22%3A%22Named%20duden%20flows%20by%20their%20place%20and%20supplie.%22%7D%5D" icons_color="#ffffff" icons_bg_color="#05a822"][/vc_column][/vc_row][vc_row content_placement="middle" css=".vc_custom_1636881434842{margin-bottom: 60px !important;}" woodmart_css_id="6190d418340ce" responsive_spacing="eyJwYXJhbV90eXBlIjoid29vZG1hcnRfcmVzcG9uc2l2ZV9zcGFjaW5nIiwic2VsZWN0b3JfaWQiOiI2MTkwZDQxODM0MGNlIiwic2hvcnRjb2RlIjoidmNfcm93IiwiZGF0YSI6eyJ0YWJsZXQiOnt9LCJtb2JpbGUiOnt9fX0=" mobile_bg_img_hidden="no" tablet_bg_img_hidden="no" woodmart_parallax="0" woodmart_gradient_switch="no" woodmart_box_shadow="no" wd_z_index="no" woodmart_disable_overflow="0" row_reverse_mobile="0" row_reverse_tablet="0"][vc_column][woodmart_title color="primary" style="bordered" title="LISTS SIZES" subtitle="XTEMOS ELEMENTS" css=".vc_custom_1636881258756{margin-bottom: 20px !important;}" woodmart_css_id="6190d3673dd86" responsive_spacing="eyJwYXJhbV90eXBlIjoid29vZG1hcnRfcmVzcG9uc2l2ZV9zcGFjaW5nIiwic2VsZWN0b3JfaWQiOiI2MTkwZDM2NzNkZDg2Iiwic2hvcnRjb2RlIjoid29vZG1hcnRfdGl0bGUiLCJkYXRhIjp7InRhYmxldCI6e30sIm1vYmlsZSI6e319fQ=="][/vc_column][vc_column width="1/2" offset="vc_col-lg-3 vc_col-md-3 vc_col-xs-12" mobile_bg_img_hidden="no" tablet_bg_img_hidden="no" woodmart_parallax="0" woodmart_sticky_column="false" parallax_scroll="no" mobile_reset_margin="no" tablet_reset_margin="no"][woodmart_title color="primary" align="left" title="DEFAULT" css=".vc_custom_1637078383467{margin-bottom: 20px !important;}" woodmart_css_id="6193d569e0676" woodmart_empty_space="" responsive_spacing="eyJwYXJhbV90eXBlIjoid29vZG1hcnRfcmVzcG9uc2l2ZV9zcGFjaW5nIiwic2VsZWN0b3JfaWQiOiI2MTkzZDU2OWUwNjc2Iiwic2hvcnRjb2RlIjoid29vZG1hcnRfdGl0bGUiLCJkYXRhIjp7InRhYmxldCI6e30sIm1vYmlsZSI6e319fQ=="][woodmart_list icon_library="linecons" list="%5B%7B%22list-content%22%3A%22Far%20far%20away%2C%20behind%20the%20word%20mountains%22%7D%2C%7B%22list-content%22%3A%22Vokalia%20and%20Consonantia%2C%20there%20live%22%7D%2C%7B%22list-content%22%3A%22Separated%20they%20live%20in%20Bookmarksgrove%22%7D%2C%7B%22list-content%22%3A%22Of%20the%20Semantics%2C%20a%20large%20language%20ocean%22%7D%2C%7B%22list-content%22%3A%22Named%20duden%20flows%20by%20their%20place%22%7D%5D" icon_linecons="vc_li vc_li-location" icons_color="eyJwYXJhbV90eXBlIjoid29vZG1hcnRfY29sb3JwaWNrZXIiLCJjc3NfYXJncyI6eyJjb2xvciI6WyIgLmxpc3QtaWNvbiJdfSwic2VsZWN0b3JfaWQiOiI2MDcwMzg4NzgxNDYzIiwiZGF0YSI6eyJkZXNrdG9wIjoiI2VkMzYzNiJ9fQ==" woodmart_css_id="6070388781463"][/vc_column][vc_column width="1/2" offset="vc_col-lg-3 vc_col-md-3 vc_col-xs-12" mobile_bg_img_hidden="no" tablet_bg_img_hidden="no" woodmart_parallax="0" woodmart_sticky_column="false" parallax_scroll="no" mobile_reset_margin="no" tablet_reset_margin="no"][woodmart_title color="primary" align="left" title="MEDIUM" css=".vc_custom_1637078389521{margin-bottom: 20px !important;}" woodmart_css_id="6193d571cd13d" woodmart_empty_space="" responsive_spacing="eyJwYXJhbV90eXBlIjoid29vZG1hcnRfcmVzcG9uc2l2ZV9zcGFjaW5nIiwic2VsZWN0b3JfaWQiOiI2MTkzZDU3MWNkMTNkIiwic2hvcnRjb2RlIjoid29vZG1hcnRfdGl0bGUiLCJkYXRhIjp7InRhYmxldCI6e30sIm1vYmlsZSI6e319fQ=="][woodmart_list size="medium" icon_library="linecons" list="%5B%7B%22list-content%22%3A%22Far%20far%20away%2C%20behind%20the%20word%22%7D%2C%7B%22list-content%22%3A%22Vokalia%20and%20Consonantia%20live%22%7D%2C%7B%22list-content%22%3A%22Separated%20they%20live%20in%20right%20at.%22%7D%2C%7B%22list-content%22%3A%22Of%20the%20Semantics%2C%20a%20large%20language%22%7D%2C%7B%22list-content%22%3A%22Named%20duden%20flows%20by%20their%20place%22%7D%5D" icon_linecons="vc_li vc_li-location" icons_color="eyJwYXJhbV90eXBlIjoid29vZG1hcnRfY29sb3JwaWNrZXIiLCJjc3NfYXJncyI6eyJjb2xvciI6WyIgLmxpc3QtaWNvbiJdfSwic2VsZWN0b3JfaWQiOiI2MDcwMzhiMTRjYzM3IiwiZGF0YSI6eyJkZXNrdG9wIjoiI2VkMzYzNiJ9fQ==" woodmart_css_id="607038b14cc37"][/vc_column][vc_column width="1/2" offset="vc_col-lg-3 vc_col-md-3 vc_col-xs-12" mobile_bg_img_hidden="no" tablet_bg_img_hidden="no" woodmart_parallax="0" woodmart_sticky_column="false" parallax_scroll="no" mobile_reset_margin="no" tablet_reset_margin="no"][woodmart_title color="primary" align="left" title="LARGE" css=".vc_custom_1637078395301{margin-bottom: 20px !important;}" woodmart_css_id="6193d577e343b" woodmart_empty_space="" responsive_spacing="eyJwYXJhbV90eXBlIjoid29vZG1hcnRfcmVzcG9uc2l2ZV9zcGFjaW5nIiwic2VsZWN0b3JfaWQiOiI2MTkzZDU3N2UzNDNiIiwic2hvcnRjb2RlIjoid29vZG1hcnRfdGl0bGUiLCJkYXRhIjp7InRhYmxldCI6e30sIm1vYmlsZSI6e319fQ=="][woodmart_list size="large" icon_library="linecons" list="%5B%7B%22list-content%22%3A%22Far%20far%20away%2C%20behind%20the%20word%22%7D%2C%7B%22list-content%22%3A%22Vokalia%20and%20Consonantia%22%7D%2C%7B%22list-content%22%3A%22Separated%20they%20live%20in%20right%22%7D%2C%7B%22list-content%22%3A%22Of%20the%20Semantics%2C%20a%20large%20ocean%22%7D%2C%7B%22list-content%22%3A%22Named%20duden%20flows%20by%20their%22%7D%5D" icon_linecons="vc_li vc_li-location" icons_color="eyJwYXJhbV90eXBlIjoid29vZG1hcnRfY29sb3JwaWNrZXIiLCJjc3NfYXJncyI6eyJjb2xvciI6WyIgLmxpc3QtaWNvbiJdfSwic2VsZWN0b3JfaWQiOiI2MDcwMzhlYmU3ZjY1IiwiZGF0YSI6eyJkZXNrdG9wIjoiI2VkMzYzNiJ9fQ==" woodmart_css_id="607038ebe7f65"][/vc_column][vc_column width="1/2" offset="vc_col-lg-3 vc_col-md-offset-0 vc_col-md-3 vc_col-xs-12" mobile_bg_img_hidden="no" tablet_bg_img_hidden="no" woodmart_parallax="0" woodmart_sticky_column="false" parallax_scroll="no" mobile_reset_margin="no" tablet_reset_margin="no"][woodmart_title color="primary" align="left" title="EXTRA LARGE" css=".vc_custom_1637078400741{margin-bottom: 20px !important;}" woodmart_css_id="6193d57db77ca" woodmart_empty_space="" responsive_spacing="eyJwYXJhbV90eXBlIjoid29vZG1hcnRfcmVzcG9uc2l2ZV9zcGFjaW5nIiwic2VsZWN0b3JfaWQiOiI2MTkzZDU3ZGI3N2NhIiwic2hvcnRjb2RlIjoid29vZG1hcnRfdGl0bGUiLCJkYXRhIjp7InRhYmxldCI6e30sIm1vYmlsZSI6e319fQ=="][woodmart_list size="extra-large" icon_library="linecons" list="%5B%7B%22list-content%22%3A%22Far%20far%20away%2C%20behind%22%7D%2C%7B%22list-content%22%3A%22From%20the%20countries%22%7D%2C%7B%22list-content%22%3A%22There%20live%20the%20blind%20texts%22%7D%2C%7B%22list-content%22%3A%22Live%20in%20Bookmarksgrove%22%7D%2C%7B%22list-content%22%3A%22Of%20the%20Semantics%2C%20a%20large%22%7D%5D" icon_linecons="vc_li vc_li-location" icons_color="eyJwYXJhbV90eXBlIjoid29vZG1hcnRfY29sb3JwaWNrZXIiLCJjc3NfYXJncyI6eyJjb2xvciI6WyIgLmxpc3QtaWNvbiJdfSwic2VsZWN0b3JfaWQiOiI2MDcwMzdhMDZiMmM2IiwiZGF0YSI6eyJkZXNrdG9wIjoiI2VkMzYzNiJ9fQ==" woodmart_css_id="607037a06b2c6"][/vc_column][/vc_row][vc_row full_width="stretch_row" woodmart_gradient_switch="yes" css=".vc_custom_1636881604213{margin-bottom: -40px !important;padding-top: 80px !important;padding-bottom: 55px !important;background: #191919 url(http://dummy.xtemos.com/woodmart2/wp-content/uploads/2021/11/testimonials-elements-bg.jpg?id=7671) !important;background-position: center !important;background-repeat: no-repeat !important;background-size: cover !important;}" woodmart_color_gradient="rgba(0, 0, 0, 0.494)-0/rgba(0, 0, 0, 0.498)-100/|linear-gradient(left , rgba(0, 0, 0, 0.494) , rgba(0, 0, 0, 0.498) 100%)|linear|left" woodmart_css_id="6190d4c01cc97" responsive_spacing="eyJwYXJhbV90eXBlIjoid29vZG1hcnRfcmVzcG9uc2l2ZV9zcGFjaW5nIiwic2VsZWN0b3JfaWQiOiI2MTkwZDRjMDFjYzk3Iiwic2hvcnRjb2RlIjoidmNfcm93IiwiZGF0YSI6eyJ0YWJsZXQiOnt9LCJtb2JpbGUiOnt9fX0=" mobile_bg_img_hidden="no" tablet_bg_img_hidden="no" woodmart_parallax="0" woodmart_box_shadow="no" wd_z_index="no" woodmart_disable_overflow="0" row_reverse_mobile="0" row_reverse_tablet="0"][vc_column woodmart_color_scheme="light" css=".vc_custom_1510155992384{padding-top: 0px !important;}"][woodmart_title color="primary" style="bordered" title="LISTS COLOR SCHEME LIGHT" subtitle="XTEMOS ELEMENTS" css=".vc_custom_1636881265723{margin-bottom: 20px !important;}" woodmart_css_id="6190d36d3625f" responsive_spacing="eyJwYXJhbV90eXBlIjoid29vZG1hcnRfcmVzcG9uc2l2ZV9zcGFjaW5nIiwic2VsZWN0b3JfaWQiOiI2MTkwZDM2ZDM2MjVmIiwic2hvcnRjb2RlIjoid29vZG1hcnRfdGl0bGUiLCJkYXRhIjp7InRhYmxldCI6e30sIm1vYmlsZSI6e319fQ=="][/vc_column][vc_column width="1/3" css=".vc_custom_1510156033758{padding-top: 0px !important;}"][woodmart_list color_scheme="light" list_type="unordered" list="%5B%7B%22list-content%22%3A%22Far%20far%20away%2C%20behind%20the%20word%20mountains%2C%20far%20las.%22%7D%2C%7B%22list-content%22%3A%22Vokalia%20and%20Consonantia%2C%20there%20live%20the%20blind%20tex.%22%7D%2C%7B%22list-content%22%3A%22Separated%20they%20live%20in%20Bookmarksgrove%20right%20attr.%22%7D%2C%7B%22list-content%22%3A%22Of%20the%20Semantics%2C%20a%20large%20language%20ocean%20and%20sa.%5Cn%22%7D%2C%7B%22list-content%22%3A%22Named%20duden%20flows%20by%20their%20place%20and%20supp%20lies.%22%7D%5D" icons_color="#ffffff"][/vc_column][vc_column width="1/3" css=".vc_custom_1510156037237{padding-top: 0px !important;}"][woodmart_list color_scheme="light" list_type="ordered" list="%5B%7B%22list-content%22%3A%22Far%20far%20away%2C%20behind%20the%20word%20mountains%2C%20far%20las.%22%7D%2C%7B%22list-content%22%3A%22Vokalia%20and%20Consonantia%2C%20there%20live%20the%20blind%20tex.%22%7D%2C%7B%22list-content%22%3A%22Separated%20they%20live%20in%20Bookmarksgrove%20right%20attr.%22%7D%2C%7B%22list-content%22%3A%22Of%20the%20Semantics%2C%20a%20large%20language%20ocean%20and%20sa.%22%7D%2C%7B%22list-content%22%3A%22Named%20duden%20flows%20by%20their%20place%20and%20supp%20lies.%22%7D%5D" icons_color="eyJwYXJhbV90eXBlIjoid29vZG1hcnRfY29sb3JwaWNrZXIiLCJjc3NfYXJncyI6eyJjb2xvciI6WyIgLmxpc3QtaWNvbiJdfSwic2VsZWN0b3JfaWQiOiI2MGJmM2JkNDhmNTAxIiwiZGF0YSI6eyJkZXNrdG9wIjoiI2ZmZmZmZiJ9fQ==" woodmart_css_id="60bf3bd48f501"][/vc_column][vc_column width="1/3" css=".vc_custom_1510156040570{padding-top: 0px !important;}"][woodmart_list color_scheme="light" list_type="ordered" list="%5B%7B%22list-content%22%3A%22%5CnFar%20far%20away%2C%20behind%20the%20word%20mountains%2C%20far%20las.%22%7D%2C%7B%22list-content%22%3A%22%5CnVokalia%20and%20Consonantia%2C%20there%20live%20the%20blind%20tex.%22%7D%2C%7B%22list-content%22%3A%22Separated%20they%20live%20in%20Bookmarksgrove%20right%20attr.%22%7D%2C%7B%22list-content%22%3A%22Of%20the%20Semantics%2C%20a%20large%20language%20ocean%20and%20sa.%22%7D%2C%7B%22list-content%22%3A%22Named%20duden%20flows%20by%20their%20place%20and%20supp%20lies.%22%7D%5D" icons_color="rgba(255,255,255,0.5)"][/vc_column][/vc_row]]]></content:encoded>
															<wp:post_id>7863</wp:post_id>
					<wp:post_date><![CDATA[2021-11-14 09:13:09]]></wp:post_date>
					<wp:post_date_gmt><![CDATA[2021-11-14 09:13:09]]></wp:post_date_gmt>
					<wp:post_modified><![CDATA[2021-11-16 16:00:06]]></wp:post_modified>
					<wp:post_modified_gmt><![CDATA[2021-11-16 16:00:06]]></wp:post_modified_gmt>
					<wp:comment_status><![CDATA[closed]]></wp:comment_status>
					<wp:post_name><![CDATA[list-element]]></wp:post_name>
					<wp:status><![CDATA[publish]]></wp:status>
					<wp:post_parent>0</wp:post_parent>
					<wp:menu_order>0</wp:menu_order>
					<wp:post_type><![CDATA[page]]></wp:post_type>
																					<wp:postmeta>
							<wp:meta_key><![CDATA[_woodmart_whb_header]]></wp:meta_key>
							<wp:meta_value><![CDATA[none]]></wp:meta_value>
						</wp:postmeta>
												<wp:postmeta>
							<wp:meta_key><![CDATA[_woodmart_title_image]]></wp:meta_key>
							<wp:meta_value><![CDATA[a:2:{s:3:"url";s:0:"";s:2:"id";s:0:"";}]]></wp:meta_value>
						</wp:postmeta>
												<wp:postmeta>
							<wp:meta_key><![CDATA[_woodmart_page-title-size]]></wp:meta_key>
							<wp:meta_value><![CDATA[inherit]]></wp:meta_value>
						</wp:postmeta>
												<wp:postmeta>
							<wp:meta_key><![CDATA[_woodmart_main_layout]]></wp:meta_key>
							<wp:meta_value><![CDATA[full-width]]></wp:meta_value>
						</wp:postmeta>
												<wp:postmeta>
							<wp:meta_key><![CDATA[_wp_page_template]]></wp:meta_key>
							<wp:meta_value><![CDATA[default]]></wp:meta_value>
						</wp:postmeta>
												<wp:postmeta>
							<wp:meta_key><![CDATA[woodmart_shortcodes_custom_css]]></wp:meta_key>
							<wp:meta_value><![CDATA[#wd-610d000865c50 .list-icon{color:#2b9cbf;}#wd-60cb7a8692921 li:hover{color:#333333;}#wd-60cb7a9d00cab li:hover{color:#333333;}#wd-60cb7aa615eeb li:hover{color:#333333;}#wd-6070388781463 .list-icon{color:#ed3636;}#wd-607038b14cc37 .list-icon{color:#ed3636;}#wd-607038ebe7f65 .list-icon{color:#ed3636;}#wd-607037a06b2c6 .list-icon{color:#ed3636;}#wd-60bf3bd48f501 .list-icon{color:#ffffff;}]]></wp:meta_value>
						</wp:postmeta>
												<wp:postmeta>
							<wp:meta_key><![CDATA[_wpb_shortcodes_custom_css]]></wp:meta_key>
							<wp:meta_value><![CDATA[.vc_custom_1636881406644{margin-bottom: 60px !important;}.vc_custom_1636881411507{margin-bottom: 60px !important;}.vc_custom_1636881416908{margin-bottom: 60px !important;}.vc_custom_1636881421035{margin-bottom: 60px !important;}.vc_custom_1636881426050{margin-bottom: 60px !important;}.vc_custom_1636881429985{margin-bottom: 60px !important;}.vc_custom_1636881434842{margin-bottom: 60px !important;}.vc_custom_1636881604213{margin-bottom: -40px !important;padding-top: 80px !important;padding-bottom: 55px !important;background: #191919 url(http://dummy.xtemos.com/woodmart2/wp-content/uploads/2021/11/testimonials-elements-bg.jpg?id=7671) !important;background-position: center !important;background-repeat: no-repeat !important;background-size: cover !important;}.vc_custom_1636881217742{margin-bottom: 20px !important;}.vc_custom_1636881225359{margin-bottom: 20px !important;}.vc_custom_1636881231767{margin-bottom: 20px !important;}.vc_custom_1636881238061{margin-bottom: 20px !important;}.vc_custom_1636881244310{margin-bottom: 20px !important;}.vc_custom_1636881250092{margin-bottom: 20px !important;}.vc_custom_1636881258756{margin-bottom: 20px !important;}.vc_custom_1637078383467{margin-bottom: 20px !important;}.vc_custom_1637078389521{margin-bottom: 20px !important;}.vc_custom_1637078395301{margin-bottom: 20px !important;}.vc_custom_1637078400741{margin-bottom: 20px !important;}.vc_custom_1510155992384{padding-top: 0px !important;}.vc_custom_1510156033758{padding-top: 0px !important;}.vc_custom_1510156037237{padding-top: 0px !important;}.vc_custom_1510156040570{padding-top: 0px !important;}.vc_custom_1636881265723{margin-bottom: 20px !important;}]]></wp:meta_value>
						</wp:postmeta>
										</item>
				</channel>
</rss>
	