<?xml version="1.0" encoding="UTF-8" ?>
	<!-- This is a WordPress eXtended RSS file generated by WordPress as an export of your site. -->
	<!-- It contains information about your site's posts, pages, comments, categories, and other content. -->
	<!-- You may use this file to transfer that content from one site to another. -->
	<!-- This file is not intended to serve as a complete backup of your site. -->

	<!-- To import this information into a WordPress site follow these steps: -->
	<!-- 1. Log in to that site as an administrator. -->
	<!-- 2. Go to Tools: Import in the WordPress admin panel. -->
	<!-- 3. Install the "WordPress" importer from the list. -->
	<!-- 4. Activate & Run Importer. -->
	<!-- 5. Upload this file using the form provided on that page. -->
	<!-- 6. You will first be asked to map the authors in this export file to users -->
	<!--    on the site. For each author, you may choose to map to an -->
	<!--    existing user on the site or to create a new user. -->
	<!-- 7. WordPress will then import each of the posts, pages, comments, categories, etc. -->
	<!--    contained in this file into your site. -->

	<!-- generator="WordPress/6.2.3" created="2024-01-09 15:56" -->
<rss version="2.0"
	xmlns:excerpt="http://wordpress.org/export/1.2/excerpt/"
	xmlns:content="http://purl.org/rss/1.0/modules/content/"
	xmlns:wfw="http://wellformedweb.org/CommentAPI/"
	xmlns:dc="http://purl.org/dc/elements/1.1/"
	xmlns:wp="http://wordpress.org/export/1.2/"
>

<channel>
	<title>Elementor 2.0 WoodMart dummy</title>
	<link>https://dummy.xtemos.com/woodmart2/elementor</link>
	<description>Just another WoodMart Dummy 2.0 Sites site</description>
	<pubDate>Tue, 09 Jan 2024 15:56:06 +0000</pubDate>
	<language>en-US</language>
	<wp:wxr_version>1.2</wp:wxr_version>
	<wp:base_site_url>https://dummy.xtemos.com/woodmart2/</wp:base_site_url>
	<wp:base_blog_url>https://dummy.xtemos.com/woodmart2/elementor</wp:base_blog_url>

		<wp:author><wp:author_id>2</wp:author_id><wp:author_login><![CDATA[zakhar]]></wp:author_login><wp:author_email><![CDATA[zak@asda.as]]></wp:author_email><wp:author_display_name><![CDATA[Mr. Mackay]]></wp:author_display_name><wp:author_first_name><![CDATA[sds]]></wp:author_first_name><wp:author_last_name><![CDATA[scssc]]></wp:author_last_name></wp:author>

					<wp:term>
			<wp:term_id>0</wp:term_id>
			<wp:term_taxonomy><![CDATA[]]></wp:term_taxonomy>
			<wp:term_slug><![CDATA[]]></wp:term_slug>
			<wp:term_parent><![CDATA[]]></wp:term_parent>
					</wp:term>
		
	<generator>https://wordpress.org/?v=6.2.3</generator>

					<item>
					<title><![CDATA[testimonials-elements-bg]]></title>
					<link>https://dummy.xtemos.com/woodmart2/elementor/testimonials/testimonials-elements-bg/</link>
					<pubDate>Tue, 16 Nov 2021 12:36:58 +0000</pubDate>
					<dc:creator><![CDATA[zakhar]]></dc:creator>
					<guid isPermaLink="false">http://dummy.xtemos.com/woodmart2/elementor/wp-content/uploads/sites/2/2021/11/testimonials-elements-bg.jpg</guid>
															<wp:post_id>10532</wp:post_id>
					<wp:post_date><![CDATA[2021-11-16 12:36:58]]></wp:post_date>
					<wp:post_date_gmt><![CDATA[2021-11-16 12:36:58]]></wp:post_date_gmt>
					<wp:post_modified><![CDATA[2021-11-16 12:36:58]]></wp:post_modified>
					<wp:post_modified_gmt><![CDATA[2021-11-16 12:36:58]]></wp:post_modified_gmt>
					<wp:comment_status><![CDATA[open]]></wp:comment_status>
					<wp:post_name><![CDATA[testimonials-elements-bg]]></wp:post_name>
					<wp:status><![CDATA[inherit]]></wp:status>
					<wp:post_parent>10524</wp:post_parent>
					<wp:menu_order>0</wp:menu_order>
					<wp:post_type><![CDATA[attachment]]></wp:post_type>
											<wp:attachment_url><![CDATA[http://dummy.xtemos.com/woodmart2/elementor/wp-content/uploads/sites/2/2021/11/testimonials-elements-bg.jpg]]></wp:attachment_url>
																					<wp:postmeta>
							<wp:meta_key><![CDATA[_wp_attached_file]]></wp:meta_key>
							<wp:meta_value><![CDATA[2021/11/testimonials-elements-bg.jpg]]></wp:meta_value>
						</wp:postmeta>
										</item>
								<item>
					<title><![CDATA[List element]]></title>
					<link>https://dummy.xtemos.com/woodmart2/elementor/list-element/</link>
					<pubDate>Tue, 16 Nov 2021 15:49:08 +0000</pubDate>
					<dc:creator><![CDATA[zakhar]]></dc:creator>
					<guid isPermaLink="false">http://dummy.xtemos.com/woodmart2/elementor/?page_id=10821</guid>
											<content:encoded><![CDATA[<link rel="stylesheet" id="wd-section-title-css" href="https://dummy.xtemos.com/woodmart2/elementor/wp-content/themes/woodmart/css/parts/el-section-title.min.css?ver=7.4.0" type="text/css" media="all" /> 						<link rel="stylesheet" id="wd-section-title-style-simple-and-brd-css" href="https://dummy.xtemos.com/woodmart2/elementor/wp-content/themes/woodmart/css/parts/el-section-title-style-simple-and-brd.min.css?ver=7.4.0" type="text/css" media="all" /> 					
					XTEMOS ELEMENTS				
				<h4>ORDERED AND UNORDERED LISTS</h4> 
						<link rel="stylesheet" id="wd-list-css" href="https://dummy.xtemos.com/woodmart2/elementor/wp-content/themes/woodmart/css/parts/el-list.min.css?ver=7.4.0" type="text/css" media="all" /> 					<ul>
											<li>
						Far far away, behind the word mountains, far las.					
									</li>
											<li>
						Vokalia and Consonantia, there live the blind tex.					
									</li>
											<li>
						Separated they live in Bookmarksgrove right attr.					
									</li>
											<li>
						Of the Semantics, a large language ocean and sa.					
									</li>
											<li>
						Named duden flows by their place and supp lies.					
									</li>
					</ul>
					<ul>
											<li>
						Far far away, behind the word mountains, far las.					
									</li>
											<li>
						Vokalia and Consonantia, there live the blind tex.					
									</li>
											<li>
						Separated they live in Bookmarksgrove right attr.					
									</li>
											<li>
						Of the Semantics, a large language ocean and sa.					
									</li>
											<li>
						Named duden flows by their place and supp lies.					
									</li>
					</ul>
					<ul>
											<li>
						Far far away, behind the word mountains, far las.					
									</li>
											<li>
						Vokalia and Consonantia, there live the blind tex.					
									</li>
											<li>
						Separated they live in Bookmarksgrove right attr.					
									</li>
											<li>
						Of the Semantics, a large language ocean and sa.					
									</li>
											<li>
						Named duden flows by their place and supp lies.					
									</li>
					</ul>
					XTEMOS ELEMENTS				
				<h4>LIST WITH CUSTOM ICON</h4> 
					<ul>
											<li>
											<img  src="http://dummy.xtemos.com/woodmart2/elementor/wp-content/uploads/sites/2/2024/01/w-list-checked.svg" title="w-list-checked" width="16" height="16">					
						Far far away, behind the word mountains, far las.					
									</li>
											<li>
											<img  src="http://dummy.xtemos.com/woodmart2/elementor/wp-content/uploads/sites/2/2024/01/w-list-checked.svg" title="w-list-checked" width="16" height="16">					
						Vokalia and Consonantia, there live the blind tex.					
									</li>
											<li>
											<img  src="http://dummy.xtemos.com/woodmart2/elementor/wp-content/uploads/sites/2/2024/01/w-list-checked.svg" title="w-list-checked" width="16" height="16">					
						Separated they live in Bookmarksgrove right attr.					
									</li>
											<li>
											<img  src="http://dummy.xtemos.com/woodmart2/elementor/wp-content/uploads/sites/2/2024/01/w-list-checked.svg" title="w-list-checked" width="16" height="16">					
						Of the Semantics, a large language ocean and sa.					
									</li>
											<li>
											<img  src="http://dummy.xtemos.com/woodmart2/elementor/wp-content/uploads/sites/2/2024/01/w-list-checked.svg" title="w-list-checked" width="16" height="16">					
						Named duden flows by their place and supp lies.					
									</li>
					</ul>
					<ul>
											<li>
											<img  src="http://dummy.xtemos.com/woodmart2/elementor/wp-content/uploads/sites/2/2024/01/arrow-right.svg" title="arrow-right" width="18" height="19">					
						Far far away, behind the word mountains, far las.					
									</li>
											<li>
											<img  src="http://dummy.xtemos.com/woodmart2/elementor/wp-content/uploads/sites/2/2024/01/arrow-right.svg" title="arrow-right" width="18" height="19">					
						Vokalia and Consonantia, there live the blind tex.					
									</li>
											<li>
											<img  src="http://dummy.xtemos.com/woodmart2/elementor/wp-content/uploads/sites/2/2024/01/arrow-right.svg" title="arrow-right" width="18" height="19">					
						Separated they live in Bookmarksgrove right attr.					
									</li>
											<li>
											<img  src="http://dummy.xtemos.com/woodmart2/elementor/wp-content/uploads/sites/2/2024/01/arrow-right.svg" title="arrow-right" width="18" height="19">					
						Of the Semantics, a large language ocean and sa.					
									</li>
											<li>
											<img  src="http://dummy.xtemos.com/woodmart2/elementor/wp-content/uploads/sites/2/2024/01/arrow-right.svg" title="arrow-right" width="18" height="19">					
						Named duden flows by their place and supp lies.					
									</li>
					</ul>
					<ul>
											<li>
											<img  src="http://dummy.xtemos.com/woodmart2/elementor/wp-content/uploads/sites/2/2024/01/wd-mini-logo-panel.svg" title="wd-mini-logo-panel" width="16" height="16">					
						Far far away, behind the word mountains, far las.					
									</li>
											<li>
											<img  src="http://dummy.xtemos.com/woodmart2/elementor/wp-content/uploads/sites/2/2024/01/wd-mini-logo-panel.svg" title="wd-mini-logo-panel" width="16" height="16">					
						Vokalia and Consonantia, there live the blind tex.					
									</li>
											<li>
											<img  src="http://dummy.xtemos.com/woodmart2/elementor/wp-content/uploads/sites/2/2024/01/wd-mini-logo-panel.svg" title="wd-mini-logo-panel" width="16" height="16">					
						Separated they live in Bookmarksgrove right attr.					
									</li>
											<li>
											<img  src="http://dummy.xtemos.com/woodmart2/elementor/wp-content/uploads/sites/2/2024/01/wd-mini-logo-panel.svg" title="wd-mini-logo-panel" width="16" height="16">					
						Of the Semantics, a large language ocean and sa.					
									</li>
											<li>
											<img  src="http://dummy.xtemos.com/woodmart2/elementor/wp-content/uploads/sites/2/2024/01/wd-mini-logo-panel.svg" title="wd-mini-logo-panel" width="16" height="16">					
						Named duden flows by their place and supp lies.					
									</li>
					</ul>
					XTEMOS ELEMENTS				
				<h4>LIST WITH CUSTOM COLORED ICON</h4> 
					<ul>
											<li>
											<svg viewBox="0 0 512 512" xmlns="http://www.w3.org/2000/svg"><path d="M256 8C119 8 8 119 8 256s111 248 248 248 248-111 248-248S393 8 256 8zm144 276c0 6.6-5.4 12-12 12h-92v92c0 6.6-5.4 12-12 12h-56c-6.6 0-12-5.4-12-12v-92h-92c-6.6 0-12-5.4-12-12v-56c0-6.6 5.4-12 12-12h92v-92c0-6.6 5.4-12 12-12h56c6.6 0 12 5.4 12 12v92h92c6.6 0 12 5.4 12 12v56z"></path></svg>					
						Far far away, behind the word mountains, far las.					
									</li>
											<li>
											<svg viewBox="0 0 512 512" xmlns="http://www.w3.org/2000/svg"><path d="M256 8C119 8 8 119 8 256s111 248 248 248 248-111 248-248S393 8 256 8zm144 276c0 6.6-5.4 12-12 12h-92v92c0 6.6-5.4 12-12 12h-56c-6.6 0-12-5.4-12-12v-92h-92c-6.6 0-12-5.4-12-12v-56c0-6.6 5.4-12 12-12h92v-92c0-6.6 5.4-12 12-12h56c6.6 0 12 5.4 12 12v92h92c6.6 0 12 5.4 12 12v56z"></path></svg>					
						Vokalia and Consonantia, there live the blind tex.					
									</li>
											<li>
											<svg viewBox="0 0 512 512" xmlns="http://www.w3.org/2000/svg"><path d="M256 8C119 8 8 119 8 256s111 248 248 248 248-111 248-248S393 8 256 8zm144 276c0 6.6-5.4 12-12 12h-92v92c0 6.6-5.4 12-12 12h-56c-6.6 0-12-5.4-12-12v-92h-92c-6.6 0-12-5.4-12-12v-56c0-6.6 5.4-12 12-12h92v-92c0-6.6 5.4-12 12-12h56c6.6 0 12 5.4 12 12v92h92c6.6 0 12 5.4 12 12v56z"></path></svg>					
						Separated they live in Bookmarksgrove right attr.					
									</li>
											<li>
											<svg viewBox="0 0 512 512" xmlns="http://www.w3.org/2000/svg"><path d="M256 8C119 8 8 119 8 256s111 248 248 248 248-111 248-248S393 8 256 8zm144 276c0 6.6-5.4 12-12 12h-92v92c0 6.6-5.4 12-12 12h-56c-6.6 0-12-5.4-12-12v-92h-92c-6.6 0-12-5.4-12-12v-56c0-6.6 5.4-12 12-12h92v-92c0-6.6 5.4-12 12-12h56c6.6 0 12 5.4 12 12v92h92c6.6 0 12 5.4 12 12v56z"></path></svg>					
						Of the Semantics, a large language ocean and sa.					
									</li>
											<li>
											<svg viewBox="0 0 512 512" xmlns="http://www.w3.org/2000/svg"><path d="M256 8C119 8 8 119 8 256s111 248 248 248 248-111 248-248S393 8 256 8zm144 276c0 6.6-5.4 12-12 12h-92v92c0 6.6-5.4 12-12 12h-56c-6.6 0-12-5.4-12-12v-92h-92c-6.6 0-12-5.4-12-12v-56c0-6.6 5.4-12 12-12h92v-92c0-6.6 5.4-12 12-12h56c6.6 0 12 5.4 12 12v92h92c6.6 0 12 5.4 12 12v56z"></path></svg>					
						Named duden flows by their place and supp lies.					
									</li>
					</ul>
					<ul>
											<li>
											<svg viewBox="0 0 448 512" xmlns="http://www.w3.org/2000/svg"><path d="M400 480H48c-26.51 0-48-21.49-48-48V80c0-26.51 21.49-48 48-48h352c26.51 0 48 21.49 48 48v352c0 26.51-21.49 48-48 48zm-204.686-98.059l184-184c6.248-6.248 6.248-16.379 0-22.627l-22.627-22.627c-6.248-6.248-16.379-6.249-22.628 0L184 302.745l-70.059-70.059c-6.248-6.248-16.379-6.248-22.628 0l-22.627 22.627c-6.248 6.248-6.248 16.379 0 22.627l104 104c6.249 6.25 16.379 6.25 22.628.001z"></path></svg>					
						Far far away, behind the word mountains, far las.					
									</li>
											<li>
											<svg viewBox="0 0 448 512" xmlns="http://www.w3.org/2000/svg"><path d="M400 480H48c-26.51 0-48-21.49-48-48V80c0-26.51 21.49-48 48-48h352c26.51 0 48 21.49 48 48v352c0 26.51-21.49 48-48 48zm-204.686-98.059l184-184c6.248-6.248 6.248-16.379 0-22.627l-22.627-22.627c-6.248-6.248-16.379-6.249-22.628 0L184 302.745l-70.059-70.059c-6.248-6.248-16.379-6.248-22.628 0l-22.627 22.627c-6.248 6.248-6.248 16.379 0 22.627l104 104c6.249 6.25 16.379 6.25 22.628.001z"></path></svg>					
						Vokalia and Consonantia, there live the blind tex.					
									</li>
											<li>
											<svg viewBox="0 0 448 512" xmlns="http://www.w3.org/2000/svg"><path d="M400 480H48c-26.51 0-48-21.49-48-48V80c0-26.51 21.49-48 48-48h352c26.51 0 48 21.49 48 48v352c0 26.51-21.49 48-48 48zm-204.686-98.059l184-184c6.248-6.248 6.248-16.379 0-22.627l-22.627-22.627c-6.248-6.248-16.379-6.249-22.628 0L184 302.745l-70.059-70.059c-6.248-6.248-16.379-6.248-22.628 0l-22.627 22.627c-6.248 6.248-6.248 16.379 0 22.627l104 104c6.249 6.25 16.379 6.25 22.628.001z"></path></svg>					
						Separated they live in Bookmarksgrove right attr.					
									</li>
											<li>
											<svg viewBox="0 0 448 512" xmlns="http://www.w3.org/2000/svg"><path d="M400 480H48c-26.51 0-48-21.49-48-48V80c0-26.51 21.49-48 48-48h352c26.51 0 48 21.49 48 48v352c0 26.51-21.49 48-48 48zm-204.686-98.059l184-184c6.248-6.248 6.248-16.379 0-22.627l-22.627-22.627c-6.248-6.248-16.379-6.249-22.628 0L184 302.745l-70.059-70.059c-6.248-6.248-16.379-6.248-22.628 0l-22.627 22.627c-6.248 6.248-6.248 16.379 0 22.627l104 104c6.249 6.25 16.379 6.25 22.628.001z"></path></svg>					
						Of the Semantics, a large language ocean and sa.					
									</li>
											<li>
											<svg viewBox="0 0 448 512" xmlns="http://www.w3.org/2000/svg"><path d="M400 480H48c-26.51 0-48-21.49-48-48V80c0-26.51 21.49-48 48-48h352c26.51 0 48 21.49 48 48v352c0 26.51-21.49 48-48 48zm-204.686-98.059l184-184c6.248-6.248 6.248-16.379 0-22.627l-22.627-22.627c-6.248-6.248-16.379-6.249-22.628 0L184 302.745l-70.059-70.059c-6.248-6.248-16.379-6.248-22.628 0l-22.627 22.627c-6.248 6.248-6.248 16.379 0 22.627l104 104c6.249 6.25 16.379 6.25 22.628.001z"></path></svg>					
						Named duden flows by their place and supp lies.					
									</li>
					</ul>
					<ul>
											<li>
											<svg viewBox="0 0 512 512" xmlns="http://www.w3.org/2000/svg"><path d="M256 8c137 0 248 111 248 248S393 504 256 504 8 393 8 256 119 8 256 8zm113.9 231L234.4 103.5c-9.4-9.4-24.6-9.4-33.9 0l-17 17c-9.4 9.4-9.4 24.6 0 33.9L285.1 256 183.5 357.6c-9.4 9.4-9.4 24.6 0 33.9l17 17c9.4 9.4 24.6 9.4 33.9 0L369.9 273c9.4-9.4 9.4-24.6 0-34z"></path></svg>					
						Far far away, behind the word mountains, far las.					
									</li>
											<li>
											<svg viewBox="0 0 512 512" xmlns="http://www.w3.org/2000/svg"><path d="M256 8c137 0 248 111 248 248S393 504 256 504 8 393 8 256 119 8 256 8zm113.9 231L234.4 103.5c-9.4-9.4-24.6-9.4-33.9 0l-17 17c-9.4 9.4-9.4 24.6 0 33.9L285.1 256 183.5 357.6c-9.4 9.4-9.4 24.6 0 33.9l17 17c9.4 9.4 24.6 9.4 33.9 0L369.9 273c9.4-9.4 9.4-24.6 0-34z"></path></svg>					
						Vokalia and Consonantia, there live the blind tex.					
									</li>
											<li>
											<svg viewBox="0 0 512 512" xmlns="http://www.w3.org/2000/svg"><path d="M256 8c137 0 248 111 248 248S393 504 256 504 8 393 8 256 119 8 256 8zm113.9 231L234.4 103.5c-9.4-9.4-24.6-9.4-33.9 0l-17 17c-9.4 9.4-9.4 24.6 0 33.9L285.1 256 183.5 357.6c-9.4 9.4-9.4 24.6 0 33.9l17 17c9.4 9.4 24.6 9.4 33.9 0L369.9 273c9.4-9.4 9.4-24.6 0-34z"></path></svg>					
						Separated they live in Bookmarksgrove right attr.					
									</li>
											<li>
											<svg viewBox="0 0 512 512" xmlns="http://www.w3.org/2000/svg"><path d="M256 8c137 0 248 111 248 248S393 504 256 504 8 393 8 256 119 8 256 8zm113.9 231L234.4 103.5c-9.4-9.4-24.6-9.4-33.9 0l-17 17c-9.4 9.4-9.4 24.6 0 33.9L285.1 256 183.5 357.6c-9.4 9.4-9.4 24.6 0 33.9l17 17c9.4 9.4 24.6 9.4 33.9 0L369.9 273c9.4-9.4 9.4-24.6 0-34z"></path></svg>					
						Of the Semantics, a large language ocean and sa.					
									</li>
											<li>
											<svg viewBox="0 0 512 512" xmlns="http://www.w3.org/2000/svg"><path d="M256 8c137 0 248 111 248 248S393 504 256 504 8 393 8 256 119 8 256 8zm113.9 231L234.4 103.5c-9.4-9.4-24.6-9.4-33.9 0l-17 17c-9.4 9.4-9.4 24.6 0 33.9L285.1 256 183.5 357.6c-9.4 9.4-9.4 24.6 0 33.9l17 17c9.4 9.4 24.6 9.4 33.9 0L369.9 273c9.4-9.4 9.4-24.6 0-34z"></path></svg>					
						Named duden flows by their place and supp lies.					
									</li>
					</ul>
					XTEMOS ELEMENTS				
				<h4>LIST ELEMENTS ALIGNMENT</h4> 
					<ul>
											<li>
						Far far away, behind the word mountains.					
									</li>
											<li>
						Vokalia and Consonantia, there live the blind tex.					
									</li>
											<li>
						Separated they live in Bookmarksgrove right attr.					
									</li>
											<li>
						Of the Semantics, a large language ocean.					
									</li>
											<li>
						Named duden flows by their place.					
									</li>
					</ul>
					<ul>
											<li>
						Far far away, behind the word mountains.					
									</li>
											<li>
						Vokalia and Consonantia, there live the blind tex.					
									</li>
											<li>
						Separated they live in Bookmarksgrove right attr.					
									</li>
											<li>
						Of the Semantics, a large language ocean.					
									</li>
											<li>
						Named duden flows by their place.					
									</li>
					</ul>
					<ul>
											<li>
						Far far away, behind the word mountains.					
									</li>
											<li>
						Vokalia and Consonantia, there live the blind tex.					
									</li>
											<li>
						Separated they live in Bookmarksgrove right attr.					
									</li>
											<li>
						Of the Semantics, a large language ocean.					
									</li>
											<li>
						Named duden flows by their place.					
									</li>
					</ul>
					XTEMOS ELEMENTS				
				<h4>LIST WITH ROUND BACKGROUND</h4> 
					<ul>
											<li>
											<svg viewBox="0 0 352 512" xmlns="http://www.w3.org/2000/svg"><path d="M176 80c-52.94 0-96 43.06-96 96 0 8.84 7.16 16 16 16s16-7.16 16-16c0-35.3 28.72-64 64-64 8.84 0 16-7.16 16-16s-7.16-16-16-16zM96.06 459.17c0 3.15.93 6.22 2.68 8.84l24.51 36.84c2.97 4.46 7.97 7.14 13.32 7.14h78.85c5.36 0 10.36-2.68 13.32-7.14l24.51-36.84c1.74-2.62 2.67-5.7 2.68-8.84l.05-43.18H96.02l.04 43.18zM176 0C73.72 0 0 82.97 0 176c0 44.37 16.45 84.85 43.56 115.78 16.64 18.99 42.74 58.8 52.42 92.16v.06h48v-.12c-.01-4.77-.72-9.51-2.15-14.07-5.59-17.81-22.82-64.77-62.17-109.67-20.54-23.43-31.52-53.15-31.61-84.14-.2-73.64 59.67-128 127.95-128 70.58 0 128 57.42 128 128 0 30.97-11.24 60.85-31.65 84.14-39.11 44.61-56.42 91.47-62.1 109.46a47.507 47.507 0 0 0-2.22 14.3v.1h48v-.05c9.68-33.37 35.78-73.18 52.42-92.16C335.55 260.85 352 220.37 352 176 352 78.8 273.2 0 176 0z"></path></svg>					
						Far far away, behind the word mountains, farl.					
									</li>
											<li>
											<svg viewBox="0 0 352 512" xmlns="http://www.w3.org/2000/svg"><path d="M176 80c-52.94 0-96 43.06-96 96 0 8.84 7.16 16 16 16s16-7.16 16-16c0-35.3 28.72-64 64-64 8.84 0 16-7.16 16-16s-7.16-16-16-16zM96.06 459.17c0 3.15.93 6.22 2.68 8.84l24.51 36.84c2.97 4.46 7.97 7.14 13.32 7.14h78.85c5.36 0 10.36-2.68 13.32-7.14l24.51-36.84c1.74-2.62 2.67-5.7 2.68-8.84l.05-43.18H96.02l.04 43.18zM176 0C73.72 0 0 82.97 0 176c0 44.37 16.45 84.85 43.56 115.78 16.64 18.99 42.74 58.8 52.42 92.16v.06h48v-.12c-.01-4.77-.72-9.51-2.15-14.07-5.59-17.81-22.82-64.77-62.17-109.67-20.54-23.43-31.52-53.15-31.61-84.14-.2-73.64 59.67-128 127.95-128 70.58 0 128 57.42 128 128 0 30.97-11.24 60.85-31.65 84.14-39.11 44.61-56.42 91.47-62.1 109.46a47.507 47.507 0 0 0-2.22 14.3v.1h48v-.05c9.68-33.37 35.78-73.18 52.42-92.16C335.55 260.85 352 220.37 352 176 352 78.8 273.2 0 176 0z"></path></svg>					
						Vokalia and Consonantia, there live the blindte.					
									</li>
											<li>
											<svg viewBox="0 0 352 512" xmlns="http://www.w3.org/2000/svg"><path d="M176 80c-52.94 0-96 43.06-96 96 0 8.84 7.16 16 16 16s16-7.16 16-16c0-35.3 28.72-64 64-64 8.84 0 16-7.16 16-16s-7.16-16-16-16zM96.06 459.17c0 3.15.93 6.22 2.68 8.84l24.51 36.84c2.97 4.46 7.97 7.14 13.32 7.14h78.85c5.36 0 10.36-2.68 13.32-7.14l24.51-36.84c1.74-2.62 2.67-5.7 2.68-8.84l.05-43.18H96.02l.04 43.18zM176 0C73.72 0 0 82.97 0 176c0 44.37 16.45 84.85 43.56 115.78 16.64 18.99 42.74 58.8 52.42 92.16v.06h48v-.12c-.01-4.77-.72-9.51-2.15-14.07-5.59-17.81-22.82-64.77-62.17-109.67-20.54-23.43-31.52-53.15-31.61-84.14-.2-73.64 59.67-128 127.95-128 70.58 0 128 57.42 128 128 0 30.97-11.24 60.85-31.65 84.14-39.11 44.61-56.42 91.47-62.1 109.46a47.507 47.507 0 0 0-2.22 14.3v.1h48v-.05c9.68-33.37 35.78-73.18 52.42-92.16C335.55 260.85 352 220.37 352 176 352 78.8 273.2 0 176 0z"></path></svg>					
						Separated they live in Bookmarksgrove right at.					
									</li>
											<li>
											<svg viewBox="0 0 352 512" xmlns="http://www.w3.org/2000/svg"><path d="M176 80c-52.94 0-96 43.06-96 96 0 8.84 7.16 16 16 16s16-7.16 16-16c0-35.3 28.72-64 64-64 8.84 0 16-7.16 16-16s-7.16-16-16-16zM96.06 459.17c0 3.15.93 6.22 2.68 8.84l24.51 36.84c2.97 4.46 7.97 7.14 13.32 7.14h78.85c5.36 0 10.36-2.68 13.32-7.14l24.51-36.84c1.74-2.62 2.67-5.7 2.68-8.84l.05-43.18H96.02l.04 43.18zM176 0C73.72 0 0 82.97 0 176c0 44.37 16.45 84.85 43.56 115.78 16.64 18.99 42.74 58.8 52.42 92.16v.06h48v-.12c-.01-4.77-.72-9.51-2.15-14.07-5.59-17.81-22.82-64.77-62.17-109.67-20.54-23.43-31.52-53.15-31.61-84.14-.2-73.64 59.67-128 127.95-128 70.58 0 128 57.42 128 128 0 30.97-11.24 60.85-31.65 84.14-39.11 44.61-56.42 91.47-62.1 109.46a47.507 47.507 0 0 0-2.22 14.3v.1h48v-.05c9.68-33.37 35.78-73.18 52.42-92.16C335.55 260.85 352 220.37 352 176 352 78.8 273.2 0 176 0z"></path></svg>					
						Of the Semantics, a large language ocean ands.					
									</li>
											<li>
											<svg viewBox="0 0 352 512" xmlns="http://www.w3.org/2000/svg"><path d="M176 80c-52.94 0-96 43.06-96 96 0 8.84 7.16 16 16 16s16-7.16 16-16c0-35.3 28.72-64 64-64 8.84 0 16-7.16 16-16s-7.16-16-16-16zM96.06 459.17c0 3.15.93 6.22 2.68 8.84l24.51 36.84c2.97 4.46 7.97 7.14 13.32 7.14h78.85c5.36 0 10.36-2.68 13.32-7.14l24.51-36.84c1.74-2.62 2.67-5.7 2.68-8.84l.05-43.18H96.02l.04 43.18zM176 0C73.72 0 0 82.97 0 176c0 44.37 16.45 84.85 43.56 115.78 16.64 18.99 42.74 58.8 52.42 92.16v.06h48v-.12c-.01-4.77-.72-9.51-2.15-14.07-5.59-17.81-22.82-64.77-62.17-109.67-20.54-23.43-31.52-53.15-31.61-84.14-.2-73.64 59.67-128 127.95-128 70.58 0 128 57.42 128 128 0 30.97-11.24 60.85-31.65 84.14-39.11 44.61-56.42 91.47-62.1 109.46a47.507 47.507 0 0 0-2.22 14.3v.1h48v-.05c9.68-33.37 35.78-73.18 52.42-92.16C335.55 260.85 352 220.37 352 176 352 78.8 273.2 0 176 0z"></path></svg>					
						Named duden flows by their place and supplie.					
									</li>
					</ul>
					<ul>
											<li>
						Far far away, behind the word mountains, farl.					
									</li>
											<li>
						Vokalia and Consonantia, there live the blindte.					
									</li>
											<li>
						Separated they live in Bookmarksgrove right at.					
									</li>
											<li>
						Of the Semantics, a large language ocean ands.					
									</li>
											<li>
						Named duden flows by their place and supplie.					
									</li>
					</ul>
					<ul>
											<li>
											<svg viewBox="0 0 384 512" xmlns="http://www.w3.org/2000/svg"><path d="M216 23.86c0-23.8-30.65-32.77-44.15-13.04C48 191.85 224 200 224 288c0 35.63-29.11 64.46-64.85 63.99-35.17-.45-63.15-29.77-63.15-64.94v-85.51c0-21.7-26.47-32.23-41.43-16.5C27.8 213.16 0 261.33 0 320c0 105.87 86.13 192 192 192s192-86.13 192-192c0-170.29-168-193-168-296.14z"></path></svg>					
						Far far away, behind the word mountains, farl.					
									</li>
											<li>
											<svg viewBox="0 0 384 512" xmlns="http://www.w3.org/2000/svg"><path d="M216 23.86c0-23.8-30.65-32.77-44.15-13.04C48 191.85 224 200 224 288c0 35.63-29.11 64.46-64.85 63.99-35.17-.45-63.15-29.77-63.15-64.94v-85.51c0-21.7-26.47-32.23-41.43-16.5C27.8 213.16 0 261.33 0 320c0 105.87 86.13 192 192 192s192-86.13 192-192c0-170.29-168-193-168-296.14z"></path></svg>					
						Vokalia and Consonantia, there live the blindte.					
									</li>
											<li>
											<svg viewBox="0 0 384 512" xmlns="http://www.w3.org/2000/svg"><path d="M216 23.86c0-23.8-30.65-32.77-44.15-13.04C48 191.85 224 200 224 288c0 35.63-29.11 64.46-64.85 63.99-35.17-.45-63.15-29.77-63.15-64.94v-85.51c0-21.7-26.47-32.23-41.43-16.5C27.8 213.16 0 261.33 0 320c0 105.87 86.13 192 192 192s192-86.13 192-192c0-170.29-168-193-168-296.14z"></path></svg>					
						Separated they live in Bookmarksgrove right at.					
									</li>
											<li>
											<svg viewBox="0 0 384 512" xmlns="http://www.w3.org/2000/svg"><path d="M216 23.86c0-23.8-30.65-32.77-44.15-13.04C48 191.85 224 200 224 288c0 35.63-29.11 64.46-64.85 63.99-35.17-.45-63.15-29.77-63.15-64.94v-85.51c0-21.7-26.47-32.23-41.43-16.5C27.8 213.16 0 261.33 0 320c0 105.87 86.13 192 192 192s192-86.13 192-192c0-170.29-168-193-168-296.14z"></path></svg>					
						Of the Semantics, a large language ocean ands.					
									</li>
											<li>
											<svg viewBox="0 0 384 512" xmlns="http://www.w3.org/2000/svg"><path d="M216 23.86c0-23.8-30.65-32.77-44.15-13.04C48 191.85 224 200 224 288c0 35.63-29.11 64.46-64.85 63.99-35.17-.45-63.15-29.77-63.15-64.94v-85.51c0-21.7-26.47-32.23-41.43-16.5C27.8 213.16 0 261.33 0 320c0 105.87 86.13 192 192 192s192-86.13 192-192c0-170.29-168-193-168-296.14z"></path></svg>					
						Named duden flows by their place and supplie.					
									</li>
					</ul>
					XTEMOS ELEMENTS				
				<h4>LIST WITH SQUARE BACKGROUND</h4> 
					<ul>
											<li>
											<svg viewBox="0 0 576 512" xmlns="http://www.w3.org/2000/svg"><path d="M549.655 124.083c-6.281-23.65-24.787-42.276-48.284-48.597C458.781 64 288 64 288 64S117.22 64 74.629 75.486c-23.497 6.322-42.003 24.947-48.284 48.597-11.412 42.867-11.412 132.305-11.412 132.305s0 89.438 11.412 132.305c6.281 23.65 24.787 41.5 48.284 47.821C117.22 448 288 448 288 448s170.78 0 213.371-11.486c23.497-6.321 42.003-24.171 48.284-47.821 11.412-42.867 11.412-132.305 11.412-132.305s0-89.438-11.412-132.305zm-317.51 213.508V175.185l142.739 81.205-142.739 81.201z"></path></svg>					
						Far far away, behind the word mountains, farl.					
									</li>
											<li>
											<svg viewBox="0 0 576 512" xmlns="http://www.w3.org/2000/svg"><path d="M549.655 124.083c-6.281-23.65-24.787-42.276-48.284-48.597C458.781 64 288 64 288 64S117.22 64 74.629 75.486c-23.497 6.322-42.003 24.947-48.284 48.597-11.412 42.867-11.412 132.305-11.412 132.305s0 89.438 11.412 132.305c6.281 23.65 24.787 41.5 48.284 47.821C117.22 448 288 448 288 448s170.78 0 213.371-11.486c23.497-6.321 42.003-24.171 48.284-47.821 11.412-42.867 11.412-132.305 11.412-132.305s0-89.438-11.412-132.305zm-317.51 213.508V175.185l142.739 81.205-142.739 81.201z"></path></svg>					
						Vokalia and Consonantia, there live the blindte.					
									</li>
											<li>
											<svg viewBox="0 0 576 512" xmlns="http://www.w3.org/2000/svg"><path d="M549.655 124.083c-6.281-23.65-24.787-42.276-48.284-48.597C458.781 64 288 64 288 64S117.22 64 74.629 75.486c-23.497 6.322-42.003 24.947-48.284 48.597-11.412 42.867-11.412 132.305-11.412 132.305s0 89.438 11.412 132.305c6.281 23.65 24.787 41.5 48.284 47.821C117.22 448 288 448 288 448s170.78 0 213.371-11.486c23.497-6.321 42.003-24.171 48.284-47.821 11.412-42.867 11.412-132.305 11.412-132.305s0-89.438-11.412-132.305zm-317.51 213.508V175.185l142.739 81.205-142.739 81.201z"></path></svg>					
						Separated they live in Bookmarksgrove right at.					
									</li>
											<li>
											<svg viewBox="0 0 576 512" xmlns="http://www.w3.org/2000/svg"><path d="M549.655 124.083c-6.281-23.65-24.787-42.276-48.284-48.597C458.781 64 288 64 288 64S117.22 64 74.629 75.486c-23.497 6.322-42.003 24.947-48.284 48.597-11.412 42.867-11.412 132.305-11.412 132.305s0 89.438 11.412 132.305c6.281 23.65 24.787 41.5 48.284 47.821C117.22 448 288 448 288 448s170.78 0 213.371-11.486c23.497-6.321 42.003-24.171 48.284-47.821 11.412-42.867 11.412-132.305 11.412-132.305s0-89.438-11.412-132.305zm-317.51 213.508V175.185l142.739 81.205-142.739 81.201z"></path></svg>					
						Of the Semantics, a large language ocean ands.					
									</li>
											<li>
											<svg viewBox="0 0 576 512" xmlns="http://www.w3.org/2000/svg"><path d="M549.655 124.083c-6.281-23.65-24.787-42.276-48.284-48.597C458.781 64 288 64 288 64S117.22 64 74.629 75.486c-23.497 6.322-42.003 24.947-48.284 48.597-11.412 42.867-11.412 132.305-11.412 132.305s0 89.438 11.412 132.305c6.281 23.65 24.787 41.5 48.284 47.821C117.22 448 288 448 288 448s170.78 0 213.371-11.486c23.497-6.321 42.003-24.171 48.284-47.821 11.412-42.867 11.412-132.305 11.412-132.305s0-89.438-11.412-132.305zm-317.51 213.508V175.185l142.739 81.205-142.739 81.201z"></path></svg>					
						Named duden flows by their place and supplie.					
									</li>
					</ul>
					<ul>
											<li>
											<svg viewBox="0 0 512 512" xmlns="http://www.w3.org/2000/svg"><path d="M505.12019,19.09375c-1.18945-5.53125-6.65819-11-12.207-12.1875C460.716,0,435.507,0,410.40747,0,307.17523,0,245.26909,55.20312,199.05238,128H94.83772c-16.34763.01562-35.55658,11.875-42.88664,26.48438L2.51562,253.29688A28.4,28.4,0,0,0,0,264a24.00867,24.00867,0,0,0,24.00582,24H127.81618l-22.47457,22.46875c-11.36521,11.36133-12.99607,32.25781,0,45.25L156.24582,406.625c11.15623,11.1875,32.15619,13.15625,45.27726,0l22.47457-22.46875V488a24.00867,24.00867,0,0,0,24.00581,24,28.55934,28.55934,0,0,0,10.707-2.51562l98.72834-49.39063c14.62888-7.29687,26.50776-26.5,26.50776-42.85937V312.79688c72.59753-46.3125,128.03493-108.40626,128.03493-211.09376C512.07526,76.5,512.07526,51.29688,505.12019,19.09375ZM384.04033,168A40,40,0,1,1,424.05,128,40.02322,40.02322,0,0,1,384.04033,168Z"></path></svg>					
						Far far away, behind the word mountains, farl.					
									</li>
											<li>
											<svg viewBox="0 0 512 512" xmlns="http://www.w3.org/2000/svg"><path d="M505.12019,19.09375c-1.18945-5.53125-6.65819-11-12.207-12.1875C460.716,0,435.507,0,410.40747,0,307.17523,0,245.26909,55.20312,199.05238,128H94.83772c-16.34763.01562-35.55658,11.875-42.88664,26.48438L2.51562,253.29688A28.4,28.4,0,0,0,0,264a24.00867,24.00867,0,0,0,24.00582,24H127.81618l-22.47457,22.46875c-11.36521,11.36133-12.99607,32.25781,0,45.25L156.24582,406.625c11.15623,11.1875,32.15619,13.15625,45.27726,0l22.47457-22.46875V488a24.00867,24.00867,0,0,0,24.00581,24,28.55934,28.55934,0,0,0,10.707-2.51562l98.72834-49.39063c14.62888-7.29687,26.50776-26.5,26.50776-42.85937V312.79688c72.59753-46.3125,128.03493-108.40626,128.03493-211.09376C512.07526,76.5,512.07526,51.29688,505.12019,19.09375ZM384.04033,168A40,40,0,1,1,424.05,128,40.02322,40.02322,0,0,1,384.04033,168Z"></path></svg>					
						Vokalia and Consonantia, there live the blindte.					
									</li>
											<li>
											<svg viewBox="0 0 512 512" xmlns="http://www.w3.org/2000/svg"><path d="M505.12019,19.09375c-1.18945-5.53125-6.65819-11-12.207-12.1875C460.716,0,435.507,0,410.40747,0,307.17523,0,245.26909,55.20312,199.05238,128H94.83772c-16.34763.01562-35.55658,11.875-42.88664,26.48438L2.51562,253.29688A28.4,28.4,0,0,0,0,264a24.00867,24.00867,0,0,0,24.00582,24H127.81618l-22.47457,22.46875c-11.36521,11.36133-12.99607,32.25781,0,45.25L156.24582,406.625c11.15623,11.1875,32.15619,13.15625,45.27726,0l22.47457-22.46875V488a24.00867,24.00867,0,0,0,24.00581,24,28.55934,28.55934,0,0,0,10.707-2.51562l98.72834-49.39063c14.62888-7.29687,26.50776-26.5,26.50776-42.85937V312.79688c72.59753-46.3125,128.03493-108.40626,128.03493-211.09376C512.07526,76.5,512.07526,51.29688,505.12019,19.09375ZM384.04033,168A40,40,0,1,1,424.05,128,40.02322,40.02322,0,0,1,384.04033,168Z"></path></svg>					
						Separated they live in Bookmarksgrove right at.					
									</li>
											<li>
											<svg viewBox="0 0 512 512" xmlns="http://www.w3.org/2000/svg"><path d="M505.12019,19.09375c-1.18945-5.53125-6.65819-11-12.207-12.1875C460.716,0,435.507,0,410.40747,0,307.17523,0,245.26909,55.20312,199.05238,128H94.83772c-16.34763.01562-35.55658,11.875-42.88664,26.48438L2.51562,253.29688A28.4,28.4,0,0,0,0,264a24.00867,24.00867,0,0,0,24.00582,24H127.81618l-22.47457,22.46875c-11.36521,11.36133-12.99607,32.25781,0,45.25L156.24582,406.625c11.15623,11.1875,32.15619,13.15625,45.27726,0l22.47457-22.46875V488a24.00867,24.00867,0,0,0,24.00581,24,28.55934,28.55934,0,0,0,10.707-2.51562l98.72834-49.39063c14.62888-7.29687,26.50776-26.5,26.50776-42.85937V312.79688c72.59753-46.3125,128.03493-108.40626,128.03493-211.09376C512.07526,76.5,512.07526,51.29688,505.12019,19.09375ZM384.04033,168A40,40,0,1,1,424.05,128,40.02322,40.02322,0,0,1,384.04033,168Z"></path></svg>					
						Of the Semantics, a large language ocean ands.					
									</li>
											<li>
											<svg viewBox="0 0 512 512" xmlns="http://www.w3.org/2000/svg"><path d="M505.12019,19.09375c-1.18945-5.53125-6.65819-11-12.207-12.1875C460.716,0,435.507,0,410.40747,0,307.17523,0,245.26909,55.20312,199.05238,128H94.83772c-16.34763.01562-35.55658,11.875-42.88664,26.48438L2.51562,253.29688A28.4,28.4,0,0,0,0,264a24.00867,24.00867,0,0,0,24.00582,24H127.81618l-22.47457,22.46875c-11.36521,11.36133-12.99607,32.25781,0,45.25L156.24582,406.625c11.15623,11.1875,32.15619,13.15625,45.27726,0l22.47457-22.46875V488a24.00867,24.00867,0,0,0,24.00581,24,28.55934,28.55934,0,0,0,10.707-2.51562l98.72834-49.39063c14.62888-7.29687,26.50776-26.5,26.50776-42.85937V312.79688c72.59753-46.3125,128.03493-108.40626,128.03493-211.09376C512.07526,76.5,512.07526,51.29688,505.12019,19.09375ZM384.04033,168A40,40,0,1,1,424.05,128,40.02322,40.02322,0,0,1,384.04033,168Z"></path></svg>					
						Named duden flows by their place and supplie.					
									</li>
					</ul>
					<ul>
											<li>
						Far far away, behind the word mountains, farl.					
									</li>
											<li>
						Vokalia and Consonantia, there live the blindte.					
									</li>
											<li>
						Separated they live in Bookmarksgrove right at.					
									</li>
											<li>
						Of the Semantics, a large language ocean ands.					
									</li>
											<li>
						Named duden flows by their place and supplie.					
									</li>
					</ul>
					XTEMOS ELEMENTS				
				<h4>LISTS SIZES</h4> 
				<h4>DEFAULT</h4> 
					<ul>
											<li>
											<svg viewBox="0 0 384 512" xmlns="http://www.w3.org/2000/svg"><path d="M172.268 501.67C26.97 291.031 0 269.413 0 192 0 85.961 85.961 0 192 0s192 85.961 192 192c0 77.413-26.97 99.031-172.268 309.67-9.535 13.774-29.93 13.773-39.464 0zM192 272c44.183 0 80-35.817 80-80s-35.817-80-80-80-80 35.817-80 80 35.817 80 80 80z"></path></svg>					
						Far far away, behind the word mountains					
									</li>
											<li>
											<svg viewBox="0 0 384 512" xmlns="http://www.w3.org/2000/svg"><path d="M172.268 501.67C26.97 291.031 0 269.413 0 192 0 85.961 85.961 0 192 0s192 85.961 192 192c0 77.413-26.97 99.031-172.268 309.67-9.535 13.774-29.93 13.773-39.464 0zM192 272c44.183 0 80-35.817 80-80s-35.817-80-80-80-80 35.817-80 80 35.817 80 80 80z"></path></svg>					
Vokalia and Consonantia, there live					
									</li>
											<li>
											<svg viewBox="0 0 384 512" xmlns="http://www.w3.org/2000/svg"><path d="M172.268 501.67C26.97 291.031 0 269.413 0 192 0 85.961 85.961 0 192 0s192 85.961 192 192c0 77.413-26.97 99.031-172.268 309.67-9.535 13.774-29.93 13.773-39.464 0zM192 272c44.183 0 80-35.817 80-80s-35.817-80-80-80-80 35.817-80 80 35.817 80 80 80z"></path></svg>					
						Separated they live in Bookmarksgrove					
									</li>
											<li>
											<svg viewBox="0 0 384 512" xmlns="http://www.w3.org/2000/svg"><path d="M172.268 501.67C26.97 291.031 0 269.413 0 192 0 85.961 85.961 0 192 0s192 85.961 192 192c0 77.413-26.97 99.031-172.268 309.67-9.535 13.774-29.93 13.773-39.464 0zM192 272c44.183 0 80-35.817 80-80s-35.817-80-80-80-80 35.817-80 80 35.817 80 80 80z"></path></svg>					
						Of the Semantics, a large language ocean					
									</li>
											<li>
											<svg viewBox="0 0 384 512" xmlns="http://www.w3.org/2000/svg"><path d="M172.268 501.67C26.97 291.031 0 269.413 0 192 0 85.961 85.961 0 192 0s192 85.961 192 192c0 77.413-26.97 99.031-172.268 309.67-9.535 13.774-29.93 13.773-39.464 0zM192 272c44.183 0 80-35.817 80-80s-35.817-80-80-80-80 35.817-80 80 35.817 80 80 80z"></path></svg>					
						Named duden flows by their place					
									</li>
					</ul>
				<h4>MEDIUM</h4> 
					<ul>
											<li>
											<svg viewBox="0 0 384 512" xmlns="http://www.w3.org/2000/svg"><path d="M172.268 501.67C26.97 291.031 0 269.413 0 192 0 85.961 85.961 0 192 0s192 85.961 192 192c0 77.413-26.97 99.031-172.268 309.67-9.535 13.774-29.93 13.773-39.464 0zM192 272c44.183 0 80-35.817 80-80s-35.817-80-80-80-80 35.817-80 80 35.817 80 80 80z"></path></svg>					
						Far far away, behind the word					
									</li>
											<li>
											<svg viewBox="0 0 384 512" xmlns="http://www.w3.org/2000/svg"><path d="M172.268 501.67C26.97 291.031 0 269.413 0 192 0 85.961 85.961 0 192 0s192 85.961 192 192c0 77.413-26.97 99.031-172.268 309.67-9.535 13.774-29.93 13.773-39.464 0zM192 272c44.183 0 80-35.817 80-80s-35.817-80-80-80-80 35.817-80 80 35.817 80 80 80z"></path></svg>					
						Vokalia and Consonantia live					
									</li>
											<li>
											<svg viewBox="0 0 384 512" xmlns="http://www.w3.org/2000/svg"><path d="M172.268 501.67C26.97 291.031 0 269.413 0 192 0 85.961 85.961 0 192 0s192 85.961 192 192c0 77.413-26.97 99.031-172.268 309.67-9.535 13.774-29.93 13.773-39.464 0zM192 272c44.183 0 80-35.817 80-80s-35.817-80-80-80-80 35.817-80 80 35.817 80 80 80z"></path></svg>					
						Separated they live in right at.					
									</li>
											<li>
											<svg viewBox="0 0 384 512" xmlns="http://www.w3.org/2000/svg"><path d="M172.268 501.67C26.97 291.031 0 269.413 0 192 0 85.961 85.961 0 192 0s192 85.961 192 192c0 77.413-26.97 99.031-172.268 309.67-9.535 13.774-29.93 13.773-39.464 0zM192 272c44.183 0 80-35.817 80-80s-35.817-80-80-80-80 35.817-80 80 35.817 80 80 80z"></path></svg>					
						Of the Semantics, a large language					
									</li>
											<li>
											<svg viewBox="0 0 384 512" xmlns="http://www.w3.org/2000/svg"><path d="M172.268 501.67C26.97 291.031 0 269.413 0 192 0 85.961 85.961 0 192 0s192 85.961 192 192c0 77.413-26.97 99.031-172.268 309.67-9.535 13.774-29.93 13.773-39.464 0zM192 272c44.183 0 80-35.817 80-80s-35.817-80-80-80-80 35.817-80 80 35.817 80 80 80z"></path></svg>					
						Named duden flows by their place					
									</li>
					</ul>
				<h4>LARGE</h4> 
					<ul>
											<li>
											<svg viewBox="0 0 384 512" xmlns="http://www.w3.org/2000/svg"><path d="M172.268 501.67C26.97 291.031 0 269.413 0 192 0 85.961 85.961 0 192 0s192 85.961 192 192c0 77.413-26.97 99.031-172.268 309.67-9.535 13.774-29.93 13.773-39.464 0zM192 272c44.183 0 80-35.817 80-80s-35.817-80-80-80-80 35.817-80 80 35.817 80 80 80z"></path></svg>					
						Far far away, behind the word					
									</li>
											<li>
											<svg viewBox="0 0 384 512" xmlns="http://www.w3.org/2000/svg"><path d="M172.268 501.67C26.97 291.031 0 269.413 0 192 0 85.961 85.961 0 192 0s192 85.961 192 192c0 77.413-26.97 99.031-172.268 309.67-9.535 13.774-29.93 13.773-39.464 0zM192 272c44.183 0 80-35.817 80-80s-35.817-80-80-80-80 35.817-80 80 35.817 80 80 80z"></path></svg>					
						Vokalia and Consonantia					
									</li>
											<li>
											<svg viewBox="0 0 384 512" xmlns="http://www.w3.org/2000/svg"><path d="M172.268 501.67C26.97 291.031 0 269.413 0 192 0 85.961 85.961 0 192 0s192 85.961 192 192c0 77.413-26.97 99.031-172.268 309.67-9.535 13.774-29.93 13.773-39.464 0zM192 272c44.183 0 80-35.817 80-80s-35.817-80-80-80-80 35.817-80 80 35.817 80 80 80z"></path></svg>					
						Separated they live in right					
									</li>
											<li>
											<svg viewBox="0 0 384 512" xmlns="http://www.w3.org/2000/svg"><path d="M172.268 501.67C26.97 291.031 0 269.413 0 192 0 85.961 85.961 0 192 0s192 85.961 192 192c0 77.413-26.97 99.031-172.268 309.67-9.535 13.774-29.93 13.773-39.464 0zM192 272c44.183 0 80-35.817 80-80s-35.817-80-80-80-80 35.817-80 80 35.817 80 80 80z"></path></svg>					
						Of the Semantics, a large ocean					
									</li>
											<li>
											<svg viewBox="0 0 384 512" xmlns="http://www.w3.org/2000/svg"><path d="M172.268 501.67C26.97 291.031 0 269.413 0 192 0 85.961 85.961 0 192 0s192 85.961 192 192c0 77.413-26.97 99.031-172.268 309.67-9.535 13.774-29.93 13.773-39.464 0zM192 272c44.183 0 80-35.817 80-80s-35.817-80-80-80-80 35.817-80 80 35.817 80 80 80z"></path></svg>					
						Named duden flows by their					
									</li>
					</ul>
				<h4>EXTRE LARGE</h4> 
					<ul>
											<li>
											<svg viewBox="0 0 384 512" xmlns="http://www.w3.org/2000/svg"><path d="M172.268 501.67C26.97 291.031 0 269.413 0 192 0 85.961 85.961 0 192 0s192 85.961 192 192c0 77.413-26.97 99.031-172.268 309.67-9.535 13.774-29.93 13.773-39.464 0zM192 272c44.183 0 80-35.817 80-80s-35.817-80-80-80-80 35.817-80 80 35.817 80 80 80z"></path></svg>					
						Far far away, behind					
									</li>
											<li>
											<svg viewBox="0 0 384 512" xmlns="http://www.w3.org/2000/svg"><path d="M172.268 501.67C26.97 291.031 0 269.413 0 192 0 85.961 85.961 0 192 0s192 85.961 192 192c0 77.413-26.97 99.031-172.268 309.67-9.535 13.774-29.93 13.773-39.464 0zM192 272c44.183 0 80-35.817 80-80s-35.817-80-80-80-80 35.817-80 80 35.817 80 80 80z"></path></svg>					
						From the countries					
									</li>
											<li>
											<svg viewBox="0 0 384 512" xmlns="http://www.w3.org/2000/svg"><path d="M172.268 501.67C26.97 291.031 0 269.413 0 192 0 85.961 85.961 0 192 0s192 85.961 192 192c0 77.413-26.97 99.031-172.268 309.67-9.535 13.774-29.93 13.773-39.464 0zM192 272c44.183 0 80-35.817 80-80s-35.817-80-80-80-80 35.817-80 80 35.817 80 80 80z"></path></svg>					
						There live the blind texts					
									</li>
											<li>
											<svg viewBox="0 0 384 512" xmlns="http://www.w3.org/2000/svg"><path d="M172.268 501.67C26.97 291.031 0 269.413 0 192 0 85.961 85.961 0 192 0s192 85.961 192 192c0 77.413-26.97 99.031-172.268 309.67-9.535 13.774-29.93 13.773-39.464 0zM192 272c44.183 0 80-35.817 80-80s-35.817-80-80-80-80 35.817-80 80 35.817 80 80 80z"></path></svg>					
						Live in Bookmarksgrove					
									</li>
											<li>
											<svg viewBox="0 0 384 512" xmlns="http://www.w3.org/2000/svg"><path d="M172.268 501.67C26.97 291.031 0 269.413 0 192 0 85.961 85.961 0 192 0s192 85.961 192 192c0 77.413-26.97 99.031-172.268 309.67-9.535 13.774-29.93 13.773-39.464 0zM192 272c44.183 0 80-35.817 80-80s-35.817-80-80-80-80 35.817-80 80 35.817 80 80 80z"></path></svg>					
						Of the Semantics, a large					
									</li>
					</ul>
					XTEMOS ELEMENTS				
				<h4>LISTS COLOR SCHEME LIGHT</h4> 
					<ul>
											<li>
						Far far away, behind the word mountains, far las.					
									</li>
											<li>
						Vokalia and Consonantia, there live the blind tex.					
									</li>
											<li>
						Separated they live in Bookmarksgrove right attr.					
									</li>
											<li>
						Of the Semantics, a large language ocean and sa.					
									</li>
											<li>
						Named duden flows by their place and supp lies.					
									</li>
					</ul>
					<ul>
											<li>
						Far far away, behind the word mountains, far las.					
									</li>
											<li>
						Vokalia and Consonantia, there live the blind tex.					
									</li>
											<li>
						Separated they live in Bookmarksgrove right attr.					
									</li>
											<li>
						Of the Semantics, a large language ocean and sa.					
									</li>
											<li>
						Named duden flows by their place and supp lies.					
									</li>
					</ul>
					<ul>
											<li>
						Far far away, behind the word mountains, far las.					
									</li>
											<li>
						Vokalia and Consonantia, there live the blind tex.					
									</li>
											<li>
						Separated they live in Bookmarksgrove right attr.					
									</li>
											<li>
						Of the Semantics, a large language ocean and sa.					
									</li>
											<li>
						Named duden flows by their place and supp lies.					
									</li>
					</ul>]]></content:encoded>
															<wp:post_id>10821</wp:post_id>
					<wp:post_date><![CDATA[2021-11-16 15:49:08]]></wp:post_date>
					<wp:post_date_gmt><![CDATA[2021-11-16 15:49:08]]></wp:post_date_gmt>
					<wp:post_modified><![CDATA[2024-01-09 15:55:35]]></wp:post_modified>
					<wp:post_modified_gmt><![CDATA[2024-01-09 15:55:35]]></wp:post_modified_gmt>
					<wp:comment_status><![CDATA[closed]]></wp:comment_status>
					<wp:post_name><![CDATA[list-element]]></wp:post_name>
					<wp:status><![CDATA[publish]]></wp:status>
					<wp:post_parent>0</wp:post_parent>
					<wp:menu_order>0</wp:menu_order>
					<wp:post_type><![CDATA[page]]></wp:post_type>
																					<wp:postmeta>
							<wp:meta_key><![CDATA[_woodmart_whb_header]]></wp:meta_key>
							<wp:meta_value><![CDATA[none]]></wp:meta_value>
						</wp:postmeta>
												<wp:postmeta>
							<wp:meta_key><![CDATA[_woodmart_title_image]]></wp:meta_key>
							<wp:meta_value><![CDATA[a:2:{s:3:"url";s:0:"";s:2:"id";s:0:"";}]]></wp:meta_value>
						</wp:postmeta>
												<wp:postmeta>
							<wp:meta_key><![CDATA[_woodmart_page-title-size]]></wp:meta_key>
							<wp:meta_value><![CDATA[inherit]]></wp:meta_value>
						</wp:postmeta>
												<wp:postmeta>
							<wp:meta_key><![CDATA[_woodmart_main_layout]]></wp:meta_key>
							<wp:meta_value><![CDATA[full-width]]></wp:meta_value>
						</wp:postmeta>
												<wp:postmeta>
							<wp:meta_key><![CDATA[_elementor_edit_mode]]></wp:meta_key>
							<wp:meta_value><![CDATA[builder]]></wp:meta_value>
						</wp:postmeta>
												<wp:postmeta>
							<wp:meta_key><![CDATA[_elementor_template_type]]></wp:meta_key>
							<wp:meta_value><![CDATA[wp-page]]></wp:meta_value>
						</wp:postmeta>
												<wp:postmeta>
							<wp:meta_key><![CDATA[_elementor_version]]></wp:meta_key>
							<wp:meta_value><![CDATA[3.18.3]]></wp:meta_value>
						</wp:postmeta>
												<wp:postmeta>
							<wp:meta_key><![CDATA[_wp_page_template]]></wp:meta_key>
							<wp:meta_value><![CDATA[default]]></wp:meta_value>
						</wp:postmeta>
												<wp:postmeta>
							<wp:meta_key><![CDATA[_elementor_data]]></wp:meta_key>
							<wp:meta_value><![CDATA[[{"id":"34be31d","elType":"container","settings":{"margin":{"top":"0","left":"0","right":"0","bottom":"80","unit":"px","isLinked":""},"flex_gap":{"size":30,"column":"30","row":"30","unit":"px","isLinked":true},"margin_tablet":{"unit":"px","top":"0","right":"0","bottom":"60","left":"0","isLinked":false},"container_sticky_offset":50,"scroll_y":-80},"elements":[{"id":"2cb171a","elType":"widget","settings":{"subtitle":"XTEMOS ELEMENTS","after_title":"","image_size":"custom","style":"bordered","color":"primary","title":"ORDERED AND UNORDERED LISTS","scroll_y":"-80"},"elements":[],"widgetType":"wd_title"},{"id":"ced558b","elType":"container","settings":{"_column_size":"100","column_sticky_offset":"50","scroll_y":"-80","content_width":"full","flex_direction":"row","flex_direction_mobile":"column","flex_gap":{"column":"30","row":"30","isLinked":true,"unit":"px","size":30},"container_sticky_offset":50},"elements":[{"id":"21cc8fb","elType":"widget","settings":{"list_type":"unordered","list_items":[{"_id":"2216960","list_content":"Far far away, behind the word mountains, far las."},{"_id":"330908","list_content":"Vokalia and Consonantia, there live the blind tex."},{"_id":"715165","list_content":"Separated they live in Bookmarksgrove right attr."},{"_id":"9465272","list_content":"Of the Semantics, a large language ocean and sa."},{"_id":"93121","list_content":"Named duden flows by their place and supp lies."}],"icons_color":"#2b9cbf","scroll_y":"-80","_element_width":"initial","_element_custom_width":{"unit":"%","size":33.3,"sizes":[]},"_element_custom_width_mobile":{"unit":"%","size":100,"sizes":[]}},"elements":[],"widgetType":"wd_list"},{"id":"34d4057","elType":"widget","settings":{"list_type":"ordered","list_items":[{"_id":"9495180","list_content":"Far far away, behind the word mountains, far las."},{"_id":"5153548","list_content":"Vokalia and Consonantia, there live the blind tex."},{"_id":"1577140","list_content":"Separated they live in Bookmarksgrove right attr."},{"_id":"8606772","list_content":"Of the Semantics, a large language ocean and sa."},{"_id":"7009549","list_content":"Named duden flows by their place and supp lies."}],"scroll_y":"-80","_element_width":"initial","_element_custom_width":{"unit":"%","size":33.3,"sizes":[]},"_element_custom_width_mobile":{"unit":"%","size":100,"sizes":[]}},"elements":[],"widgetType":"wd_list"},{"id":"efa9034","elType":"widget","settings":{"list_type":"ordered","list_items":[{"_id":"5302829","list_content":"Far far away, behind the word mountains, far las."},{"_id":"8548784","list_content":"Vokalia and Consonantia, there live the blind tex."},{"_id":"5279831","list_content":"Separated they live in Bookmarksgrove right attr."},{"_id":"6282251","list_content":"Of the Semantics, a large language ocean and sa."},{"_id":"487227","list_content":"Named duden flows by their place and supp lies."}],"icons_color":"#d18b30","scroll_y":"-80","_element_width":"initial","_element_custom_width":{"unit":"%","size":33.3,"sizes":[]},"_element_custom_width_mobile":{"unit":"%","size":100,"sizes":[]}},"elements":[],"widgetType":"wd_list"}],"isInner":true}],"isInner":false},{"id":"84f40fd","elType":"container","settings":{"margin":{"top":"0","left":"0","right":"0","bottom":"80","unit":"px","isLinked":""},"flex_gap":{"size":30,"column":"30","row":"30","unit":"px","isLinked":true},"margin_tablet":{"unit":"px","top":"0","right":"0","bottom":"60","left":"0","isLinked":false},"container_sticky_offset":50,"scroll_y":-80},"elements":[{"id":"53f51a7","elType":"widget","settings":{"subtitle":"XTEMOS ELEMENTS","after_title":"","image_size":"custom","style":"bordered","color":"primary","title":"LIST WITH CUSTOM ICON","scroll_y":"-80"},"elements":[],"widgetType":"wd_title"},{"id":"fdf7441","elType":"container","settings":{"_column_size":"100","column_sticky_offset":"50","scroll_y":"-80","content_width":"full","flex_direction":"row","flex_direction_mobile":"column","flex_gap":{"column":"30","row":"30","isLinked":true,"unit":"px","size":30},"container_sticky_offset":50},"elements":[{"id":"11da6a4","elType":"widget","settings":{"icon":{"value":"fa fa-check","library":"fa-solid"},"list_items":[{"_id":"8346457","list_content":"Far far away, behind the word mountains, far las."},{"_id":"9806099","list_content":"Vokalia and Consonantia, there live the blind tex."},{"_id":"2807270","list_content":"Separated they live in Bookmarksgrove right attr."},{"_id":"8210533","list_content":"Of the Semantics, a large language ocean and sa."},{"_id":"7911644","list_content":"Named duden flows by their place and supp lies."}],"scroll_y":"-80","list_type":"image","image":{"url":"http:\/\/dummy.xtemos.com\/woodmart2\/elementor\/wp-content\/uploads\/sites\/2\/2024\/01\/w-list-checked.svg","id":26022,"size":"","alt":"","source":"library"},"image_size":"custom","image_custom_dimension":{"width":"16","height":"16"},"_element_width":"initial","_element_custom_width":{"unit":"%","size":33.3,"sizes":[]},"_element_custom_width_mobile":{"unit":"%","size":100,"sizes":[]}},"elements":[],"widgetType":"wd_list"},{"id":"05cf651","elType":"widget","settings":{"icon":{"value":"fa fa-plus","library":"fa-solid"},"list_items":[{"_id":"1880676","list_content":"Far far away, behind the word mountains, far las."},{"_id":"746859","list_content":"Vokalia and Consonantia, there live the blind tex."},{"_id":"7181725","list_content":"Separated they live in Bookmarksgrove right attr."},{"_id":"8520028","list_content":"Of the Semantics, a large language ocean and sa."},{"_id":"1772644","list_content":"Named duden flows by their place and supp lies."}],"scroll_y":"-80","list_type":"image","image":{"url":"http:\/\/dummy.xtemos.com\/woodmart2\/elementor\/wp-content\/uploads\/sites\/2\/2024\/01\/arrow-right.svg","id":26026,"size":"","alt":"","source":"library"},"image_size":"custom","image_custom_dimension":{"width":"18","height":"19"},"_element_width":"initial","_element_custom_width":{"unit":"%","size":33.3,"sizes":[]},"_element_custom_width_mobile":{"unit":"%","size":100,"sizes":[]}},"elements":[],"widgetType":"wd_list"},{"id":"1f1b66f","elType":"widget","settings":{"icon":{"value":"fa fa-life-ring","library":"fa-solid"},"list_items":[{"_id":"8305172","list_content":"Far far away, behind the word mountains, far las."},{"_id":"4190264","list_content":"Vokalia and Consonantia, there live the blind tex."},{"_id":"9568265","list_content":"Separated they live in Bookmarksgrove right attr."},{"_id":"5850607","list_content":"Of the Semantics, a large language ocean and sa."},{"_id":"4815425","list_content":"Named duden flows by their place and supp lies."}],"scroll_y":"-80","list_type":"image","image":{"url":"http:\/\/dummy.xtemos.com\/woodmart2\/elementor\/wp-content\/uploads\/sites\/2\/2024\/01\/wd-mini-logo-panel.svg","id":26030,"size":"","alt":"","source":"library"},"image_size":"custom","image_custom_dimension":{"width":"16","height":"16"},"_element_width":"initial","_element_custom_width":{"unit":"%","size":33.3,"sizes":[]},"_element_custom_width_mobile":{"unit":"%","size":100,"sizes":[]}},"elements":[],"widgetType":"wd_list"}],"isInner":true}],"isInner":false},{"id":"2f5af6b","elType":"container","settings":{"margin":{"top":"0","left":"0","right":"0","bottom":"80","unit":"px","isLinked":""},"flex_gap":{"size":30,"column":"30","row":"30","unit":"px","isLinked":true},"margin_tablet":{"unit":"px","top":"0","right":"0","bottom":"60","left":"0","isLinked":false},"container_sticky_offset":50,"scroll_y":-80},"elements":[{"id":"332041f","elType":"widget","settings":{"subtitle":"XTEMOS ELEMENTS","after_title":"","image_size":"custom","style":"bordered","color":"primary","title":"LIST WITH CUSTOM COLORED ICON","scroll_y":"-80"},"elements":[],"widgetType":"wd_title"},{"id":"8170c19","elType":"container","settings":{"_column_size":"100","column_sticky_offset":"50","scroll_y":"-80","content_width":"full","flex_direction":"row","flex_direction_mobile":"column","flex_gap":{"column":"30","row":"30","isLinked":true,"unit":"px","size":30},"container_sticky_offset":50},"elements":[{"id":"5027c11","elType":"widget","settings":{"icon":{"value":"fa fa-plus-circle","library":"fa-solid"},"list_items":[{"_id":"4322254","list_content":"Far far away, behind the word mountains, far las."},{"_id":"2386206","list_content":"Vokalia and Consonantia, there live the blind tex."},{"_id":"9795322","list_content":"Separated they live in Bookmarksgrove right attr."},{"_id":"8236045","list_content":"Of the Semantics, a large language ocean and sa."},{"_id":"8917161","list_content":"Named duden flows by their place and supp lies."}],"icons_color":"#468c2b","scroll_y":"-80","_element_width":"initial","_element_custom_width":{"unit":"%","size":33.3,"sizes":[]},"_element_custom_width_mobile":{"unit":"%","size":100,"sizes":[]}},"elements":[],"widgetType":"wd_list"},{"id":"379ab20","elType":"widget","settings":{"icon":{"value":"fa fa-check-square","library":"fa-solid"},"list_items":[{"_id":"3796041","list_content":"Far far away, behind the word mountains, far las."},{"_id":"4486317","list_content":"Vokalia and Consonantia, there live the blind tex."},{"_id":"1358702","list_content":"Separated they live in Bookmarksgrove right attr."},{"_id":"7374637","list_content":"Of the Semantics, a large language ocean and sa."},{"_id":"6832978","list_content":"Named duden flows by their place and supp lies."}],"icons_color":"#c6472d","scroll_y":"-80","_element_width":"initial","_element_custom_width":{"unit":"%","size":33.3,"sizes":[]},"_element_custom_width_mobile":{"unit":"%","size":100,"sizes":[]}},"elements":[],"widgetType":"wd_list"},{"id":"b06beb5","elType":"widget","settings":{"icon":{"value":"fa fa-chevron-circle-right","library":"fa-solid"},"list_items":[{"_id":"758510","list_content":"Far far away, behind the word mountains, far las."},{"_id":"5116358","list_content":"Vokalia and Consonantia, there live the blind tex."},{"_id":"3351960","list_content":"Separated they live in Bookmarksgrove right attr."},{"_id":"5994717","list_content":"Of the Semantics, a large language ocean and sa."},{"_id":"4753008","list_content":"Named duden flows by their place and supp lies."}],"icons_color":"#1d71ba","scroll_y":"-80","_element_width":"initial","_element_custom_width":{"unit":"%","size":33.3,"sizes":[]},"_element_custom_width_mobile":{"unit":"%","size":100,"sizes":[]}},"elements":[],"widgetType":"wd_list"}],"isInner":true}],"isInner":false},{"id":"0128fd8","elType":"container","settings":{"margin":{"top":"0","left":"0","right":"0","bottom":"80","unit":"px","isLinked":""},"flex_gap":{"size":30,"column":"30","row":"30","unit":"px","isLinked":true},"margin_tablet":{"unit":"px","top":"0","right":"0","bottom":"60","left":"0","isLinked":false},"container_sticky_offset":50,"scroll_y":-80},"elements":[{"id":"e8a0445","elType":"widget","settings":{"subtitle":"XTEMOS ELEMENTS","after_title":"","image_size":"custom","style":"bordered","color":"primary","title":"LIST ELEMENTS ALIGNMENT","scroll_y":"-80"},"elements":[],"widgetType":"wd_title"},{"id":"d8256f9","elType":"container","settings":{"_column_size":"100","column_sticky_offset":"50","scroll_y":"-80","content_width":"full","flex_direction":"row","flex_direction_mobile":"column","flex_gap":{"column":"30","row":"30","isLinked":true,"unit":"px","size":30},"container_sticky_offset":50},"elements":[{"id":"980e817","elType":"widget","settings":{"icon":{"value":"fa fa-plus-circle","library":"fa-solid"},"list_items":[{"_id":"4322254","list_content":"Far far away, behind the word mountains."},{"_id":"2386206","list_content":"Vokalia and Consonantia, there live the blind tex."},{"_id":"9795322","list_content":"Separated they live in Bookmarksgrove right attr."},{"_id":"8236045","list_content":"Of the Semantics, a large language ocean."},{"_id":"8917161","list_content":"Named duden flows by their place."}],"icons_color":"","scroll_y":"-80","list_type":"without","_element_width":"initial","_element_custom_width":{"unit":"%","size":33.3,"sizes":[]},"_element_custom_width_mobile":{"unit":"%","size":100,"sizes":[]}},"elements":[],"widgetType":"wd_list"},{"id":"28dfe86","elType":"widget","settings":{"icon":{"value":"fa fa-plus-circle","library":"fa-solid"},"list_items":[{"_id":"4322254","list_content":"Far far away, behind the word mountains."},{"_id":"2386206","list_content":"Vokalia and Consonantia, there live the blind tex."},{"_id":"9795322","list_content":"Separated they live in Bookmarksgrove right attr."},{"_id":"8236045","list_content":"Of the Semantics, a large language ocean."},{"_id":"8917161","list_content":"Named duden flows by their place."}],"icons_color":"","scroll_y":"-80","list_type":"without","align":"center","_element_width":"initial","_element_custom_width":{"unit":"%","size":33.3,"sizes":[]},"_element_custom_width_mobile":{"unit":"%","size":100,"sizes":[]}},"elements":[],"widgetType":"wd_list"},{"id":"96949cc","elType":"widget","settings":{"icon":{"value":"fa fa-plus-circle","library":"fa-solid"},"list_items":[{"_id":"4322254","list_content":"Far far away, behind the word mountains."},{"_id":"2386206","list_content":"Vokalia and Consonantia, there live the blind tex."},{"_id":"9795322","list_content":"Separated they live in Bookmarksgrove right attr."},{"_id":"8236045","list_content":"Of the Semantics, a large language ocean."},{"_id":"8917161","list_content":"Named duden flows by their place."}],"icons_color":"","scroll_y":"-80","list_type":"without","align":"right","_element_width":"initial","_element_custom_width":{"unit":"%","size":33.3,"sizes":[]},"_element_custom_width_mobile":{"unit":"%","size":100,"sizes":[]}},"elements":[],"widgetType":"wd_list"}],"isInner":true}],"isInner":false},{"id":"fcfd227","elType":"container","settings":{"margin":{"top":"0","left":"0","right":"0","bottom":"80","unit":"px","isLinked":""},"flex_gap":{"size":30,"column":"30","row":"30","unit":"px","isLinked":true},"margin_tablet":{"unit":"px","top":"0","right":"0","bottom":"60","left":"0","isLinked":false},"container_sticky_offset":50,"scroll_y":-80},"elements":[{"id":"e85e8cc","elType":"widget","settings":{"subtitle":"XTEMOS ELEMENTS","after_title":"","image_size":"custom","style":"bordered","color":"primary","title":"LIST WITH ROUND BACKGROUND","scroll_y":"-80"},"elements":[],"widgetType":"wd_title"},{"id":"7930673","elType":"container","settings":{"_column_size":"100","column_sticky_offset":"50","scroll_y":"-80","content_width":"full","flex_direction":"row","flex_direction_mobile":"column","flex_gap":{"column":"30","row":"30","isLinked":true,"unit":"px","size":30},"container_sticky_offset":50},"elements":[{"id":"8301bb6","elType":"widget","settings":{"list_style":"rounded","icon_library":"linecons","list_items":[{"_id":"5581809","list_content":"Far far away, behind the word mountains, farl."},{"_id":"7821608","list_content":"Vokalia and Consonantia, there live the blindte."},{"_id":"7946460","list_content":"Separated they live in Bookmarksgrove right at."},{"_id":"6282897","list_content":"Of the Semantics, a large language ocean ands."},{"_id":"244989","list_content":"Named duden flows by their place and supplie."}],"icons_color":"#ffffff","icons_bg_color":"#f2884b","icon_linecons":"vc_li vc_li-bulb","scroll_y":"-80","icon":{"value":"far fa-lightbulb","library":"fa-regular"},"_element_width":"initial","_element_custom_width":{"unit":"%","size":33.3,"sizes":[]},"_element_custom_width_mobile":{"unit":"%","size":100,"sizes":[]}},"elements":[],"widgetType":"wd_list"},{"id":"22454af","elType":"widget","settings":{"list_type":"unordered","list_style":"rounded","list_items":[{"_id":"1952330","list_content":"Far far away, behind the word mountains, farl."},{"_id":"7483835","list_content":"Vokalia and Consonantia, there live the blindte."},{"_id":"277140","list_content":"Separated they live in Bookmarksgrove right at."},{"_id":"1016007","list_content":"Of the Semantics, a large language ocean ands."},{"_id":"2527311","list_content":"Named duden flows by their place and supplie."}],"icons_color":"#beffdf","icons_bg_color":"#2dc4ba","scroll_y":"-80","_element_width":"initial","_element_custom_width":{"unit":"%","size":33.3,"sizes":[]},"_element_custom_width_mobile":{"unit":"%","size":100,"sizes":[]}},"elements":[],"widgetType":"wd_list"},{"id":"b6d0c5b","elType":"widget","settings":{"list_style":"rounded","icon_library":"linecons","list_items":[{"_id":"9521505","list_content":"Far far away, behind the word mountains, farl."},{"_id":"5374107","list_content":"Vokalia and Consonantia, there live the blindte."},{"_id":"246965","list_content":"Separated they live in Bookmarksgrove right at."},{"_id":"1651216","list_content":"Of the Semantics, a large language ocean ands."},{"_id":"2186819","list_content":"Named duden flows by their place and supplie."}],"icons_color":"#e87035","icons_bg_color":"#000000","icon_linecons":"vc_li vc_li-fire","scroll_y":"-80","icon":{"value":"fas fa-fire","library":"fa-solid"},"_element_width":"initial","_element_custom_width":{"unit":"%","size":33.3,"sizes":[]},"_element_custom_width_mobile":{"unit":"%","size":100,"sizes":[]}},"elements":[],"widgetType":"wd_list"}],"isInner":true}],"isInner":false},{"id":"48e3a90","elType":"container","settings":{"margin":{"top":"0","left":"0","right":"0","bottom":"80","unit":"px","isLinked":""},"flex_gap":{"size":30,"column":"30","row":"30","unit":"px","isLinked":true},"margin_tablet":{"unit":"px","top":"0","right":"0","bottom":"60","left":"0","isLinked":false},"container_sticky_offset":50,"scroll_y":-80},"elements":[{"id":"122121b","elType":"widget","settings":{"subtitle":"XTEMOS ELEMENTS","after_title":"","image_size":"custom","style":"bordered","color":"primary","title":"LIST WITH SQUARE BACKGROUND","scroll_y":"-80"},"elements":[],"widgetType":"wd_title"},{"id":"ac371d0","elType":"container","settings":{"_column_size":"100","column_sticky_offset":"50","scroll_y":"-80","content_width":"full","flex_direction":"row","flex_direction_mobile":"column","flex_gap":{"column":"30","row":"30","isLinked":true,"unit":"px","size":30},"container_sticky_offset":50},"elements":[{"id":"6b675e5","elType":"widget","settings":{"list_style":"square","icon_library":"monosocial","list_items":[{"_id":"6065094","list_content":"Far far away, behind the word mountains, farl."},{"_id":"7169455","list_content":"Vokalia and Consonantia, there live the blindte."},{"_id":"6825579","list_content":"Separated they live in Bookmarksgrove right at."},{"_id":"5048331","list_content":"Of the Semantics, a large language ocean ands."},{"_id":"8277018","list_content":"Named duden flows by their place and supplie."}],"icons_color":"#ffffff","icons_bg_color":"#dd3333","icon_monosocial":"vc-mono vc-mono-youtube","scroll_y":"-80","icon":{"value":"fab fa-youtube","library":"fa-brands"},"_element_width":"initial","_element_custom_width":{"unit":"%","size":33.3,"sizes":[]},"_element_custom_width_mobile":{"unit":"%","size":100,"sizes":[]}},"elements":[],"widgetType":"wd_list"},{"id":"9a31b44","elType":"widget","settings":{"list_style":"square","icon_library":"entypo","list_items":[{"_id":"3230986","list_content":"Far far away, behind the word mountains, farl."},{"_id":"4769542","list_content":"Vokalia and Consonantia, there live the blindte."},{"_id":"7628765","list_content":"Separated they live in Bookmarksgrove right at."},{"_id":"1323005","list_content":"Of the Semantics, a large language ocean ands."},{"_id":"3546699","list_content":"Named duden flows by their place and supplie."}],"icons_color":"#3346dd","icons_bg_color":"#d1d1d1","icon_entypo":"entypo-icon entypo-icon-rocket","scroll_y":"-80","icon":{"value":"fas fa-rocket","library":"fa-solid"},"_element_width":"initial","_element_custom_width":{"unit":"%","size":33.3,"sizes":[]},"_element_custom_width_mobile":{"unit":"%","size":100,"sizes":[]}},"elements":[],"widgetType":"wd_list"},{"id":"9d7f38e","elType":"widget","settings":{"list_type":"ordered","list_style":"square","list_items":[{"_id":"9304081","list_content":"Far far away, behind the word mountains, farl."},{"_id":"1748461","list_content":"Vokalia and Consonantia, there live the blindte."},{"_id":"7621098","list_content":"Separated they live in Bookmarksgrove right at."},{"_id":"1181847","list_content":"Of the Semantics, a large language ocean ands."},{"_id":"8650085","list_content":"Named duden flows by their place and supplie."}],"icons_color":"#ffffff","icons_bg_color":"#05a822","scroll_y":"-80","_element_width":"initial","_element_custom_width":{"unit":"%","size":33.3,"sizes":[]},"_element_custom_width_mobile":{"unit":"%","size":100,"sizes":[]}},"elements":[],"widgetType":"wd_list"}],"isInner":true}],"isInner":false},{"id":"0f08d69","elType":"container","settings":{"margin":{"top":"0","left":"0","right":"0","bottom":"80","unit":"px","isLinked":""},"flex_gap":{"size":30,"column":"30","row":"30","unit":"px","isLinked":true},"margin_tablet":{"unit":"px","top":"0","right":"0","bottom":"60","left":"0","isLinked":false},"container_sticky_offset":50,"scroll_y":-80},"elements":[{"id":"5035ca5","elType":"widget","settings":{"subtitle":"XTEMOS ELEMENTS","after_title":"","image_size":"custom","style":"bordered","color":"primary","title":"LISTS SIZES","scroll_y":"-80"},"elements":[],"widgetType":"wd_title"},{"id":"5380e29","elType":"container","settings":{"_column_size":"100","column_sticky_offset":"50","scroll_y":"-80","content_width":"full","flex_direction":"row","flex_direction_tablet":"column","flex_direction_mobile":"column","flex_align_items":"center","flex_align_items_tablet":"center","flex_gap":{"column":"30","row":"30","isLinked":true,"unit":"px","size":30},"container_sticky_offset":50},"elements":[{"id":"a3eb012","elType":"container","settings":{"content_width":"full","width":{"unit":"%","size":50,"sizes":[]},"width_tablet":{"unit":"%","size":100,"sizes":[]},"width_mobile":{"unit":"%","size":"","sizes":[]},"flex_direction":"row","flex_direction_mobile":"column","flex_align_items":"center","flex_align_items_tablet":"flex-start","flex_gap":{"column":"30","row":"30","isLinked":true,"unit":"px","size":30},"container_sticky_offset":50,"scroll_y":-80},"elements":[{"id":"1082520","elType":"container","settings":{"content_width":"full","width":{"unit":"%","size":50,"sizes":[]},"width_mobile":{"unit":"%","size":100,"sizes":[]},"container_sticky_offset":50,"scroll_y":-80},"elements":[{"id":"9b7d269","elType":"widget","settings":{"subtitle":"","after_title":"","image_size":"custom","color":"primary","title":"DEFAULT","scroll_y":"-80","align":"left"},"elements":[],"widgetType":"wd_title"},{"id":"8f33339","elType":"widget","settings":{"icon_library":"linecons","list_items":[{"_id":"75841","list_content":"Far far away, behind the word mountains"},{"_id":"7518648","list_content":"\nVokalia and Consonantia, there live"},{"_id":"1721272","list_content":"Separated they live in Bookmarksgrove"},{"_id":"4252772","list_content":"Of the Semantics, a large language ocean"},{"_id":"8343933","list_content":"Named duden flows by their place"}],"icon_linecons":"vc_li vc_li-location","icons_color":"#ed3636","scroll_y":"-80","icon":{"value":"fas fa-map-marker-alt","library":"fa-solid"}},"elements":[],"widgetType":"wd_list"}],"isInner":true},{"id":"686ddc4","elType":"container","settings":{"content_width":"full","width":{"unit":"%","size":50,"sizes":[]},"width_mobile":{"unit":"%","size":100,"sizes":[]},"container_sticky_offset":50,"scroll_y":-80},"elements":[{"id":"c7bf655","elType":"widget","settings":{"subtitle":"","after_title":"","image_size":"custom","color":"primary","title":"MEDIUM","scroll_y":"-80","align":"left"},"elements":[],"widgetType":"wd_title"},{"id":"43b4543","elType":"widget","settings":{"size":"medium","icon_library":"linecons","list_items":[{"_id":"4892611","list_content":"Far far away, behind the word"},{"_id":"2794873","list_content":"Vokalia and Consonantia live"},{"_id":"4742222","list_content":"Separated they live in right at."},{"_id":"1861342","list_content":"Of the Semantics, a large language"},{"_id":"2669762","list_content":"Named duden flows by their place"}],"icon_linecons":"vc_li vc_li-location","icons_color":"#ed3636","scroll_y":"-80","icon":{"value":"fas fa-map-marker-alt","library":"fa-solid"}},"elements":[],"widgetType":"wd_list"}],"isInner":true}],"isInner":true},{"id":"c0732eb","elType":"container","settings":{"content_width":"full","width":{"unit":"%","size":50,"sizes":[]},"width_tablet":{"unit":"%","size":100,"sizes":[]},"width_mobile":{"unit":"%","size":"","sizes":[]},"flex_direction":"row","flex_direction_mobile":"column","flex_align_items":"center","flex_align_items_tablet":"flex-start","flex_gap":{"column":"30","row":"30","isLinked":true,"unit":"px","size":30},"container_sticky_offset":50,"scroll_y":-80},"elements":[{"id":"92f4cec","elType":"container","settings":{"content_width":"full","width":{"unit":"%","size":50,"sizes":[]},"width_mobile":{"unit":"%","size":100,"sizes":[]},"container_sticky_offset":50,"scroll_y":-80},"elements":[{"id":"86d0a15","elType":"widget","settings":{"subtitle":"","after_title":"","image_size":"custom","color":"primary","title":"LARGE","scroll_y":"-80","align":"left"},"elements":[],"widgetType":"wd_title"},{"id":"86289e8","elType":"widget","settings":{"size":"large","icon_library":"linecons","list_items":[{"_id":"3156564","list_content":"Far far away, behind the word"},{"_id":"6586739","list_content":"Vokalia and Consonantia"},{"_id":"8156449","list_content":"Separated they live in right"},{"_id":"2436518","list_content":"Of the Semantics, a large ocean"},{"_id":"7103947","list_content":"Named duden flows by their"}],"icon_linecons":"vc_li vc_li-location","icons_color":"#ed3636","scroll_y":"-80","icon":{"value":"fas fa-map-marker-alt","library":"fa-solid"}},"elements":[],"widgetType":"wd_list"}],"isInner":true},{"id":"2c03434","elType":"container","settings":{"content_width":"full","width":{"unit":"%","size":50,"sizes":[]},"width_mobile":{"unit":"%","size":100,"sizes":[]},"container_sticky_offset":50,"scroll_y":-80},"elements":[{"id":"740b5e2","elType":"widget","settings":{"subtitle":"","after_title":"","image_size":"custom","color":"primary","title":"EXTRE LARGE","scroll_y":"-80","align":"left"},"elements":[],"widgetType":"wd_title"},{"id":"e69571e","elType":"widget","settings":{"size":"extra-large","icon_library":"linecons","list_items":[{"_id":"8451338","list_content":"Far far away, behind"},{"_id":"7090967","list_content":"From the countries"},{"_id":"3530365","list_content":"There live the blind texts"},{"_id":"8706023","list_content":"Live in Bookmarksgrove"},{"_id":"2015997","list_content":"Of the Semantics, a large"}],"icon_linecons":"vc_li vc_li-location","icons_color":"#ed3636","scroll_y":"-80","icon":{"value":"fas fa-map-marker-alt","library":"fa-solid"}},"elements":[],"widgetType":"wd_list"}],"isInner":true}],"isInner":true}],"isInner":true}],"isInner":false},{"id":"c47ca2a","elType":"container","settings":{"wd_section_stretch":"stretch","woodmart_gradient_switch":"yes","margin":{"top":"0","left":"0","right":"0","bottom":"-40","unit":"px","isLinked":""},"padding":{"top":"80","left":"15","right":"15","bottom":"80","unit":"px","isLinked":""},"background_background":"classic","woodmart_color_gradient":"rgba(0, 0, 0, 0.494118)-0\/rgba(0, 0, 0, 0.498039)-100\/|linear-gradient(left , rgba(0, 0, 0, 0.494118) , rgba(0, 0, 0, 0.498039) 100%)|linear|left","background_size":"cover","background_overlay_background":"gradient","background_overlay_color":"rgba(0, 0, 0, 0.49411764705882355)","background_overlay_color_b":"rgba(0, 0, 0, 0.4980392156862745)","background_overlay_gradient_angle":{"unit":"deg","size":"90","sizes":[]},"background_overlay_opacity":{"unit":"px","size":"1","sizes":[]},"background_image":{"url":"http:\/\/dummy.xtemos.com\/woodmart2\/elementor\/wp-content\/uploads\/sites\/2\/2021\/11\/testimonials-elements-bg.jpg","id":10532,"alt":"","source":"library"},"background_position":"center center","flex_gap":{"size":30,"column":"30","row":"30","unit":"px","isLinked":true},"wd_color_scheme":"light","container_sticky_offset":50,"scroll_y":-80},"elements":[{"id":"baadf39","elType":"widget","settings":{"subtitle":"XTEMOS ELEMENTS","after_title":"","image_size":"custom","style":"bordered","color":"primary","title":"LISTS COLOR SCHEME LIGHT","scroll_y":"-80"},"elements":[],"widgetType":"wd_title"},{"id":"b2e47f5","elType":"container","settings":{"_column_size":"100","wd_color_scheme":"light","column_sticky_offset":"50","scroll_y":"-80","content_width":"full","flex_direction":"row","flex_direction_mobile":"column","flex_gap":{"column":"30","row":"30","isLinked":true,"unit":"px","size":30},"container_sticky_offset":50},"elements":[{"id":"f57a1c3","elType":"widget","settings":{"color_scheme":"light","list_type":"unordered","list_items":[{"_id":"6843002","list_content":"Far far away, behind the word mountains, far las."},{"_id":"8415722","list_content":"Vokalia and Consonantia, there live the blind tex."},{"_id":"2031600","list_content":"Separated they live in Bookmarksgrove right attr."},{"_id":"9448697","list_content":"Of the Semantics, a large language ocean and sa."},{"_id":"2129658","list_content":"Named duden flows by their place and supp lies."}],"icons_color":"#ffffff","scroll_y":"-80","_element_width":"initial","_element_custom_width":{"unit":"%","size":33.3,"sizes":[]},"_element_custom_width_mobile":{"unit":"%","size":100,"sizes":[]}},"elements":[],"widgetType":"wd_list"},{"id":"4acb0b9","elType":"widget","settings":{"color_scheme":"light","list_type":"ordered","list_items":[{"_id":"3962975","list_content":"Far far away, behind the word mountains, far las."},{"_id":"3540897","list_content":"Vokalia and Consonantia, there live the blind tex."},{"_id":"8685463","list_content":"Separated they live in Bookmarksgrove right attr."},{"_id":"2027573","list_content":"Of the Semantics, a large language ocean and sa."},{"_id":"9243128","list_content":"Named duden flows by their place and supp lies."}],"icons_color":"#ffffff","scroll_y":"-80","_element_width":"initial","_element_custom_width":{"unit":"%","size":33.3,"sizes":[]},"_element_custom_width_mobile":{"unit":"%","size":100,"sizes":[]}},"elements":[],"widgetType":"wd_list"},{"id":"7ff5a3a","elType":"widget","settings":{"color_scheme":"light","list_type":"ordered","list_items":[{"_id":"1613285","list_content":"Far far away, behind the word mountains, far las."},{"_id":"9494056","list_content":"Vokalia and Consonantia, there live the blind tex."},{"_id":"1688912","list_content":"Separated they live in Bookmarksgrove right attr."},{"_id":"1966429","list_content":"Of the Semantics, a large language ocean and sa."},{"_id":"2032841","list_content":"Named duden flows by their place and supp lies."}],"icons_color":"rgba(255,255,255,0.5)","scroll_y":"-80","_element_width":"initial","_element_custom_width":{"unit":"%","size":33.3,"sizes":[]},"_element_custom_width_mobile":{"unit":"%","size":100,"sizes":[]}},"elements":[],"widgetType":"wd_list"}],"isInner":true}],"isInner":false}]]]></wp:meta_value>
						</wp:postmeta>
												<wp:postmeta>
							<wp:meta_key><![CDATA[_elementor_page_assets]]></wp:meta_key>
							<wp:meta_value><![CDATA[a:0:{}]]></wp:meta_value>
						</wp:postmeta>
												<wp:postmeta>
							<wp:meta_key><![CDATA[_elementor_controls_usage]]></wp:meta_key>
							<wp:meta_value><![CDATA[a:4:{s:8:"wd_title";a:3:{s:5:"count";i:12;s:15:"control_percent";i:3;s:8:"controls";a:3:{s:7:"content";a:1:{s:23:"general_content_section";a:3:{s:8:"subtitle";i:12;s:11:"after_title";i:12;s:5:"title";i:12;}}s:5:"style";a:2:{s:19:"title_style_section";a:1:{s:10:"image_size";i:12;}s:21:"general_style_section";a:3:{s:5:"style";i:8;s:5:"color";i:12;s:5:"align";i:4;}}s:8:"advanced";a:1:{s:8:"wd_extra";a:1:{s:8:"scroll_y";i:12;}}}}s:7:"wd_list";a:3:{s:5:"count";i:25;s:15:"control_percent";i:3;s:8:"controls";a:3:{s:7:"content";a:2:{s:20:"icon_content_section";a:2:{s:9:"list_type";i:11;s:4:"icon";i:17;}s:23:"general_content_section";a:1:{s:10:"list_items";i:25;}}s:5:"style";a:2:{s:18:"icon_style_section";a:3:{s:11:"icons_color";i:21;s:10:"list_style";i:6;s:14:"icons_bg_color";i:6;}s:21:"general_style_section";a:3:{s:5:"align";i:2;s:4:"size";i:3;s:12:"color_scheme";i:3;}}s:8:"advanced";a:1:{s:8:"wd_extra";a:1:{s:8:"scroll_y";i:25;}}}}s:6:"column";a:3:{s:5:"count";i:33;s:15:"control_percent";i:1;s:8:"controls";a:3:{s:8:"advanced";a:1:{s:8:"wd_extra";a:2:{s:20:"column_sticky_offset";i:33;s:8:"scroll_y";i:33;}}s:6:"layout";a:1:{s:6:"layout";a:1:{s:12:"_inline_size";i:4;}}s:5:"style";a:1:{s:14:"wd_extra_style";a:1:{s:15:"wd_color_scheme";i:1;}}}}s:7:"section";a:3:{s:5:"count";i:16;s:15:"control_percent";i:5;s:8:"controls";a:3:{s:6:"layout";a:3:{s:14:"section_layout";a:2:{s:3:"gap";i:8;s:16:"content_position";i:1;}s:17:"section_structure";a:1:{s:9:"structure";i:8;}s:15:"wd_extra_layout";a:1:{s:18:"wd_section_stretch";i:1;}}s:8:"advanced";a:1:{s:16:"section_advanced";a:2:{s:6:"margin";i:8;s:7:"padding";i:1;}}s:5:"style";a:2:{s:18:"section_background";a:4:{s:21:"background_background";i:1;s:15:"background_size";i:1;s:16:"background_image";i:1;s:19:"background_position";i:1;}s:26:"section_background_overlay";a:5:{s:29:"background_overlay_background";i:1;s:24:"background_overlay_color";i:1;s:26:"background_overlay_color_b";i:1;s:33:"background_overlay_gradient_angle";i:1;s:26:"background_overlay_opacity";i:1;}}}}}]]></wp:meta_value>
						</wp:postmeta>
										</item>
								<item>
					<title><![CDATA[w-list-checked]]></title>
					<link>https://dummy.xtemos.com/woodmart2/elementor/list-element/w-list-checked/</link>
					<pubDate>Tue, 09 Jan 2024 15:37:44 +0000</pubDate>
					<dc:creator><![CDATA[zakhar]]></dc:creator>
					<guid isPermaLink="false">http://dummy.xtemos.com/woodmart2/elementor/wp-content/uploads/sites/2/2024/01/w-list-checked.svg</guid>
															<wp:post_id>26022</wp:post_id>
					<wp:post_date><![CDATA[2024-01-09 15:37:44]]></wp:post_date>
					<wp:post_date_gmt><![CDATA[2024-01-09 15:37:44]]></wp:post_date_gmt>
					<wp:post_modified><![CDATA[2024-01-09 15:37:44]]></wp:post_modified>
					<wp:post_modified_gmt><![CDATA[2024-01-09 15:37:44]]></wp:post_modified_gmt>
					<wp:comment_status><![CDATA[open]]></wp:comment_status>
					<wp:post_name><![CDATA[w-list-checked]]></wp:post_name>
					<wp:status><![CDATA[inherit]]></wp:status>
					<wp:post_parent>10821</wp:post_parent>
					<wp:menu_order>0</wp:menu_order>
					<wp:post_type><![CDATA[attachment]]></wp:post_type>
											<wp:attachment_url><![CDATA[http://dummy.xtemos.com/woodmart2/elementor/wp-content/uploads/sites/2/2024/01/w-list-checked.svg]]></wp:attachment_url>
																					<wp:postmeta>
							<wp:meta_key><![CDATA[_wp_attached_file]]></wp:meta_key>
							<wp:meta_value><![CDATA[2024/01/w-list-checked.svg]]></wp:meta_value>
						</wp:postmeta>
												<wp:postmeta>
							<wp:meta_key><![CDATA[_elementor_inline_svg]]></wp:meta_key>
							<wp:meta_value><![CDATA[<svg xmlns="http://www.w3.org/2000/svg" xmlns:xlink="http://www.w3.org/1999/xlink" viewBox="0 0 26 26" width="512px" height="512px"><path d="m.3,14c-0.2-0.2-0.3-0.5-0.3-0.7s0.1-0.5 0.3-0.7l1.4-1.4c0.4-0.4 1-0.4 1.4,0l.1,.1 5.5,5.9c0.2,0.2 0.5,0.2 0.7,0l13.4-13.9h0.1v-8.88178e-16c0.4-0.4 1-0.4 1.4,0l1.4,1.4c0.4,0.4 0.4,1 0,1.4l0,0-16,16.6c-0.2,0.2-0.4,0.3-0.7,0.3-0.3,0-0.5-0.1-0.7-0.3l-7.8-8.4-.2-.3z" fill="#242424"></path></svg>]]></wp:meta_value>
						</wp:postmeta>
										</item>
								<item>
					<title><![CDATA[arrow-right]]></title>
					<link>https://dummy.xtemos.com/woodmart2/elementor/list-element/arrow-right/</link>
					<pubDate>Tue, 09 Jan 2024 15:38:43 +0000</pubDate>
					<dc:creator><![CDATA[zakhar]]></dc:creator>
					<guid isPermaLink="false">http://dummy.xtemos.com/woodmart2/elementor/wp-content/uploads/sites/2/2024/01/arrow-right.svg</guid>
															<wp:post_id>26026</wp:post_id>
					<wp:post_date><![CDATA[2024-01-09 15:38:43]]></wp:post_date>
					<wp:post_date_gmt><![CDATA[2024-01-09 15:38:43]]></wp:post_date_gmt>
					<wp:post_modified><![CDATA[2024-01-09 15:38:43]]></wp:post_modified>
					<wp:post_modified_gmt><![CDATA[2024-01-09 15:38:43]]></wp:post_modified_gmt>
					<wp:comment_status><![CDATA[open]]></wp:comment_status>
					<wp:post_name><![CDATA[arrow-right]]></wp:post_name>
					<wp:status><![CDATA[inherit]]></wp:status>
					<wp:post_parent>10821</wp:post_parent>
					<wp:menu_order>0</wp:menu_order>
					<wp:post_type><![CDATA[attachment]]></wp:post_type>
											<wp:attachment_url><![CDATA[http://dummy.xtemos.com/woodmart2/elementor/wp-content/uploads/sites/2/2024/01/arrow-right.svg]]></wp:attachment_url>
																					<wp:postmeta>
							<wp:meta_key><![CDATA[_wp_attached_file]]></wp:meta_key>
							<wp:meta_value><![CDATA[2024/01/arrow-right.svg]]></wp:meta_value>
						</wp:postmeta>
												<wp:postmeta>
							<wp:meta_key><![CDATA[_elementor_inline_svg]]></wp:meta_key>
							<wp:meta_value><![CDATA[<svg xmlns="http://www.w3.org/2000/svg" width="18" height="19" viewBox="0 0 18 19" fill="none"><path d="M18 9.96897C18 9.87515 17.9583 9.79175 17.8958 9.7292L13.8958 6.08054C13.7917 5.99714 13.6563 5.97629 13.5313 6.02842C13.4063 6.08054 13.3333 6.19521 13.3333 6.33074V8.66588H0.333333C0.145833 8.66588 0 8.81183 0 8.99947V11.001C0 11.1887 0.145833 11.3346 0.333333 11.3346H13.3333V13.6698C13.3333 13.8053 13.4167 13.92 13.5313 13.9721C13.6563 14.0242 13.7917 14.0034 13.8958 13.9095L17.8958 10.2192C17.9583 10.1566 18 10.0628 18 9.96897Z" fill="#101010"></path></svg>]]></wp:meta_value>
						</wp:postmeta>
										</item>
								<item>
					<title><![CDATA[wd-mini-logo-panel]]></title>
					<link>https://dummy.xtemos.com/woodmart2/elementor/list-element/wd-mini-logo-panel/</link>
					<pubDate>Tue, 09 Jan 2024 15:39:27 +0000</pubDate>
					<dc:creator><![CDATA[zakhar]]></dc:creator>
					<guid isPermaLink="false">http://dummy.xtemos.com/woodmart2/elementor/wp-content/uploads/sites/2/2024/01/wd-mini-logo-panel.svg</guid>
															<wp:post_id>26030</wp:post_id>
					<wp:post_date><![CDATA[2024-01-09 15:39:27]]></wp:post_date>
					<wp:post_date_gmt><![CDATA[2024-01-09 15:39:27]]></wp:post_date_gmt>
					<wp:post_modified><![CDATA[2024-01-09 15:39:27]]></wp:post_modified>
					<wp:post_modified_gmt><![CDATA[2024-01-09 15:39:27]]></wp:post_modified_gmt>
					<wp:comment_status><![CDATA[open]]></wp:comment_status>
					<wp:post_name><![CDATA[wd-mini-logo-panel]]></wp:post_name>
					<wp:status><![CDATA[inherit]]></wp:status>
					<wp:post_parent>10821</wp:post_parent>
					<wp:menu_order>0</wp:menu_order>
					<wp:post_type><![CDATA[attachment]]></wp:post_type>
											<wp:attachment_url><![CDATA[http://dummy.xtemos.com/woodmart2/elementor/wp-content/uploads/sites/2/2024/01/wd-mini-logo-panel.svg]]></wp:attachment_url>
																					<wp:postmeta>
							<wp:meta_key><![CDATA[_wp_attached_file]]></wp:meta_key>
							<wp:meta_value><![CDATA[2024/01/wd-mini-logo-panel.svg]]></wp:meta_value>
						</wp:postmeta>
												<wp:postmeta>
							<wp:meta_key><![CDATA[_elementor_inline_svg]]></wp:meta_key>
							<wp:meta_value><![CDATA[<svg xmlns="http://www.w3.org/2000/svg" width="32" height="32" viewBox="0 0 32 32" fill="none"><path d="M6.81173 23.3015L15.8057 4.757L25.5762 23.3015H25.5601L25.5733 23.3267H16.7763V27.243H16.7734V27.2682H14.897V23.3267H6.80885L6.82107 23.3015H6.81173Z" fill="black"></path><path fill-rule="evenodd" clip-rule="evenodd" d="M16 0C7.18443 0 0 7.14231 0 16C0 24.8577 7.18443 32 16 32C24.8156 32 32 24.8577 32 16C32 7.14231 24.8156 0 16 0ZM2.62386 16C2.62386 8.65633 8.59158 2.66484 16 2.66484C23.4084 2.66484 29.3761 8.65633 29.3761 16C29.3761 23.3437 23.4084 29.3352 16 29.3352C8.59158 29.3352 2.62386 23.3437 2.62386 16Z" fill="black"></path></svg>]]></wp:meta_value>
						</wp:postmeta>
										</item>
				</channel>
</rss>
	